intervencion_id,meeting_id,date,year,participant,role,label,score,prob_h,prob_d,prob_n,relevance_probability,model_agreement,topic,keywords,text_fragment,text_original,editorial_score
RPM-2006-12-14:1013:2,RPM-2006-12-14,2006-12-14,2006,Pablo García Silva,Gerente de División Política Financiera,dovish,-0.6766459166989923,0.10741071269318152,0.7840566293921738,0.10853265791464475,0.9737184144255805,unanime,acuerdo_comunicado,acuerdo_comunicado,"En la actualidad, difícilmente es posible justificar una estrategia distinta a mantener la tasa de política monetaria a la espera de noticias, por lo que cualquier acción, en términos de movimientos, debiese ser sobre la base de los riesgos.","El Gerente de División Política Financiera señor Pablo García, señala que como se ha discutido en otras ocasiones, hay diversos motivos para justificar una decisión de política monetaria en particular. Puede ser para reflejar noticias en la nueva información que justifiquen un cambio de estrategia de política, acciones que consoliden una estrategia previa ya establecida, o movimientos para enfrentar situaciones de riesgo a futuro. La decisión de pausar de forma más prolongada y reflejar ello en el comunicado en y desde el último informe se puede entender como lo primero. En la actualidad, difícilmente es posible justificar una estrategia distinta a mantener la tasa de política monetaria a la espera de noticias, por lo que cualquier acción, en términos de movimientos, debiese ser sobre la base de los riesgos. Señala el señor García que en ese ámbito, estima que los riesgos inherentes a mantener la tasa de política monetaria no son menores que los riesgos de una reducción en cada ocasión. Ello, pues si frente a una reducción ahora es necesario volver a incrementar la tasa de política monetaria, ello sería en un horizonte prolongado de tiempo en el futuro. Por el contrario, manifiesta que en caso de mantenerla, los riesgos de tener que realizar luego acciones más agresivas y en un plazo corto son más aparentes. De esta forma, el riesgo de inestabilidad por movimientos más bruscos en las tasas cree que es superior en el caso de mantener que en el caso de realizar una reducción moderada. Por ello, señala el Gerente de División Política Financiera la decisión de reducir la tasa de política monetaria, en esta ocasión, estima que no es completamente descartable a futuro.",0.787523
RPM-2007-01-11:1048:1,RPM-2007-01-11,2007-01-11,2007,Esteban Jadresic Marinovic,Gerente de División Operaciones Financieras,dovish,-0.7489739157234884,0.08074107028699626,0.8297149860104847,0.08954394370251914,0.9917554893975629,unanime,opciones_tpm,opciones_tpm,"Si éste no actuara ahora significaría aumentar la inestabilidad de la tasa de política monetaria y también los problemas de comunicación para el futuro, este riesgo existe incluso en el escenario central, pero obviamente que se acentúa si la inflación estuviera aún más por debajo.","El Gerente de División Operaciones Financieras, señor Esteban Jadresic, señala que en general comparte el tenor del análisis y recomendación efectuado por la Gerencia de División Estudios. Sin embargo, comenta que los antecedentes acumulados en esta oportunidad, sugieren claramente reducir la tasa de política monetaria. Agrega que la opción de reducir la tasa de política monetaria es más coherente con el escenario central que se proyecta aquí y que también se ha proyectado y discutido en el IPoM. Ese escenario supone que se produce una baja entre 50 y 75 puntos base durante el primer semestre. Agrega que si ese es el supuesto central que se va a presentar muy pronto en el IPoM, la pregunta es, por qué podría no reducirse la tasa de política monetaria en esta ocasión. En la Minuta de Opciones se mencionan algunos argumentos, el principal para mantener la tasa es recabar más información a la luz de que existe un riesgo de reversión en el signo de la política que en caso que la inflación sea mayor a la contemplada. A su juicio este argumento no tiene mucho peso por varias razones, en primer lugar, este es un riesgo que no se puede descartar, pero no hay actualmente datos muy contundentes que sesguen los riesgos en dirección de una inflación mayor a la proyectada, que en la dirección opuesta. Cree que el principal riesgo, sin duda, es lo que pasa con la tasa de desempleo medida por el Instituto Nacional de Estadísticas, más algunos indicadores de tendencia inflacionaria que muestran un incremento en el margen. Menciona el señor Jadresic que sin embargo, la tasa de desempleo medida por el Instituto Nacional de Estadísticas se afecta por el cambio muestral reciente que se ha hecho en dicha encuesta. Asimismo, menciona que la tasa que obtiene la Universidad de Chile a nivel del Gran Santiago, aunque tienen otras investigaciones, no tiene cambio muestral y ésta arroja un nivel de tasa de desempleo bastante superior. El Gerente de División Operaciones Financieras, indica que más importante aún es que las cifras de remuneraciones no muestran presiones inflacionarias y al respecto cree que es importante constatar que la velocidad de expansión del costo de la mano de obra sigue cayendo y ha alcanzado niveles de 4,5%, claramente por debajo de lo coherente con la inflación meta. Agrega el Gerente de Operaciones Financieras que es un riesgo tener una inflación incluso menor a la proyectada, debido a que cuando uno hace este balance de riesgo no es obvio que el primero sea mayor que el segundo. Indica el Gerente de División Operaciones Financieras que en segundo lugar, cuando se miran estos riesgos, es cierto que una inflación mayor a la contemplada y en la medida que eso lleve a una reversión de política en el futuro, puede implicar algún costo comunicacional y de mayor inestabilidad en la tasa de política monetaria. Manifiesta que sin embargo, contra esto también hay que considerar el riesgo de desanclaje de expectativas en el caso que se dé una inflación inferior o incluso similar a la que está proyectada en este escenario central del IPoM. Agrega que el Banco ya tuvo que enfrentar una situación similar hace aproximadamente tres años y en esa oportunidad superó la prueba actuando rápidamente y haciendo una baja considerable. Menciona el señor Jadresic que hoy día el Banco Central tiene la ventaja de saber con mayor anticipación que la inflación puede caer a niveles incómodos. Si éste no actuara ahora significaría aumentar la inestabilidad de la tasa de política monetaria y también los problemas de comunicación para el futuro, este riesgo existe incluso en el escenario central, pero obviamente que se acentúa si la inflación estuviera aún más por debajo.",0.860781
RPM-2007-03-15:1159:1,RPM-2007-03-15,2007-03-15,2007,Esteban Jadresic Marinovic,Gerente de División Operaciones Financieras,dovish,-0.7288538962680737,0.10198458538709354,0.8308384816551673,0.06717693295773905,0.9963847700304536,unanime,otros,otros,"En segundo lugar, menciona el efecto del plan para fortalecer la inversión en el crecimiento, porque puede contribuir a acelerar la inversión como también por el efecto expectativas que pueda generar y que incrementa el riesgo que el cierre de brechas sea más rápido.","El Gerente de División Operaciones Financieras señor Esteban Jadresic, señala que comparte el juicio que las opciones relevantes en esta reunión son bajar o mantener la Tasa de Política Monetaria y asimismo, que la decisión básicamente debe tomarse en la línea recomendada por la Gerencia de División Estudios, sobre la base de estimar el grado en que se cree que el escenario central proyectado en el último IPoM sigue siendo válido o si uno pondera relativamente más el riesgo al alza de la inflación y por ello, prefiere esperar más para validar dicho escenario central. Señala que la evaluación de esto no le parece nada de fácil, porque por una parte los datos del último mes no sólo son coherentes con el escenario central sino que de hecho tienden a validarlo, en particular cuando se elaboraron los datos del IPCX1, que estuvieron en línea con lo esperado, sin que hubiera una nueva sorpresa inflacionaria, y de hecho volvió una reversión. Indica que la evaluación actual es que la actividad durante el primer trimestre estaría por debajo de lo proyectado previamente en el margen. Sin embargo, por otro lado, hay noticias que incrementan los riesgos de una inflación mayor que la proyectada y uno podría hacer todo un barrido de riesgos, pero son dos los que realmente destacan que son menos ambiguos y de una significancia que puede ser mayor. Agrega que el primero que llama la atención, es el incremento en el índice de Remuneraciones si bien el costo de la mano de obra sigue creciendo por debajo del estado estacionario del 6% y el índice señalado tampoco supera dicho nivel, lo que constituye una señal que hay que tomar en cuenta y que requiere una explicación más profunda. En segundo lugar, menciona el efecto del plan para fortalecer la inversión en el crecimiento, porque puede contribuir a acelerar la inversión como también por el efecto expectativas que pueda generar y que incrementa el riesgo que el cierre de brechas sea más rápido. Señala que hay que considerar además otros dos riesgos que van en dirección opuesta, que a su juicio los compensan. En primer lugar, al riesgo que las proyecciones de inflación del mercado estén sesgadas hacia arriba respecto del IPoM. Lo que el mercado está opinando hoy día es que en realidad la inflación va a ser más baja que lo que se planteó en el IPoM debajo de la meta del 3% para el segundo año. Es interesante que en el caso del mercado y de los operadores esto se observe incluso después que el mercado ha internalizado con alta probabilidad una baja adicional en la tasa de política monetaria. Cree que no hay que exagerar la capacidad predictiva del mercado respecto de la inflación, pero de todas maneras es un elemento de juicio relevante para ponderar dónde están los riesgos relativos de las proyecciones que se han hecho internamente. El segundo riesgo que le parece importante considerar es que es altamente probable que hacia mediados de año se tenga reacciones anuales de IPC significativamente por debajo de la meta, en torno a 1% anual. Al igual que en el pasado, inflaciones fuera del rango meta incrementan el riesgo sobre la credibilidad en el rango meta. Señala que no le parece necesario reaccionar a estos riesgos que está mencionando y por ello bajar la Tasa de Política Monetaria, pero sí le parece que estos riesgos son dignos de ser considerados como los otros que se han mencionado. En este contexto, recomienda bajar la Tasa de Política Monetaria en 25 puntos base para acercarla a ese escenario central del IPoM, con el agregado que puede ser conveniente comunicar y mantener un sesgo neutral respecto a futuros movimientos.",0.849649
RPM-2007-01-11:1055:1,RPM-2007-01-11,2007-01-11,2007,José De Gregorio Rebeco,Vicepresidente del Banco Central,dovish,-0.7235057142000094,0.1162237698496645,0.839729484049674,0.044046746100661616,0.9948820007066146,unanime,escenario_internacional,escenario_internacional,"Indica el señor Vicepresidente que en el IPoM pasado poseíamos menores brechas de actividad, mayor inflación y una tasa de política monetaria relativamente estable por un período prolongado.","El Vicepresidente señor José De Gregorio agradece al staff, no solo el análisis presentado sino también su excelente y arduo trabajo en la preparación del IPoM que sirve de base para esta discusión. Señala el señor Vicepresidente, que tal como se comentara anteriormente, más que ver la noticia en el margen, es importante ver las tendencias acumuladas en los últimos meses de la economía chilena; esto se da más en el contexto de una detallada discusión que se ha tenido a raíz de la preparación del IPoM. Respecto al IPoM anterior, se ha consolidado una tendencia de menor crecimiento para este año y el próximo, y por sobre todo, de menores presiones de inflación y de costo. En relación al excedente nacional, a pesar de todos los riesgos existentes hacia una menor actividad mundial, lo más significativo ha sido la importante caída del precio del petróleo, con su consecuente impacto inflacionario. Indica el señor Vicepresidente que en el IPoM pasado poseíamos menores brechas de actividad, mayor inflación y una tasa de política monetaria relativamente estable por un período prolongado. A su juicio, en el nuevo escenario central lo que corresponde es bajar la tasa de política monetaria, tal como lo muestra nuestro modelo de proyección. Es cierto que existen muchos riesgos, pero no hay un desbalance, tal como se ha mencionado en el lado inflacionario. Piensa que ese algo puede ser un escenario de menor inflación. Indica el señor De Gregorio, que para decidir una baja de tasas, en particular en la coyuntura actual, se debe tomar en cuenta con detención, los argumentos que podrían hacer desistir de esta decisión. En primer lugar, hay indicaciones de algunas medidas de inflación subyacentes que estarían aumentando. Sin embargo, su nivel es aún bajo y las perspectivas son que tendrán un aumento moderado; lo que se debe agregar es que no todos los indicadores de inflación subyacente apuntan hacia un aumento. No le parece adecuado elegir el que más convenga a su argumento, solo basta señalar que esta evidencia es muy parcial y las proyecciones apuntan a una moderada evolución de la inflación subyacente, incluso con una reducción de la tasa de política monetaria. En segundo lugar, se podría argumentar que no es descartable que la brecha sea menor a la que se tiene en nuestro escenario central, en especial al observar la evolución del desempleo. Entonces, tal como se discutió anteriormente, habría que preguntarse por qué no ha venido acompañada de mayor inflación, habida cuenta de los rezagos de la reacción de los precios. De ser efectiva la menor brecha, lo que la evolución de la inflación mostraría es un menor impacto de la brecha sobre la inflación producto, como se acaba de mencionar, por ejemplo de la globalización. En tercer lugar, se puede argumentar que esto representa una sorpresa al mercado, no obstante, en su opinión, no hay razones que justifiquen que sea preferible que los cambios de tasa sean anticipados, en particular cuando las proyecciones así lo sugieren. Efectivamente, se quiere una política monetaria predecible en el mediano y largo plazo, pero no en una frecuencia mensual, más aún, le parece riesgoso esperar a que se acumulen muchas noticias que hagan evidente una baja de tasa, quedando como se dice en nuestra jerga, detrás de la curva y requiriendo de ajustes más bruscos. Precisamente, señala el señor Vicepresidente, el mercado no lo espera porque no conoce nuestro escenario central que guía nuestra decisión de política monetaria; una vez conocido el IPoM, de no haber bajado las tasas, la pregunta sería por qué no lo hicimos dadas esas proyecciones. En cuarto lugar, existe la posibilidad que se interprete como un cambio de orientación de la política monetaria y éste sea el inicio de un proceso de baja de tasas. Manifiesta que con la información que se posee hasta ahora, éste no sería el caso. Indica que en el mediano plazo, lo más probable es que la tasa sea mayor y aún se esté bajo la tasa neutral. Este movimiento sería una acomodación del ritmo de ajuste para cumplir más adecuadamente con la meta de inflación. Indica que podrá en el corto plazo haber mantención, alzas o bajas de tasas, cree que la instancia no tiene sesgo, pero a un plazo mayor, lo más probable es una tasa mayor. Señala el señor Vicepresidente, que para evitar una interpretación equivocada, hay que ser muy claro en la comunicación, lo que se refleja en el Informe de Política Monetaria. Señala que existen riesgos de desviarse de nuestro escenario base, sin embargo, eso siempre puede ocurrir y hay que tomar la decisión que parezca como la más apropiada, dada la información que se posee y el análisis que ha hecho. No le parece, además, que los riesgos estén desbalanceados como para sugerir no bajar la tasa de política monetaria. Se refiere el señor Vicepresidente a un problema que ha destacado anteriormente sobre cambios transitorios de signos de política monetaria. Indica, que más de alguna vez sugirió cautela en el proceso de alza, por cuanto se podría tener que revertir o frenar por un tiempo prolongado dicho proceso. Indica que sigue pensando que eso es deseable, no obstante, no es siempre posible. Si se hubiera sabido la evolución de la economía, lo exógeno a la política monetaria de los últimos 24 meses, ciertamente la decisión de política monetaria hubiera sido distinta y probablemente no se estaría enfrentado a esta posibilidad de bajar la tasa, pero la Política Monetaria se hace con información disponible y es por ello que cree que se ha actuado correctamente. De hecho, la tendencia recopilada en la Minuta que preparara hace poco tiempo Hermann González y Sergio Lehmann, muestra que en muchos países con muy buenas políticas monetarias existen cambios de ciclo e incluso ciclos de política, que Por último, uno se tendría que preguntar por qué no bajar 50 puntos base. El mercado cree que aquí existe un riesgo que podría interpretar que la reversión sea mucho más intensa de la implícita en nuestro escenario central, lo que ciertamente no es lo que se desea comunicar y también le parece prudente esperar a recibir más información para evaluar si una dosis adicional es necesaria. Por lo anterior, el Consejero señor José De Gregorio señala que le parece que lo adecuado hoy, es bajar la tasa de política monetaria en 25 puntos base, por lo cual vota en ese sentido.",0.835069
RPM-2007-01-11:1049:1,RPM-2007-01-11,2007-01-11,2007,Esteban Jadresic Marinovic,Gerente de División Operaciones Financieras,dovish,-0.7359180138152015,0.07215091760740527,0.8080689314226068,0.1197801509699878,0.9904649727253876,unanime,mercados_financieros,mercados_financieros,"Como señaló en la mañana, el escenario de brechas que han dejado de cerrarse y de una velocidad de expansión de la inflación subyacente y el IPCX1 cercano al 2%, no es sólo algo que ha observado en los últimos meses después de septiembre.","El Gerente de División Operaciones Financieras señor Jadresic, destaca que aunque siempre se puede seguir esperando, ya se ha acumulado bastante información. Como señaló en la mañana, el escenario de brechas que han dejado de cerrarse y de una velocidad de expansión de la inflación subyacente y el IPCX1 cercano al 2%, no es sólo algo que ha observado en los últimos meses después de septiembre. En realidad es algo que viene desde mediados de año y si no antes. Para ilustrar el punto indica que la proyección de IPCX1 para el año 2006 se fue ajustando durante el año, en enero se proyectaba un 3,3%, en mayo un 3,1%, en septiembre un 2,7% y en diciembre un 2,1%. Se sabe que fue un 2,4% pero se ha explicado que ocurrió por factores puntuales. Claramente se observa una reducción en las proyecciones de inflación subyacente IPCX1 del orden de un punto porcentual a lo largo del año, agrega que esto fue ocurriendo durante todo el año; no solamente a partir de septiembre en adelante, entonces, en este sentido comparte plenamente la visión de la Gerencia de División Estudios en que la decisión de hoy debe tomarse no en función de los datos puntuales de diciembre, sino que de los datos acumulados desde antes y eso fue justamente lo que se debatió en la Reunión de Política Monetaria anterior. Se dijo que para el próximo IPoM esto se iba a discutir con mayor profundidad. Agrega el señor Jadresic que hay que ir más allá, no sólo a septiembre, sino que al período previo. Por último, el Gerente de División Operaciones Financieras menciona que puede ser tentadora la posibilidad de postergar está baja de tasas hasta después de la presentación del IPoM, de manera de no sorprender a los mercados ya que no se espera un ajuste en la tasa hoy y eso es algo que debe considerarse. Sin embargo también hay que tomar en cuenta que postergar esta decisión no implica hacer una comunicación más fácil al momento del IPoM, porque dado lo que está contenido en éste, la pregunta natural va a ser por qué el Banco Central no actúo frente a esas proyecciones o antecedentes que se están presentando en el IPoM y de todas maneras, ahora o en algún momento los problemas de comunicación van a surgir.",0.826039
RPM-2007-03-15:1166:1,RPM-2007-03-15,2007-03-15,2007,José De Gregorio Rebeco,Vicepresidente del Banco Central,dovish,-0.7180481000101281,0.11973588832026241,0.8377839883303905,0.042480123349347046,0.9956190613910243,unanime,decision_tpm,decision_tpm,"Dependiendo de lo que ocurra con los precios de los activos, en la medida que ésta ha estado circunscrita a las bolsas y a los mercados de renta fija en los países desarrollados y economías emergentes, la evidencia apuntaría a mayores razones para bajar la tasa de política monetaria y en la medida que las turbulencias puedan causar una depreciación excesiva del peso, se podría concluir que la recomendación adecuada sería cautela y mantener la tasa de política monetaria.","El Vicepresidente señor José De Gregorio señala que la presentación que ha hecho la Gerencia de División Estudios hoy, ratifica la validez de nuestro escenario central, lo que implicaría que de mantenerse sería necesaria al menos una baja en la tasa de política monetaria de 25 puntos base. Esto es, sin duda, lo que explica que en un principio y luego de la publicación de la última Minuta, el mercado internalizara el hecho que la baja de enero no fue una decisión aislada, lo que generó un grado inusual de incertidumbre respecto del sesgo de la política monetaria. Manifiesta el señor Vicepresidente que a su juicio, la decisión que se enfrenta y tal como se discutió en la mañana, el Comunicado que refleje la discusión de ahora influirá de manera muy importante en la evaluación que se haga de los riesgos respecto a nuestro escenario base. De existir riesgos adicionales y sesgados hacia una mayor inflación, sería recomendable la mantención de la tasa de política monetaria. Sin embargo, señala el señor Vicepresidente, su evaluación es que estos riesgos no son de una magnitud significativa que sugieran desviarnos de la estrategia de política monetaria implícita en nuestro escenario base y mantener la tasa de política monetaria. Manifiesta el señor Vicepresidente, que vale la pena revisar el escenario internacional y solo se enfocará en los riesgos que se han discutido y los que le parecen los más relevantes y significativos de desviación. En términos de la actividad internacional, el escenario en lo grueso es igual al del mes de enero. Sin embargo, las recientes turbulencias financieras apuntan a un aumento de algunos riesgos, lo que indica que se podría estar configurando un escenario de debilidad de la economía mundial mayor al previsto y si a esto se agregan noticias no muy benignas en la inflación de los Estados Unidos de América, podría significar que el espacio para el relajamiento de la tasa de la Fed sea aminorado. Esta conducta de la política monetaria de Estados Unidos puede agregar, y no se puede descartar, que sea la causa de las fuertes turbulencias financieras que se han vivido recientemente. Expresa el señor Vicepresidente que las implicancias respecto a nuestra política monetaria son variadas. Dependiendo de lo que ocurra con los precios de los activos, en la medida que ésta ha estado circunscrita a las bolsas y a los mercados de renta fija en los países desarrollados y economías emergentes, la evidencia apuntaría a mayores razones para bajar la tasa de política monetaria y en la medida que las turbulencias puedan causar una depreciación excesiva del peso, se podría concluir que la recomendación adecuada sería cautela y mantener la tasa de política monetaria. Señala el señor Vicepresidente que esta semana se ha observado una tenue apreciación del peso y nada indica que la transmisión de las turbulencias actuales pueda impactar de manera significativa en la paridad de nuestra moneda con su consecuente impacto inflacionario. Por lo tanto, indica que los riesgos apuntarían a que no hay razones para esperar un ajuste en la tasa de política monetaria. En el ámbito interno existen riesgos en diferentes direcciones lo que indicaría algún sesgo específico. Efectivamente y tal como se esperaba, en enero hubo una sorpresa en la inflación subyacente que fue en gran parte puntual. Indica que a los riesgos inflacionarios se agrega un registro más elevado a lo esperado en el índice de remuneraciones, aunque los costos laborales siguen un ritmo acotado. Por otra parte, manifiesta el señor Vicepresidente que viniendo del escenario externo el impacto de alza de precios de algunos commodities, aunque con potencial impacto en los registros del IPC, revela un desvío del escenario base importante. Sin embargo, estos riesgos deberán ser monitoreados con mucho cuidado. Indica que también existen riesgos que apuntarían en la dirección opuesta y que en el margen se ha observado cierta desaceleración puntual en la creación de empleo y posible PIB para el primer semestre, algo por debajo de nuestro escenario base, con sus consecuencias inflacionarias. A su juicio, lo más probable, es que si no bajamos la tasa hoy lo deberemos hacer en los meses venideros y no ve razones que le sugieran que esta segunda opción es preferible. En particular, dado que en los siguientes meses se observarán inflaciones bastante bajas, pero por sobre todo, por debajo de las expectativas de mercado, aunque en el horizonte de política los precios de los mercados financieros estarían proyectando una inflación algo por debajo de la meta, no así en el corto plazo. El señor Vicepresidente estima que al bajar la tasa en esta reunión se podría mantener un sesgo neutral de la política monetaria, dado que el IPoM contemplaba una reducción de tasa entre 50 y 75 puntos base y el que sin duda revisaremos con más detalle en la preparación de nuestro próximo Informe de Política Monetaria. Por estas razones, su voto es por bajar la tasa de política monetaria en 25 puntos base y anunciar un sesgo neutral para la política monetaria. En todo caso, en caso que se decidiera mantener la tasa de política monetaria, dado que no está claro, cree que en orden a ser coherente con nuestro escenario base, se debería sesgar la política monetaria hacia un relajo, algo que además es coherente con el tenor de la discusión que hay que esperar para reunir mayores antecedentes antes de decidir una nueva baja de tasa.",0.820027
RPM-2007-01-11:1056:1,RPM-2007-01-11,2007-01-11,2007,Vittorio Corbo Lioi,Presidente del Banco Central,dovish,-0.6527183806146355,0.11787569713917338,0.7705940777538088,0.11153022510701785,0.9888710593484229,unanime,decision_tpm,decision_tpm,"Sin embargo, también hay riesgos que la inflación sea menor a lo proyectado, especialmente si no se da el crecimiento de los salarios proyectados y si los precios del petróleo se ajustan a la baja más de lo proyectado.","El Presidente, señor Vittorio Corbo, agradece al staff su trabajo preparatorio y también a los Gerentes que participaron dando su opinión. Señala el señor Corbo, que el entorno externo sigue siendo favorable. Después de un muy buen año 2006, la economía mundial está experimentando una moderada desaceleración liderada por Estados Unidos de América, mientras que Europa y Asia emergente siguen experimentando un crecimiento robusto. Las perspectivas de la economía mundial apuntan a un aterrizaje suave en Estados Unidos de América, con inflación controlada y una moderada desaceleración de la Zona Euro y Japón. En tanto, el crecimiento del Asia emergente se mantendría robusto. Las condiciones financieras se mantienen favorables en cuanto a tasas de interés y spreads. El precio del petróleo continúa ajustándose a la baja. En contraste, el precio del cobre también se corrige en forma importante a la baja. Sin embargo, dado el marco de política actual, los efectos en la demanda interna y en la actividad de este último factor, son más bien reducidos. Indica el señor Corbo que en la economía nacional, aunque la demanda interna continúa dinámica, las últimas cifras de actividad son más bajas de lo proyectado con la ampliación resultante en la brecha de capacidad. Como contraparte, se sigue configurando un cuadro de medidas de tendencia inflacionaria en torno a medio punto por debajo de lo proyectado en el IPoM de septiembre. Los indicadores de expectativas de inflación de corto y mediano plazo están algo por debajo del 3%. Manifiesta el señor Presidente, que las proyecciones del IPoM de enero muestran un escenario central en que, como resultado de la postergación del cierre de brechas y variaciones de costos acotadas, las proyecciones de inflación después de ubicarse en torno al 3% por algunos meses -principalmente por efecto de bases de comparación- se tienden a ubicar en torno al límite inferior del rango de tolerancia de la meta, por un período prolongado de tiempo, para después converger al 3% en la parte final del horizonte de proyección. Este escenario contempla, entre otros supuestos, que el tipo de cambio real no difiere del observado en los últimos días, una moderación en el precio de los combustibles y un impulso monetario algo mayor al que tiene el mercado. Este escenario central de inflación tiene riesgos, los cuales han descrito muy bien tanto el Gerente de Investigación Financiera señor Klaus Schmidt-Hebbel, como el Consejero señor Jorge Desormeaux. Sin embargo, también hay riesgos que la inflación sea menor a lo proyectado, especialmente si no se da el crecimiento de los salarios proyectados y si los precios del petróleo se ajustan a la baja más de lo proyectado. Sin embargo, considera que los riesgos para la inflación están balanceados. Por lo anterior, el Presidente señor Vittorio Corbo también vota por reducir la tasa de política monetaria en 25 puntos base.",0.803151
RPM-2007-03-15:1161:1,RPM-2007-03-15,2007-03-15,2007,Andrés Velasco Brañes,Ministro de Hacienda,dovish,-0.6289682427448492,0.1193053968611851,0.7482736396060343,0.13242096353278054,0.9924385425036576,unanime,politica_fiscal,politica_fiscal,"La primera novedad es que los riesgos de un aparente shock inflacionario fuese efectivamente un shock a la inflación y no a nivel de precios, dado lo que ocurrió en enero, no parece haberse materializado al menos la evidencia preliminar y sugiere que no se materializaron.","El Ministro de Hacienda señor Andrés Velasco señala estar de acuerdo con varios de los comentarios que han planteado los Gerentes, los economistas de la División Estudios y otros economistas del Banco, excepto con una afirmación, que consiste en que no le parece que la decisión que se deba adoptar en esta reunión sea especialmente difícil, a diferencia de muchas otras reuniones en que le ha tocado participar. Agrega que los argumentos que ha planteado el Gerente de División Política Financiera señor Pablo García en favor de una baja de tasas, le parecen contundentes y se atrevería a decir abrumadores, lo que quiere sustanciar del siguiente modo. En primer lugar el señor Ministro de Hacienda señala que no ha escuchado que se hubiera expresado un matiz de diferencia respecto a esta afirmación y, en consecuencia, se pliega a ese consenso. Señala que el escenario base aún se mantiene y esto tiene dos implicancias conocidas. La primera de ellas es que ese escenario base contemplaba entre 50 y 75 puntos base de reducciones adicionales de los cuales ya se hicieron 25 y por lo tanto, quedarían otras en el camino bajo ese escenario. En segundo término, indica el señor Ministro, que ya no respecto al escenario base, sino que en relación con las proyecciones tanto del Banco Central de Chile como del mercado, la inflación en el rango relevante de 12 y 24 meses se ubica consistentemente por debajo del centro de la meta. Hay matices entre lo que el Banco Central y lo que el mercado esperan, pero incluso si uno toma lo que el mercado espera igual la inflación está por debajo de lo deseable dadas las metas del Banco Central, incluyendo los meses del invierno que viene, en que se estaría por debajo del 1%, lo que aunque tenga justificación técnica va a crear un desafío comunicacional de explicarle al mercado y a la opinión pública. Señala el señor Ministro que en lo referente a las novedades, se atrevería a decir que son tres. La primera novedad es que los riesgos de un aparente shock inflacionario fuese efectivamente un shock a la inflación y no a nivel de precios, dado lo que ocurrió en enero, no parece haberse materializado al menos la evidencia preliminar y sugiere que no se materializaron. Como segunda novedad, indica que más allá de todos los bemoles de medición, cambio de base y la incertidumbre que rodea a aquello, los datos contenidos en la Minuta sugieren un primer trimestre más lento y un segundo trimestre también marginalmente más lento. Y la tercera novedad, a su juicio, es que el escenario internacional se ha vuelto más incierto y cuando dice incierto, no se refiere necesariamente al primer momento de la actividad sino al segundo momento y a la incertidumbre financiera que rodea a este fenómeno ante caídas potenciales o efectivas de los precios de los activos. No afirma que se vayan a materializar, pero si se materializaran, la reacción de política monetaria en el mundo avanzado va a ser hacia una baja de tasas y no hacia un incremento de éstas. Por último, el señor Ministro de Hacienda señala que espera que el paquete de medidas de estímulo tenga un efecto positivo en la actividad. Agrega que existen una serie de factores limitantes que nos ayudan a dimensionar ese efecto tanto en su tamaño como en tráiler. El señor Ministro expresa que en cuanto a los riesgos de la inflación, sí existen algunos temas que hay que mirar con más cuidado, en cuanto a ciertas aparentes discrepancias entre distintas medidas de remuneraciones, por una parte, y distintas medidas de inflación por la otra. En cuanto a los riesgos de inflación, señala el señor Ministro que adhiere a lo ya dicho por varios miembros del staff, en el sentido que si las proyecciones de inflación a distintos horizontes se materializaran, probablemente igual se estaría debajo de la meta y, por lo tanto, estas amenazas parecen ser menores de lo que uno podría suponer. Indica también el señor Ministro, que existe un riesgo por el lado de la actividad, asunto que entiende no es una meta del Banco Central, pero ciertamente es algo que uno observa, mide y monitorea. Le parece que si existe un riesgo por las cifras presentadas en esta reunión y también un riesgo por el lado de las expectativas que se han mantenido a la baja, se espera que se reviertan en alguna medida. Asimismo, el señor Ministro desea manifestar una opinión respecto al tema comunicacional y a la relación de flujos de información con el mercado. Señala que se han planteado inquietudes respecto a cómo leyó el mercado la última Minuta de Política Monetaria del Banco. Le parece que hay situaciones en las cuales se podría tener que usar otras fuentes de información. Cree que el mercado puede haberse formado expectativas con las que en esta reunión se esté de acuerdo, pero está reaccionando a esa información y le parece natural e incluso sano que el mercado se haya movido en la dirección en que lo hizo. Le parece que si no hubiese un recorte de interés en esta reunión, dado el tenor que se va a reflejar en la Minuta que se publique, las expectativas de un recorte en la próxima oportunidad serían aún más fuertes de lo que son ahora y por lo tanto, no le parece tampoco que haya un dilema comunicacional que pueda afectar la decisión de política. Por consiguiente, reitera que en su opinión, hay razones y espacio suficientes para justificar un recorte de 25 puntos base.",0.794160
RPM-2008-12-11:2241:1,RPM-2008-12-11,2008-12-11,2008,Beltrán de Ramón Acevedo,Gerente de División Operaciones Financieras,dovish,-0.7999122229551688,0.07336628404565951,0.8732785070008283,0.05335520895351213,0.9845379707459483,unanime,mercados_financieros,mercados_financieros,"Agrega que si en los próximos meses se vieran registros de inflación subyacentes que no han bajado lo suficiente, la respuesta de política debiera ser bajar en 25 puntos base por Reunión de Política Monetaria, sabiendo que se tiene una cuenta de ahorro por haber llevado la Tasa de Política Monetaria al 8,25%, muy por sobre sus niveles de expansividad.","El Gerente de División Operaciones Financieras señala que, considerando que hoy las tasas reales de bonos soberanos en el horizonte de dos años están al 4,5%, es decir, 100 a 150 puntos base sobre su nivel de tendencia, y que los spreads de colocación están adicionalmente 400 puntos base más arriba, el efecto de equivocarse si ex post la decisión de bajar la Tasa de Política Monetaria sería un error que es asimétrico (y menor) del efecto de equivocarse si ex post postergar una baja sería un error. El Gerente de División Operaciones Financieras señor Beltrán De Ramón fundamenta su exposición, en el hecho de que hoy es posible comenzar a bajar la Tasa de Política Monetaria y dependiendo de su magnitud, no necesariamente esta medida va a impulsar una actividad económica, dado que las tasas son hoy contractivas. Agrega que bajar la Tasa de Política Monetaria significaría hacer algo menos contractivas las condiciones crediticias, pero no expansivas. Señala, asimismo, que justamente, la data dependencia debiera condicionar la magnitud de la baja, pero no la decisión de mantener o bajar la tasa hoy. Agrega que si en los próximos meses se vieran registros de inflación subyacentes que no han bajado lo suficiente, la respuesta de política debiera ser bajar en 25 puntos base por Reunión de Política Monetaria, sabiendo que se tiene una cuenta de ahorro por haber llevado la Tasa de Política Monetaria al 8,25%, muy por sobre sus niveles de expansividad. Menciona que si por el contrario, la inflación cayera más rápido de lo proyectado, en los próximos meses entonces la respuesta de política para las próximas reuniones debiera ser de bajas más agresivas de 25 puntos base. En consideración a lo anterior, el Gerente de División Operaciones Financieras estima que la discusión en relación a que si se está atrás o delante de la curva o de si una posible baja de la Tasa de Política Monetaria en el día de hoy no fuera creída por el mercado, entendiendo esto último como una respuesta nula en la curva de rendimiento, hoy no le preocupa. Manifiesta el señor De Ramón que el mercado y los agentes hace tiempo que esperan que el Banco Central de Chile reduzca la Tasa de Política Monetaria drásticamente, en los próximos meses: el BCP-5 está en 6,20% y ha caído 50 puntos base desde la última Reunión y más de 200 puntos base desde sus máximos en agosto-septiembre. Asimismo, señala que la tasa swap anticipa una baja de la Tasa de Política Monetaria de 175 puntos base en un año. Finalmente, y dado lo anterior, el Gerente de División Operaciones Financieras señor Beltrán De Ramón recomienda al Consejo reducir la Tasa de Política Monetaria en 25 puntos base en el día de hoy.",0.877073
RPM-2008-12-11:2240:1,RPM-2008-12-11,2008-12-11,2008,Beltrán de Ramón Acevedo,Gerente de División Operaciones Financieras,dovish,-0.6695238394340832,0.06872620065668027,0.7382500400907634,0.19302375925255624,0.9918802862134675,unanime,acuerdo_comunicado,acuerdo_comunicado,"Agrega que condicionar el comienzo del ciclo de baja de tasas a menores registros inflacionarios es un error, dado que una baja de la Tasa de Política Monetaria recién tendrá efecto en actividad en un año más como mínimo.","El Gerente de División Operaciones Financieras señor Beltrán De Ramón señala que las últimas cifras conocidas han ido configurando un escenario de desaceleración económica que va más allá de lo proyectado en la actualización del IPoM efectuada en el mes de noviembre. Agrega que lo anterior, hace altamente probable que en los próximos meses se vean datos de menor crecimiento y menor inflación. Señala también que, en línea con lo anterior y de acuerdo a la información proporcionada por la Gerencia de División Estudios, en este trimestre se tendrá una demanda que cae 10% con respecto al anterior. En consideración a ello, el Gerente de División Operaciones Financieras comenta una serie de datos entregados recientemente, en variación o en niveles, que apoyan este escenario económico más deteriorado: a) producción industrial de transables, b) producción de minería, c) ventas del comercio, d) ventas de autos, e) indicadores de construcción, como cemento, materiales y permisos, e f) importaciones de bienes de consumo, excluyendo e incluyendo autos y bienes de capital, o son negativos o tienen tasas de variación negativas. Agrega el Gerente de División Operaciones Financieras que sin embargo, en el contexto de esta desaceleración, mucho más llamativos son los datos de salarios reales, los que decrecen a tasas del 2%, y el aumento no revertido de las tasas de colocación del sistema financiero, de 400 puntos base en el último mes y medio. Menciona el señor De Ramón que ello puede configurar un panorama de caída de demanda abrupta en los próximos meses y le imprime un efecto acotado a la propagación inflacionaria que enfrentaremos prontamente. Señala también, que las tasas a lo largo de la curva hace ya largas semanas que están capturando este escenario y que ni siquiera las mayores cifras de inflación X I del último mes, las hizo revertir. En relación a lo anterior, el Gerente señor De Ramón señala que la pregunta relevante entonces es, cuándo comienza el ciclo de bajas por parte del Banco Central de Chile. Asimismo, señala que en su opinión, esta pregunta no es la más relevante, pues este ciclo debe partir hoy. Indica que la pregunta más importante que cabe formular es en qué grado debiera bajar la tasa hoy, esto es, si en 25 puntos base o más que eso. Continúa su exposición, argumentando que las últimas cifras de inflación, en especial las subyacentes, no apoyan ni hacen conveniente una decisión de bajar hoy la Tasa de Política Monetaria. Agrega que condicionar el comienzo del ciclo de baja de tasas a menores registros inflacionarios es un error, dado que una baja de la Tasa de Política Monetaria recién tendrá efecto en actividad en un año más como mínimo. Sobre lo mismo, el señor De Ramón hace presente que partir en enero o en febrero hasta tener IPC X o X1 más bajo, postergará innecesariamente la implementación de una política contracíclica que a su parecer ya es necesaria.",0.812816
RPM-2008-12-11:2243:1,RPM-2008-12-11,2008-12-11,2008,Kevin Cowan Logan,Gerente de División Política Financiera,dovish,-0.48503934220801304,0.12734076857844648,0.6123801107864595,0.260279120635094,0.9924900307526328,unanime,escenario_internacional,escenario_internacional,"Asimismo, señala el señor Kevin Cowan que las condiciones de demanda externa restrictiva, las condiciones de financiamiento externo restrictivo, las noticias respecto al sistema financiero doméstico, como también la actividad doméstica, sugieren un panorama de demanda agregada en el horizonte de política deteriorado, respecto a la Reunión anterior.","El Gerente de División Política Financiera señala que desde la última Reunión de Política Monetaria, han surgido una serie de noticias que sugieren un deterioro de las condiciones de demanda agregada en el horizonte de política relevante. Señala el señor Cowan que en primer lugar, destacan los factores externos, es decir, no hay una corrección sustancial en las variables centrales del sistema financiero internacional, los spreads de las tasas a las cuales están captando los bancos persisten a niveles inusualmente altos, las perspectivas crediticias recogidas por las encuestas a los principales bancos en los Estados Unidos de América sugieren condiciones hacia delante restrictivas y los mercados financieros no bancarios siguen lejos de retornar a algo similar, es decir, a una situación normal. Agrega el señor Cowan que las condiciones a las cuales se están endeudando las empresas y bancos chilenos, siguen en una situación deteriorada respecto a lo que se percibía incluso al mes de julio de este año y claramente respecto al mismo mes del año pasado. Los spreads a los cuales se está endeudando la banca chilena se mantienen a niveles altos y no se nota un deterioro significativo, respecto, a las condiciones de octubre, lo que claramente constituye un shock de tasas internacional relevante hacia el alza. Señala también el señor Cowan, que las condiciones de demanda externa también muestran señales de deterioro más profundos y prolongados. Agrega que las proyecciones de crecimiento que mostró la Gerencia de División Estudios en la Reunión de la mañana, constituyen un buen resumen del deterioro proyectado del crecimiento mundial y, en particular, de nuestros socios comerciales. Asimismo, menciona que por el lado doméstico, y también recogiendo lo que son shocks negativos de la demanda agregada, en el horizonte de política, hay tres noticias que corroboran una visión más contractiva. En primer lugar, el deterioro importante en el margen de los indicadores líderes o coincidentes de la actividad del sector construcción, como indicó también la Gerencia de División Estudios; el Imacec también sorprende a la baja; y, los créditos en particular, especialmente, el crédito de consumo muestra una desaceleración importante, incluso con una caída en términos reales. Agrega, el señor Cowan que especular expansivamente a cuánto de esta contracción crediticia corresponde a un cambio de expectativas hacia delante o cuánto a una contracción de oferta, por factores que han sido discutidos en extenso corresponde al efecto de demanda agregada neto, que es el mismo que contractivo. Continúa su exposición el señor Cowan, indicando que por el lado del shock crediticio, cree que las tasas de colocación y sus spreads de sugieren que esto no solamente es un shock de demanda, sino que también es factor de oferta, como mencionó el Gerente de División Operaciones Financieras en su presentación. Por otra parte, el Gerente de División Política Financiera señor Cowan manifiesta que se observan tasas de colocación que están a 800 puntos base por sobre la Tasa de Política Monetaria, cuando lo normal son 400 puntos base, sea esto por riesgo de liquidez, por una percepción de riesgo de crédito hacia delante, y que el efecto neto es una menor demanda agregada en el horizonte de política. Agrega, que con ello la Tasa de Política Monetaria no solamente está en rango contractivo sino que las condiciones crediticias en general están en dicho rango, inusualmente severo, y del cual hay que volver a eventos del año 98 para encontrar datos similares. Asimismo, señala el señor Kevin Cowan que las condiciones de demanda externa restrictiva, las condiciones de financiamiento externo restrictivo, las noticias respecto al sistema financiero doméstico, como también la actividad doméstica, sugieren un panorama de demanda agregada en el horizonte de política deteriorado, respecto a la Reunión anterior. Continuando con su comentario, el Gerente de División Política Financiera señor Kevin Cowan señala que quiere agregar tres ingredientes más para la discusión. Primero, enfatizar la marcada baja real que están experimentando los salarios en los últimos meses, que se ha acelerado en el último mes. Segundo, enfatizar la pérdida sustancial de riqueza que se ha generado en el país por parte de los ahorrantes privados en sus Fondos de Pensiones. Señala el señor Cowan que datos de la Superintendencia de Pensiones dan cuenta de una pérdida de riquezas del orden de 230 mil millones de dólares. Agrega que es cierto que el efecto es indirecto, pero que efecto debe haber, y la gente efectivamente va ajustar su comportamiento de consumo y las decisiones hacia delante, teniendo en cuenta que por lo menos una parte de esa pérdida de riquezas no es claro que se vaya a revertir. Finalmente, el señor Kevin Cowan menciona una serie de aspectos que cree que son relevantes a la hora de entender la robustez de la economía chilena ante shocks financieros y reales como los que está mencionando. Señala, asimismo, que sobre esta materia quiere ofrecer una interpretación alternativa a la reticencia de países como México y Brasil de bajar sus tasas de interés. Hace presente, en relación a esta materia, que una interpretación es la preocupación inflacionaria, y la otra es generar con esta baja de tasas un stock o agravar una salida de capitales, que en algunos casos, no es solamente incipiente sino que materializado. El Gerente de División Política Financiera comenta que la robustez de la economía chilena en términos de sustentación internacional, justamente da el espacio para tener un comportamiento de tasas que no necesariamente tiene que tomar en consideración las preocupaciones de capital flight. Agrega, asimismo, que no se ha visto una fuga de capitales hasta ahora, en ninguna dimensión, y también cree, como se mencionó en la mañana, que es crucial que las tasas de interés de los papeles del Banco Central de Chile y papeles públicos nominales en Chile han caído. Agrega el señor Cowan que es un hecho básicamente sin precedentes en términos de los países emergentes, incluso en países emergentes en una situación de estrechez financiera. Señala además que el marco de política monetaria le da a Chile un espacio de hacer una política de demanda anticíclica, que es la que se debería estar implementando. Agrega el señor Kevin Cowan que, por todo lo anterior, sugiere una rebaja de tasas en esta Reunión. Sin embargo, señala que persiste la preocupación de que los efectos inflacionarios puedan producir hacia delante una depreciación del peso y en este aspecto quiere comentar que el grueso del pass-through debería darse en el horizonte de un año. Ahora, considerando la inflación a un año, el grueso de este efecto ya se debería haber diluido. Indica que lo que está ilustrando, obviamente, depende en forma crucial, de la expectativa hacia delante de la inflación, el anclaje de ésta y eso a su vez de la credibilidad del Banco Central de Chile. Señala el expositor que el set de información que se tiene respecto a las proyecciones futuras de inflación, sugieren que la mayoría del mercado y la gente en general, están esperando una inflación claramente en línea con la meta de política del Banco Central de Chile. Agrega que en ese sentido y con todo los caveats que merecen las percepciones del mercado implícito en las tasas, se está en una situación en la cual no se tienen expectativas ancladas y, por lo tanto, potenciales efectos persistentes de esta depreciación, deberían verse reducidos y en consecuencia, el grueso se ubicará en el horizonte de corto plazo y no en el de política.",0.713577
RPM-2009-02-12:2381:1,RPM-2009-02-12,2009-02-12,2009,Consejo del Banco Central de Chile,Consejo,dovish,-0.8889541944670382,0.039195580647236036,0.9281497751142742,0.03265464423848975,0.9913025209615484,unanime,acuerdo_comunicado,acuerdo_comunicado,"En el plano interno, la información disponible para la actividad y la demanda del cuarto trimestre del 2008 y del primer trimestre de este año muestra una ampliación de holguras mayor a la considerada en el escenario base del reciente Informe de Política Monetaria.","En mérito de lo anterior, el Consejo adopta el siguiente Acuerdo: 135-01-090212-Tasa de Política Monetaria. En su reunión mensual de política monetaria, el Consejo del Banco Central de Chile acordó reducir la tasa de interés de política monetaria en 250 puntos base, hasta 4,75% anual. Comunicado “En su reunión mensual de política monetaria, el Consejo del Banco Central de Chile acordó reducir la tasa de interés de política monetaria en 250 puntos base, hasta 4,75% anual. Esta decisión se fundamenta en la perspectiva de una caída significativa de la inflación, y adelanta la convergencia de la tasa de política a un nivel coherente con el entorno macroeconómico actual y sus riesgos. En el ámbito externo, los datos más recientes muestran que la severa desaceleración de la economía global se ha acentuado más allá de lo esperado, en el primer trimestre de este año. En tanto, persiste la incertidumbre respecto del plazo en que se resolverán los problemas financieros globales. La probabilidad de materialización de escenarios más negativos ha aumentado. Los precios de los productos básicos se han mantenido en niveles bajos. En el plano interno, la información disponible para la actividad y la demanda del cuarto trimestre del 2008 y del primer trimestre de este año muestra una ampliación de holguras mayor a la considerada en el escenario base del reciente Informe de Política Monetaria. El empleo se ha desacelerado y persisten condiciones crediticias estrechas. En enero, la inflación mensual fue menor que la esperada. Dicha sorpresa se explica principalmente por cambios metodológicos en el tratamiento de la estacionalidad en el nuevo IPC. Con todo, se espera una rápida convergencia de la inflación hacia la meta. La dinámica salarial sigue ajustada a patrones históricos y las expectativas de inflación han descendido. El Consejo estima que, en el escenario más probable, la TPM seguirá una trayectoria por debajo de la considerada en el escenario base del IPoM, convergiendo en el corto plazo a niveles comparables con los implícitos en los precios vigentes de los activos financieros para mediados de año. Con ello, el Consejo reafirma su compromiso de conducir la política monetaria de manera que la inflación proyectada se ubique en 3% en el horizonte de política.”",0.936993
RPM-2009-03-12:2438:2,RPM-2009-03-12,2009-03-12,2009,Consejo del Banco Central de Chile,Consejo,dovish,-0.9057094154351597,0.026668997768946445,0.9323784132041062,0.040952589026947345,0.9916542024347479,unanime,acuerdo_comunicado,acuerdo_comunicado,"Comunicado “En su reunión mensual de política monetaria, el Consejo del Banco Central de Chile acordó reducir la tasa de interés de política monetaria en 250 puntos base, hasta 2,25% anual.","136-01-090312-Tasa de Política Monetaria. En su reunión mensual de política monetaria, el Consejo del Banco Central de Chile acordó reducir la tasa de interés de política monetaria en 250 puntos base, hasta 2,25% anual. Comunicado “En su reunión mensual de política monetaria, el Consejo del Banco Central de Chile acordó reducir la tasa de interés de política monetaria en 250 puntos base, hasta 2,25% anual. Esta decisión se fundamenta en la perspectiva de un rápido descenso de la inflación y aproxima la tasa de política a un nivel coherente con el entorno macroeconómico actual y sus riesgos. En el ámbito externo, los datos más recientes indican que las perspectivas de crecimiento global para este año se han continuado deteriorando, mientras que persiste la incertidumbre respecto del plazo en que se resolverán los problemas financieros globales. Aunque el precio del cobre ha aumentado, los precios de los productos básicos se mantienen en niveles bajos. En el plano interno, la información disponible para la actividad del primer trimestre de este año muestra tasas de variación interanual negativas, fundamentalmente por la fuerte desaceleración observada a fines del año 2008. El desempleo ha aumentado. Las condiciones crediticias se mantienen estrechas, pero comienzan a reflejar el impacto del mayor estímulo monetario. En febrero, el conjunto de indicadores de inflación mostró reducidas presiones inflacionarias. La dinámica salarial sigue ajustada a patrones históricos. Las expectativas de inflación han descendido y se prevé una rápida disminución hacia la meta. El Consejo estima que podrían ser necesarias reducciones adicionales de la TPM, aunque de magnitud y frecuencia comparables a patrones históricos. Con ello, el Consejo reafirma su compromiso de conducir la política monetaria de manera que la inflación proyectada se ubique en 3% en el horizonte de política.”",0.936972
RPM-2009-02-12:2373:1,RPM-2009-02-12,2009-02-12,2009,Enrique Marshall Rivera,Consejero,dovish,-0.8847285831670029,0.0355754183188845,0.9203040014858874,0.04412058019522797,0.9949533831028232,unanime,decision_tpm,decision_tpm,"Agrega, que la reducción considera principalmente algunos ítems de la canasta del IPC y plantea que la desaceleración de la demanda y la actividad permiten reafirmar la convergencia inflacionaria anticipada en el último Informe de Política Monetaria.","El Consejero señor Enrique Marshall agradece como de costumbre al staff el apoyo brindado para esta Reunión. Señala que desde la última Reunión de Política Monetaria el panorama externo ha experimentado un nuevo deterioro; las proyecciones de crecimiento global se han ajustado nuevamente a la baja; el clima de recesión se está manifestando con fuerza en las economías emergentes; los mayores ajustes en las proyecciones de crecimiento se han producido precisamente para estas economías; y, los mercados financieros no han presentado mayores novedades, ya que la provisión de créditos sigue siendo muy restringida debido a la debilidad de las instituciones intermediarias y a la desconfianza que aún prevalece en los mercados crediticios. Indica, que este cuadro debería ser superado pero el camino de salida aún no se visualiza con claridad. Por otra parte, agrega que los precios de las materias primas han disminuido nuevamente con algunas excepciones, que excluyen al cobre, lo que unido a la drástica caída en los niveles de actividad ha consolidado un cambio en el panorama inflacionario y abierto la posibilidad de ajustes monetarios significativos en las economías emergentes, teniendo presente que, en todo caso, los riesgos a nivel global siguen siendo altos y apuntan en un sentido negativo. Comenta el Consejero señor Enrique Marshall, que en el frente interno los efectos de la crisis son cada vez más evidentes, los indicadores de demanda y actividad confirman un claro deterioro que se asocia, principalmente, con factores de confianza y expectativas. El último IMACEC arrojó nuevamente una cifra muy baja, que se explica no sólo por caídas en sectores de recursos naturales sino por el débil desempeño de aquéllos que responden a la demanda interna, y por otra parte, las importaciones se han desacelerado considerablemente, el empleo ha perdido dinamismo y la tasa de desempleo ha comenzado a subir, por lo que con ello las proyecciones de crecimiento del Banco Central de Chile para el primer trimestre del presente año se ubican por debajo de las señaladas con anterioridad. Agrega, que en esa misma línea, el sector privado ha seguido ajustando a la baja sus propias expectativas de crecimiento para este año. Indica también, que las condiciones crediticias permanecen estrechas; los márgenes de crédito se han reducido en alguna medida, pero permanecen por sobre los observados hasta el tercer trimestre del año pasado, y que, en todo caso el ajuste crediticio se refleja con claridad en el menor dinamismo de los volúmenes colocados. Asimismo, menciona que el registro mensual de inflación del mes de enero de este año volvió a sorprender a la baja y con ello, se han acumulado tres registros mensuales negativos sucesivos, lo que ha significado reducir las tasas de inflación anual en forma considerable. Agrega, que la reducción considera principalmente algunos ítems de la canasta del IPC y plantea que la desaceleración de la demanda y la actividad permiten reafirmar la convergencia inflacionaria anticipada en el último Informe de Política Monetaria. Continuando con su exposición, el Consejero señor Enrique Marshall señala que las expectativas de inflación, medidas a través de distintos indicadores, se han reducido en forma considerable y se encuentran bastante alineadas con la meta; las expectativas para la Tasa de Política Monetaria se han vuelto a corregir a la baja y, en lo más reciente, con particular intensidad, ya que el mercado espera un recorte de entre 100 a 150 puntos base para esta Reunión, como también, otros ajustes adicionales que llevarían la citada tasa a un nivel de entre 3.3% y 4% a mediados de año. En estas circunstancias, comenta el señor Consejero que surge con bastante nitidez la necesidad de proceder a una nueva rebaja de la Tasa de Política Monetaria y que el punto crítico es la magnitud del ajuste requerido. En tal sentido, descarta una rebaja similar a la efectuada en la Reunión de Política Monetaria anterior y se inclina por un recorte más bien drástico, por las siguientes consideraciones: Primero, indica que la Tasa de Política Monetaria no obstante el ajuste efectuado permanece en un nivel muy alto, lo que queda en evidencia si se calcula su nivel real; la rápida y significativa reducción de las expectativas de inflación; y, el deterioro de las condiciones cíclicas, factores que han impreso en la Tasa de Política Monetaria un sello muy restrictivo, que no se condice ni con la trayectoria de los últimos años, como tampoco, con las condiciones cíclicas que se enfrentan. Agrega el Consejero señor Enrique Marshall que este desajuste de nivel ha tendido a aumentar en el último tiempo, y por lo tanto, debe ser corregido con prontitud por lo menos en parte importante. Segundo, señala que el panorama interno con los datos disponibles muestra un deterioro mayor que el previsto con anterioridad, lo que aconseja contemplar acciones de política mucho más decididas que las incorporadas en las proyecciones previas del Banco Central. Tercero, hace presente que los riesgos para el escenario base están claramente inclinados en un sentido negativo, lo que hace recomendable anticipar ajustes ya descontados. Cuarto, que resultan inevitables en estas circunstancias ciertos ajustes a las hojas de balance de las empresas, como también, en los hogares, por lo que una normalización más rápida del nivel de la Tasa de Política Monetaria facilitarla dicho proceso. Quinto, finalmente, señala que no se visualizan restricciones o limitaciones macroeconómicas para actuar en esta línea, ya que los fundamentos de la economía chilena permiten que la política monetaria acomode tasas más bajas en esta fase del ciclo. Agrega, el Consejero señor Enrique Marshall, que se puede argumentar en contrario que esta decisión sorprendería al mercado, el cual espera un recorte de magnitud bastante inferior y que ello podría generar cierto grado de incertidumbre y algunos costos. Sin embargo, estima que es preciso reconocer que el mercado espera ajustes adicionales a la Tasa de Política Monetaria en el curso de los próximos meses, de manera que un recorte como el sugerido debería ser asimilado con relativa rapidez, por lo que con el objeto de acotar riesgos y facilitar los ajustes de precios, se inclina por una rebaja del orden de 250 puntos base. En consecuencia, el Consejero señor Enrique Marshall vota por bajar la Tasa de Política Monetaria en 250 puntos base para dejarla en un nivel de 4,75% anual. Sin perjuicio de ello, manifiesta su disposición a considerar una cifra algo distinta, por cierto dentro de un orden de magnitud similar, en aras de obtener un consenso en esta Reunión.",0.930180
RPM-2009-04-09:2497:1,RPM-2009-04-09,2009-04-09,2009,Enrique Marshall Rivera,Consejero,dovish,-0.8825782933735487,0.03366521939744001,0.9162435127709887,0.05009126783157134,0.994134820280291,unanime,acuerdo_comunicado,acuerdo_comunicado,"Indica que en la última Reunión de Política Monetaria, el Consejo efectuó un tercer ajuste sustancial de la Tasa de Política Monetaria, llevándola a acumular una rebaja de 600 puntos base en tres meses.","El Consejero señor Enrique Marshall agradece como de costumbre al staff por el apoyo brindado en esta ocasión. Indica que en la última Reunión de Política Monetaria, el Consejo efectuó un tercer ajuste sustancial de la Tasa de Política Monetaria, llevándola a acumular una rebaja de 600 puntos base en tres meses. Junto con ello, señaló que el Consejo estimó que podrían ser necesarias reducciones adicionales aunque de magnitud y frecuencia comparables a patrones históricos. El Consejero señor Marshall hace presente que en el transcurso de este mes, se ha reafirmado la adversidad del escenario macro, si bien han surgido noticias con distinto sello. En el frente externo, indica que entre las noticias que se han conocido destacan la evolución de los mercados financieros y, en particular, de los mercados bursátiles y de crédito, que han entregado algunas señales positivas; el alza bastante generalizada de los precios de las materias primas y, en particular, del precio del cobre; las acciones de política anunciadas recientemente por el Gobierno de los Estados Unidos y el G20, que si bien pueden ser consideradas como modestas e insuficientes, denotan una voluntad para superar la crisis mayor a la que se había conocido hasta ahora; y, los nuevos recortes en las proyecciones de crecimiento mundial, tanto para éste como para el próximo año, lo que tiene una lectura negativa, pero que bien pueden estar reflejando rezagos normales en el reconocimiento de los efectos de la crisis. Sin perjuicio de lo anterior, el Consejero señor Marshall señala que, con todo, los riesgos para el escenario mundial siguen siendo altos, destacando una preocupación muy importante referida a los sistemas financieros, ya que el riesgo de que se sigan observando deteneros en las instituciones financieras es alto. Por otra parte, en el frente interno, el Consejero señor Enrique Marshall precisa que las noticias confirman las tendencias visualizadas con anterioridad. Al respecto, menciona que las condiciones crediticias permanecen restrictivas, especialmente comparadas con las prevalecientes hasta septiembre pasado, pero que ello no ha sido óbice para que las rebajas en la TPM se hayan traspasado a los clientes del sistema financiero. Señala también que la demanda por crédito ha perdido dinamismo, principalmente en el segmento de los hogares. El inicio de un ciclo descendente ha llevado a este segmento a revisar sus niveles de endeudamiento. El Consejero señor Marshall agrega que las tasas largas han observado alzas, lo que puede estar reflejando cierta normalización de la actividad en los mercados crediticios y, en particular, en el mercado de bonos corporativos, pero advierte que este desarrollo debe ser monitoreado con atención hacia delante. Respecto del tipo de cambio, el Consejero señor Marshall señala que se ha apreciado, pero que se mantiene en niveles próximos a sus promedios históricos. Agrega que lo más importante, en todo caso, es que su comportamiento se advierte como normal. En relación con la demanda y la actividad, el Consejero señor Marshall señala que siguen mostrado bastante debilidad, explicada principalmente por el flojo comportamiento de los sectores o componentes sensibles al ciclo y a la evolución del crédito, y por ello, en su opinión, el crecimiento de este año se ubicaría bastante por debajo del anticipado en enero pasado. Respecto del mercado laboral, el Consejero señor Marshall menciona que refleja los efectos de un cuadro macro adverso. El nivel de empleo se contrae y la tasa de desempleo se muestra al alza. Agrega el Consejero señor Marshall que cifras del último mes confirman la tendencia descendente de la inflación, lo que se verifica tanto para el IPC como para las medidas subyacentes, e indica que los salarios también se han sumado a esta tendencia a la moderación. Con ello, señala, se reafirma la perspectiva de una rápida caída de la inflación en los próximos meses, lo que está recogido por las expectativas de mercado. Continuando con su votación, el Consejero señor Marshall señala que el mercado anticipa nuevos recortes en la TPM hasta llegar a niveles del orden de 1,5% a mediados de año; y que para esta Reunión, se espera mayoritariamente una rebaja de 50 puntos base. En suma, el Consejero señor Marshall señala que más allá de algunas señales positivas que no imprimen tendencia, el cuadro macro sigue marcado por la severidad de la crisis financiera global, la debilidad de la actividad interna, y por la pronunciada declinación de la inflación. Por ello, considerando que los fundamentos internos son sólidos y que no existen restricciones de política relevantes, lo que procede en este caso es volver a recortar la tasa de interés. El Consejero señor Marshall señala que en la perspectiva descrita, las opciones sometidas a la consideración de este Consejo le parecen razonables aunque se inclina por una rebaja de 50 puntos base. Al respecto, precisa que un recorte de un cuarto de punto porcentual resulta tímido, considerando las acciones de política ya adoptadas y el escenario que seguimos enfrentando. Adicionalmente, en su opinión, dicha alternativa podría entregar la señal de que el ciclo de relajamiento estaría concluyendo, lo que no le parece correcto, ya que por el momento, no se cuenta con suficientes elementos de juicio para señalar el nivel al cual debería converger la TPM y, por tanto, ello debería quedar bastante abierto, ya que no se puede descartar que la Tasa llegue finalmente a un nivel inferior al que espera actualmente el mercado. Por otra parte, señala que la decisión debe ser congruente con lo señalado en nuestro último comunicado, en el sentido que la magnitud de los eventuales nuevos recortes se ajustaría a patrones históricos, lo que fija un cierto límite al recorte de esta Reunión, que en su opinión estaría más cerca de los 50 que de los 75 puntos base. Asimismo, el Consejero señor Marshall señala que a lo anterior, agregaría que no visualiza ninguna razón poderosa para sorprender al mercado, que espera una rebaja de medio punto porcentual, y que el recorte sugerido permite mantener el sesgo a la baja, lo que le parece necesario en el actual cuadro. En consecuencia, el Consejero señor Enrique Marshall señala que su voto es por bajar la Tasa de Política Monetaria en 50 puntos base hasta 1,75%.",0.926740
RPM-2009-07-09:2651:1,RPM-2009-07-09,2009-07-09,2009,Manuel Marfán Lewis,Consejero,dovish,-0.8101639140692406,0.06997564902540594,0.8801395630946466,0.04988478787994748,0.9907737863932994,unanime,decision_tpm,decision_tpm,"El Consejero señor Manuel Marfán prosigue con su análisis, señalando que el dilema de política monetaria que se enfrenta es singular y que para llevar la inflación a 3% en el horizonte de política se requiere un estímulo monetario significativamente superior al actual.","A continuación, el Consejero señor Manuel Marfán agradece, en primer lugar, el análisis del staff y, especialmente, la información que se proporcionó acerca de los inventarios, de la relación entre la variación de estos y la producción industrial, como también, de la actualización de la estimación del crecimiento del PIB para el segundo trimestre de este año y la proyección para el tercero. Además, señala que hace suyo el listado de antecedentes relevantes a considerar desde la anterior Reunión de Política Monetaria, contenido en el párrafo dos de la Minuta de Opciones. Respecto de los antecedentes referidos, el Consejero señor Manuel Marfán formula los siguientes comentarios: en primer lugar, que las caídas en la demanda interna asociadas a reducción de inventarios son de corto plazo, y que lo normal y natural al respecto es que se produzca un rebote en las ventas, lo que no necesariamente debe interpretarse como el inicio de una reactivación duradera. A su juicio, eso es lo que, en gran parte, se aprecia en el reciente repunte de los datos mensuales de comercio mundial y de actividad industrial de las principales economías, especialmente de Asia. Agrega, que en el plano nacional, en tanto, la fuerza y efectos de la caída de inventarios aún se mantienen. En segundo lugar, el Consejero señor Marfán menciona que las nuevas estimaciones de producción de corto plazo y de la actividad permiten concluir que el crecimiento de este año se ubicará por debajo del rango señalado en el último IPoM, por lo que el escenario central que allí se definió quedó atrás. Es por ello, que estima debieran ser revisadas también las proyecciones de los analistas para el año 2009, contenidas en la Encuesta de Expectativas Económicas. Al respecto, añade que aunque no se cuenta con una nueva proyección completa para el horizonte de política, ese menor crecimiento para el año 2009 apunta a menores fuerzas inflacionarias en adelante. Como tercer comentario, el Consejero señor Manuel Marfán indica que las tasas de interés promedio del sistema han continuado reflejando el mayor estímulo monetario, y que en momentos de mayor incertidumbre, como el actual, también es importante conocer la dispersión de las tasas de interés, pues algunos agentes relevantes pueden enfrentar tasas más elevadas y condiciones más restrictivas en el mercado crediticio. Si esto fuera así, la potencia del estímulo monetario sería menor. En cuarto lugar, el Consejero señor Manuel Marfán se refiere a las paridades mundiales, destacando que estas siguen reflejando fuertes desalineamientos. En su opinión, el dólar de los Estados Unidos debiera decrecer significativamente a escala mundial, lo que está lejos de ocurrir, y que la moneda china debiera apreciarse fuertemente, lo que también está lejos de ocurrir. Los desequilibrios globales, por lo tanto, siguen latentes, lo que mantiene el riesgo de un empeoramiento de la economía mundial. En lo referente al peso, menciona que se ha apreciado respecto del dólar, llegando a niveles cercanos al mínimo de un rango que se considera consistente con los fundamentos de largo plazo de la economía chilena, pero que, con todo, es complejo analizar el nivel de equilibrio del peso cuando la moneda de referencia se encuentra desequilibrada. Para finalizar con los comentarios respecto de los antecedentes, el Consejero señor Manuel Marfán recuerda que en reuniones de trabajo anteriores el Consejo recibió información que apunta a que la tasa de política monetaria mínima técnicamente, esto es, la que no provoca turbulencias en los depósitos bancarios, es del orden de 0,5% anual, lo que ubica ese nivel dentro de las posibilidades para la decisión de la reunión en curso. El Consejero señor Manuel Marfán prosigue con su análisis, señalando que el dilema de política monetaria que se enfrenta es singular y que para llevar la inflación a 3% en el horizonte de política se requiere un estímulo monetario significativamente superior al actual. En su opinión, en condiciones normales la decisión debiera ser reducir fuertemente la tasa de política monetaria e incluir un claro sesgo a la baja en el Comunicado, pero que técnicamente no se puede actuar de esa manera en la actual coyuntura, ya que la TPM está a solo 25 puntos base del mínimo técnico o de seguridad, y ese es el máximo avance que se puede dar en la presente oportunidad. Agrega, que si así fuera, como es su voto al respecto, resulta arriesgado y. por lo tanto, inconveniente incluir un sesgo a la baja que no debería haber, y que una alternativa es dar cuenta que la política monetaria seguirá siendo fuertemente expansiva durante un período largo. El Consejero señor Manuel Marfán hace mención a la última Encuesta de Expectativas Económicas, la que muestra que la opinión de los analistas es que la Tasa de Política Monetaria debiera reducirse a 50 puntos base en esta ocasión y mantenerse en ese nivel por lo menos hasta fin de año, conclusión que también se infiere de la encuesta a los operadores de mesas de dinero que informó la Gerencia de División Operaciones Financieras. Continúa, expresando que los precios de los activos muestran, sin embargo, una curva forward para la tasa de política monetaria más elevada que lo señalado y que lo conveniente. A su juicio, es probable que ello refleje más bien primas de riesgo frente a escenarios alternativos, ya que cuando la citada tasa se encuentra en su nivel mínimo la dispersión se produce en un solo sentido. Agrega, que se trata, como ya lo había indicado, de un conjunto de elementos que describen una situación singular, y es por ello que estima acertada la recomendación de la Gerencia de División Estudios de incursionar en políticas no convencionales, como lo están haciendo los principales bancos centrales del mundo y, en particular, de intervenir en el mercado, eligiendo algún punto de la forward para aplanarla al nivel de la TPM que se decida en la presente Reunión, tal como ha sido propuesto. Acerca de las decisiones que corresponde adoptar al respecto, el Consejero señor Manuel Marfán señala que su voto es el siguiente: en primer término, reducir la tasa de política monetaria a su nivel mínimo de 50 puntos base; en segundo lugar, intervenir el mercado financiero de manera explícita, en un horizonte de hasta 180 días, ya que se trata de un período para el que tanto la Encuesta de Expectativas Económicas y la de los operadores de mesas de dinero reflejan que la tasa debiera mantenerse en 50 puntos base, habida consideración también de que el efecto buscado es el de que los precios financieros reflejen las expectativas de los agentes mejor informados. Como tercera medida, propone que los instrumentos a utilizar sean los dos que contempla la Minuta de Opciones, es decir, otorgar una facilidad de liquidez y efectuar operaciones de mercado abierto con PDBC a iguales plazo y tasa de interés, agregando, al respecto, que las medidas financieras complementarias que señalara el Gerente de División Operaciones Financieras también forman parte integrante de su voto. A su juicio, los detalles técnicos menores debieran ser delegados al Presidente del Banco. Como cuarto elemento de su voto, el Consejero señor Manuel Marfán se inclina porque el Comunicado sea claro y explicativo respecto de la decisión que se adopte en la Reunión, especificando, que para ello es necesario que esa comunicación explique y fundamente técnicamente el ingrediente macro de la política no convencional que se adopte, en caso que ella sea la que resulte de la vo ación mayoritaria. En su opinión, sería altamente inconveniente postergar para el día siguiente una explicación clara al respecto, sin perjuicio de que se realice una eventual conferencia de prensa en la mañana siguiente para aportar más detalles y aclarar eventuales dudas. Para finalizar, sugiere que dado que la práctica del Consejo es hacer Comunicados de política breves, quizás debiera redactarse un segundo Comunicado para ser dado a conocer una vez finalizada esta Reunión.",0.892870
RPM-2009-02-12:2376:1,RPM-2009-02-12,2009-02-12,2009,José De Gregorio Rebeco,Presidente del Banco Central,dovish,-0.8492973060849581,0.054913506442178385,0.9042108125271365,0.040875681030685104,0.9942776234601272,unanime,acuerdo_comunicado,acuerdo_comunicado,"De hecho, un nivel razonable sería llevar la tasa de interés real de política monetaria a O, cifra no muy distinta de la observada desde fines del año 2002 hasta fines del año 2004, período en el cual incluso estas tasas reales fueron negativas.","El Presidente señor José De Gregorio comenta que las noticias más recientes indican que el escenario de riesgos negativos en materia de actividad, que se señaló en nuestro último IPoM, se estaría materializando. En particular, las proyecciones de crecimiento de la economía mundial se han deteriorado de manera importante. Respecto de nuestra Reunión de Política Monetaria de enero, la proyección de crecimiento del PIB de los socios comerciales este año pasaría de un 0.4 a -0,2 de acuerdo a la última revisión del WEO. Reducciones en las tasas de crecimiento proyectadas del orden de 0,6 puntos porcentuales se verifican también para el PIB mundial a precios de mercado y a PPP. El mundo, ponderado a precios de mercado, podría contraerse hasta en un 1%, cifra no observada en muchas décadas. Por otra parte, señala el señor Presidente que el escaso avance en materia de resolución de la crisis financiera, en particular, en los Estados Unidos de América, agrega mayores riesgos al panorama internacional. Indica, que se está frente a una crisis internacional de proporciones, y que si bien se puede esperar que en el transcurso del año el panorama se debiera ir despejando, aún persisten enormes incertidumbres. En materia interna, comenta el señor Presidente que los datos de actividad han estado por debajo de lo esperado, lo que indica un debilitamiento en materia de actividad y ampliación en holguras de capacidad para nuestra economía. En el ámbito inflacionario, habida cuenta de los cambios metodológicos en la nueva medición del IPC, la convergencia de la inflación hacia la meta estaría ocurriendo de manera rápida, situándose en el rango de 2 a 4% a mediados de este año, y tomando en cuenta la volatilidad de los registros del año pasado, se puede incluso pasar algunos meses en la parte inferior del rango. Agrega, que el reciente fortalecimiento del peso contribuiría a consolidar esta proyección, mientras que la ampliación de holguras debería agregar mayores presiones a la caída de la inflación. Señala el Presidente señor José De Gregorio, que lo anterior hace estimar, dado que la convergencia de la inflación ocurre en un plazo breve y las holguras se amplían, que se requiere de un impulso monetario mayor que el estimado en el mes de enero pasado. De hecho, un nivel razonable sería llevar la tasa de interés real de política monetaria a O, cifra no muy distinta de la observada desde fines del año 2002 hasta fines del año 2004, período en el cual incluso estas tasas reales fueron negativas. Agrega, que esta cifra es del orden de la indicada en la Minuta de Opciones y también resulta coherente con las noticias recientes de actividad e inflación. Comenta, que si hoy se debiera decidir entre balancear los riesgos de quedar cortos o pasarse con la tasa, cree que con una adecuada evaluación de los riesgos debiera optarse por lo segundo. Esta decisión busca reducir los riesgos de escenarios aún peores que los actuales. En consecuencia, la pregunta central es la velocidad a la que se debiera llegar a ella A juicio del señor Presidente, esto debiera ocurrir con rapidez, dada la velocidad con que se reciben noticias negativas de la economía mundial, y su impacto sobre la economía chilena, es decir el ajuste debería ser front loaded. / Puntualiza que dadas las expectativas de mercado, el impacto que pudiera tener sobre las variables financieras y las señales confusas que pudiera dar sobre el diagnóstico de la economía, no le parece recomendable actuar de una sola vez, por ejemplo, en unos 425 puntos base. De hecho, cree que se debiera anunciar en nuestro comunicado que esto ocurrirá en ésta y la siguiente reunión, de manera que la sorpresa para el mercado sea acotada. Agrega, que hacer esto en sesenta días le parece difícil de justificar y sostener, dado el sesgo de las noticias macroeconómicas. Indica, que esperar un mes para completar este proceso, permitirá calibrar el siguiente ajuste de modo de alcanzar una tasa de interés que deje con un sesgo neutral, al menos uno en el cual se pueda sostener una tasa constante por algunos meses. Para alcanzar dicho objetivo, señala el Presidente señor José De Gregorio, se necesita espacio y un ajuste de 200 puntos base no basta pues acota, en un escenario realista, la tasa terminal a 3,25%. Por ello, cree que hoy, hay que bajar la tasa en 250 puntos base, algo por encima de las expectativas más altas de recorte. Señala, que sin duda esta decisión tiene riesgos y está sujeta a algunos problemas. A su juicio y por la discusión que se ha tenido, el principal problema es la señal que da irse fuera de lo que ha sido la práctica y lo que espera el mercado. Efectivamente, algo de esto pudiera ocurrir, pero se debiera mitigar con un buen comunicado, y por su parte le cuesta pensar que en el margen el efecto neto de esta decisión sea restrictivo. Indica el señor Presidente, que por otra parte no se estaría más que reconociendo la realidad, es decir, se estaría indicando que la probabilidad de crecer entre 2% y 3% se ha reducido drásticamente, pero ello es la conclusión natural de las menores perspectivas de crecimiento mundial, algo que ya se observa en la cifras del primer trimestre. Por otro lado, le parece que también existe una señal positiva y es que la política monetaria es capaz de adelantarse, asumir liderazgo y prevenir los efectos de eventos más negativos en el futuro. Si se hubiera sobrerreaccionado, la solución es revertir el curso de la política monetaria, y si eso ocurre, cuanto mejor, por lo tanto, la reversión temprana del curso de la política monetaria no debería ser impedimento para actuar con decisión. Por otra parte, señala que las dificultades con que operan los mercados financieros en sus arbitrajes y su transmisión a las tasas de colocación, podrían llevar a pensar que en el margen algunas decisiones de gasto se posterguen mientras la tasa no llegue aún a su piso. Menciona, que esperar que la tasa llegue a su piso a fines de año podría limitar los efectos expansivos de la política monetaria. Comenta que aún cuando ha sido tradicionalmente crítico de este argumento, en particular cuando los mercados financieros son relativamente eficientes, hoy el funcionamiento de los mercados financieros y la magnitud de los ajustes de tasa previstos no permiten descartar este argumento con facilidad. Asimismo, un frontloading debiera acelerar la transmisión de la Tasa de Política Monetaria a las tasas de mercado. Plantea el señor Presidente, que otro cuestionamiento a actuar con agresividad es que el movimiento de tasas podría aparecer anormalmente alto dado los estándares internacionales del último año. No obstante, indica que se está partiendo de una tasa bastante más alta, la que correctamente se elevó para responder a un desafío inflacionario de proporciones, de modo que en términos porcentuales la reducción de tasas no es excepcionalmente alta. Más aún, son precisamente las proyecciones para la trayectoria de la inflación y las fortalezas de nuestra economía las que permiten hacer frontloading en materia de política monetaria, algo que desafortunadamente otras economías emergentes no pueden hacer. Menciona, que se ha construido una sólida posición macroeconómica que otorga muchos grados de libertad para usar políticas contracíclicas, las que se deben usar. Por las razones expuestas, el Presidente señor José De Gregorio, vota por bajar la tasa en 250 puntos base y con un claro sesgo a la baja. Agrega, que el comunicado debiera indicar que se llegará rápido a una tasa inferior a la prevista en el último IPoM. El Presidente señor José De Gregorio señala que como consecuencia de la votación efectuada se han obtenido tres votos por bajar la tasa en 250 puntos base y otros dos, por disminuirla en 200 puntos base.",0.888931
RPM-2009-04-09:2500:1,RPM-2009-04-09,2009-04-09,2009,José De Gregorio Rebeco,Presidente del Banco Central,dovish,-0.8041795031061141,0.07870870301328395,0.882888206119398,0.03840309086731798,0.9954206581226567,unanime,acuerdo_comunicado,acuerdo_comunicado,"Señala que si bien la inflación medida en doce meses tendrá una volatilidad inusual debido en gran parte a los muy elevados registros mensuales del año pasado, una trayectoria de política monetaria con un mayor impulso, no debiera amenazar el cumplimiento de la meta de inflación en el horizonte de política.","El Presidente señor José De Gregorio señala que las cifras más recientes siguen denotando algo de mayor debilidad económica a la esperada durante el primer trimestre, principalmente por la sorpresa a la baja del IMACEC de febrero. Agrega que la inflación estuvo en línea con lo esperado por el mercado, aunque algo menos de lo que el Banco esperaba. Señala que en todo caso, las desviaciones no reflejan un cambio sustancial del panorama de debilidad esperado para todo este año. Al respecto, menciona que la inflación seguirá contenida y evolucionando de acuerdo a lo esperado, es decir, con una importante baja en los próximos meses, para luego situarse en torno al rango meta hacia fines de año e inicios del próximo. Indica que las cifras de salarios confirman un panorama benigno en materia inflacionaria. Continuando con su votación, el señor Presidente hace presente que la situación internacional sigue muy debilitada, aunque las cifras en el margen así como los precios de los activos mostrarían que la recesión mundial estaría próxima a tocar fondo o al menos que las severas caídas observadas en los dos últimos trimestres no se estarían repitiendo. Con todo, advierte que hay que evaluar con mucha cautela el escenario internacional, pues las incertidumbres y riesgos siguen siendo excepcionalmente elevados, y aún no se advierten signos claros de que vaya a comenzar la recuperación en el curso del 2009. Por otra parte, el Presidente señor José De Gregorio señala que internamente, la actividad sigue débil, aunque el cambio de signo del ciclo debiera estar observándose en este segundo trimestre, algo que al igual que en el escenario internacional presenta altos grados de incertidumbre. Agrega que en los mercados financieros se han estado reflejando los efectos del significativo recorte de la Tasa de Política Monetaria, lo que debería permitir una recuperación más sostenida hacia el segundo semestre. En tal sentido, señala que la política monetaria está teniendo sus efectos en las tasas de colocación y en los próximos meses se debería reflejar en las cifras de actividad. Señala que con todo, aún hay espacios para seguir aumentando el impulso monetario, tal como se preveía el mes anterior y, por lo tanto, se justifica seguir reduciendo la Tasa de Política Monetaria. Indica que la pregunta que enfrentamos hoy es de qué magnitud debiera ser este ajuste. Al respecto, el señor Presidente indica que 25 puntos base es muy bajo y no resultaría coherente con la magnitud de las brechas y el impulso monetario previsto, ni tampoco con llegar en el próximo par de meses a una tasa consistente con la actual posición cíclica de la economía, algo que cree debiera estar más cerca del 1% que del 2%. No obstante, y tal como lo señalara el comunicado de la Reunión de marzo, dada la desviación de lo que podría ser una tasa en la que nos detengamos en los próximos meses, los cambios debieran ser de magnitudes similares a los patrones históricos, los que se encuentran en el rango de 25 a 50 puntos base. En su opinión, no es fácilmente descartable mantener un ritmo algo más rápido de convergencia de tasas reduciéndola en 75 puntos base. De adoptar esta decisión, se tendrían mayores espacios en la decisión de baja del próximo mes, y eso sin duda que es una ventaja de una actitud más agresiva. Sin embargo, una rebaja de ese tipo se desvía de los patrones históricos, lo que podría indicar que el panorama es significativamente peor de lo presupuestado hace un mes, lo que no es así, a pesar de las sorpresas de inflación y actividad. Agrega que si bien ha habido algunas desviaciones, no cree que sean de una magnitud y persistencia que ameriten cambiar la trayectoria ya anunciada de recortes de la tasa de interés. Precisa que, en todo caso, debiéramos mantener un sesgo expansivo. El Presidente señor José De Gregorio destaca que las inéditas bajas de tasas de los meses anteriores permitieron al Banco adelantar el ajuste y mitigar los riesgos de escenarios mucho peores a los actuales. Lo anterior, es precisamente lo que permite volver a patrones históricos. Por lo tanto, el argumento para un ajuste de tasas mayor, basado en pequeñas sorpresas en el margen, no le parece que hoy día sea el más adecuado. Señala que si bien la inflación medida en doce meses tendrá una volatilidad inusual debido en gran parte a los muy elevados registros mensuales del año pasado, una trayectoria de política monetaria con un mayor impulso, no debiera amenazar el cumplimiento de la meta de inflación en el horizonte de política. Indica que las holguras que se están generando han sido abordadas oportuna y agresivamente por las políticas monetarias y fiscal, lo que limita el riesgo de un escenario de inflación persistentemente debajo de la meta y, coincidiendo con la exposición del Vicepresidente señor Jorge Desonneaux, recalca que de lo último que se le podría acusar al Banco Central de Chile, es de pasividad. El Presidente señor José De Gregorio señala que sin duda el señor Ministro hizo una pregunta que también lo ha tenido bastante preocupado por muchos días, y pensando qué significa, más allá de los elementos tácticos, el volver a patrones históricos y cuál es la diferencia entre hacer el ajuste de una sola vez o hacerio de inmediato. Indica que cuando los mercados financieros funcionan sin problemas debería dar lo mismo. En nuestro país, tampoco podemos estar pensando que el mercado financiero y los arbitrajes no están operando, pero sin duda, dadas las dificultades, se podría pensar en adelantar el ajuste. De hecho, uno de los argumentos que le ha tocado exponer en el último tiempo, es que precisamente la muy severa baja de tasas pudo haber ayudado al traspaso de las Tasas de Política Monetaria hacia las tasas de colocaciones, por cuanto fueron significativas y evidentes, y la competencia en el mercado bancario debiera reflejar esas bajas de tasas. Sin embargo, considera que en esta oportunidad hay que dar tiempo para que continúen transmitiéndose las rebajas en la Tasa de Política Monetaria a las tasas de mercado y, por ello, indica que pareciera ser adecuado seguir con dosis importantes, pero sostenidas en el tiempo, las que darán mayor espacio para continuas rebajas en las tasas de colocación, y su efecto final sobre las tasas largas debiera ocurrir una vez concluido con el proceso de baja de tasas en un momento en que se pueda anunciar que las tasas bajas permanecerán por un tiempo prolongado. Por lo anterior, el Presidente señor José De Gregorio señala que su voto es por reducir la Tasa de Política Monetaria en 50 puntos base y mantener el sesgo a la baja, pues el relajamiento monetario aún no ha concluido.",0.887372
RPM-2009-02-12:2375:1,RPM-2009-02-12,2009-02-12,2009,Jorge Desormeaux Jiménez,Vicepresidente del Banco Central,dovish,-0.7705769065278856,0.09055642373586978,0.8611333302637554,0.0483102460003747,0.9928092017064912,unanime,acuerdo_comunicado,acuerdo_comunicado,"Indica, que frente a este cuadro, resulta necesario revisar la trayectoria ideal de la Tasa de Política Monetaria que consideraba el Informe de enero de 2009, y que contemplaba un recorte de dicha tasa de política monetaria a niveles de entre 4% y 5% para el segundo trimestre de este año.","El Vicepresidente señor Jorge Desormeaux manifiesta que el Informe de Política Monetaria del mes de enero proyectó una importante caída en la inflación proyectada, lo que llevó al Consejo a introducir un recorte de 100 puntos base en la Tasa de Política Monetaria en la reunión de dicho mes, el cual fue acompañado de un comunicado que señalaba que, en el escenario más probable, este recorte sería seguido por otros. Indica el señor Vicepresidente, que desde esa fecha, se ha acumulado información adicional que obliga a revisar el diagnóstico del Informe de Política Monetaria del mes de enero. Comenta el señor Vicepresidente que en el plano internacional, las perspectivas de crecimiento global para el año 2009 se han deteriorado significativamente, indicando que en el caso de nuestros socios comerciales, desde un crecimiento de 0,4% se ha pasado a una contracción de 0,3% y tratándose de la producción industrial y del comercio exterior la corrección ha sido particularmente severa a nivel global. En el plano interno, señala el Vicepresidente señor Jorge Desormeaux que pese a la relativa normalidad que se observa en el mercado monetario, al fortalecimiento que ha experimentado el peso y al alza registrada por la bolsa, las cifras de actividad y demanda interna han mostrado un debilitamiento superior al previsto en el Informe de Política Monetaria del mes de enero de 2009. Indica, que dado que en Chile no se observa un estrangulamiento crediticio, que su sistema financiero se encuentra sano y bien capitalizado, y que el país tiene mecanismos para aislar a la economía de las fluctuaciones del precio del cobre, este severo ajuste sólo puede representar una reacción endógena frente a un importante ajuste de expectativas de parte de consumidores e inversionistas. Como resultado de lo expuesto, estima el señor Vicepresidente, que las proyecciones de inflación se han corregido a la baja, lo que se ha extendido también a las expectativas privadas de inflación. Indica, que frente a este cuadro, resulta necesario revisar la trayectoria ideal de la Tasa de Política Monetaria que consideraba el Informe de enero de 2009, y que contemplaba un recorte de dicha tasa de política monetaria a niveles de entre 4% y 5% para el segundo trimestre de este año. Señala, que el Informe de la Gerencia de División Estudios sugiere aproximarse a esta nueva realidad de dos maneras alternativas. Por una parte, evaluando el cambio que ha tenido lugar desde enero pasado en las brechas de capacidad, un incremento de 1,5 puntos porcentuales en dos trimestres, y en las expectativas de inflación, una reducción de medio punto porcentual en un horizonte de 12 meses. Precisa, que este ejercicio lleva a corregir los niveles objetivos para la Tasa de Política Monetaria del Informe del mes de enero de 2009 en alrededor de 150 a 175 puntos base, hasta alcanzar tasas en torno a 3% en el segundo trimestre de este año. Por otra parte, el propio Informe del mes de enero citado, presenta un escenario alternativo que tiene similitudes con las condiciones actuales, el que apunta a un nivel objetivo de la Tasa de Política Monetaria, sin inercia, de 2% a 3% en promedio para el segundo trimestre de 2009. Comenta también, el Vicepresidente señor Jorge Desormeaux que, en su opinión, la decisión de hoy debe enmarcarse en este nuevo escenario base, donde la convergencia de la inflación a 3% anual requiere de un ajuste en torno a 425 puntos base en el curso de un trimestre, de modo que, a pesar de que persisten importantes grados de incertidumbre interna y externa, la decisión de hoy debe enfocarse a la tarea de cómo aproximarse de manera óptima a este nuevo nivel objetivo para la Tasa de Política Monetaria. Desde esta perspectiva, el señor Vicepresidente estima que debe descartarse la opción de un recorte de 100 puntos base, porque los escenarios de riesgo para la actividad y la inflación siguen estando sesgados a la baja, y que por lo tanto una estrategia gradual no parece aconsejable. Señala el Vicepresidente señor Jorge Desormeaux que las alternativas propuestas de recortar la tasa de política monetaria en 200 ó 300 puntos base tienen la ventaja de ser proactiva, en el sentido que de darse un deterioro adicional de la economía, dejan al Banco Central de Chile en condiciones de realizar oportunamente ajustes adicionales que permitan garantizar la convergencia inflacionaria en el horizonte habitual de política. Entre estas dos alternativas, el señor Vicepresidente se inclina a favor de la opción de reducir la tasa de política monetaria en 200 puntos base, puesto que sería menos sorpresiva para el mercado, y por lo tanto, no tendría efectos significativos en los precios de los activos financieros y las expectativas de los agentes económicos. Por otra parte, agrega que la opción de recortar la tasa de política monetaria en 300 puntos base presenta la ventaja de un ajuste más proactivo, pero que a la vez podría afectar los precios de los activos financieros y las expectativas de los agentes económicos en una dirección contraria a la deseada. Comenta el Vicepresidente señor Jorge Desormeaux, que si el deterioro de la demanda interna y la actividad en los últimos dos trimestres obedece esencialmente a un deterioro de expectativas, éste ciertamente no sería un tema a descuidar. En efecto, una medida tan radical podría llevar a un deten oro adicional de las expectativas internas y poner en tela de juicio la solidez de la economía chilena en el plano externo. Con todo, señala que le otorga un gran valor al hecho de que la decisión de hoy cuente con un fuerte respaldo al interior del Consejo, por lo cual está dispuesto a sumar su voto a una opción alternativa a la planteada, si es que ella logra concitar el apoyo de una mayoría. / - Por las razones expuestas, el Vicepresidente señor Jorge Desormeaux vota por recortar la Tasa de Política Monetaria en 200 puntos base. Por último, señala que concuerda con las recomendaciones de la Gerencia de División Estudios sobre el contenido del comunicado que debe acompañar a esta decisión.",0.868525
RPM-2009-02-12:2370:1,RPM-2009-02-12,2009-02-12,2009,María Olivia Recart Herrera,Ministra de Hacienda (S),dovish,-0.7753688858854337,0.06109574530752702,0.8364646311929608,0.10243962349951215,0.9850009202226409,unanime,acuerdo_comunicado,acuerdo_comunicado,"Como resultado de lo anterior, la tasa de colocación ha estado por encima de la Tasa de Política Monetaria por un período de tiempo mucho más extenso, lo que representa un endurecimiento endógeno de la política monetaria justo en el momento en que la brecha del PIB tendía al alza tanto en Chile como en el extranjero.","La Ministra de Hacienda Subrogante señora María Olivia Recart primeramente, agradece la información proporcionada en la reunión de esta mañana, como asimismo, destaca las respectivas exposiciones. Manifiesta, que a continuación, va a exponer la visión desde la perspectiva del Ministerio de Hacienda. En primer término, destaca que el deterioro externo ha llegado a niveles extremos tal como se señaló en la reunión de esta mañana y que en el ámbito internacional persiste la incertidumbre con motivo de la crisis financiera, por lo que la situación se ha tornado más negativa. Agrega, que la crisis afecta a los países de la OCDE y que también se ha extendido a Asia con el consiguiente desplome de la producción industrial en las principales economías de esa región. Asimismo, menciona que Europa del Este también pasa por una situación crítica y que igualmente América Latina se deteriora rápidamente, por lo que si se considera el tipo de cambio del mercado, la economía mundial conforme a estimaciones de fuentes diversas se contraerá por primera vez en seis décadas. En este contexto, la señora Ministra de Hacienda Subrogante, comenta que a pesar de la solidez de los fundamentos de la economía y la respuesta por parte de la política fiscal y monetaria, las expectativas en Chile se han visto bruscamente afectadas a partir del mes de septiembre de 2008, siendo mucho más agresiva y pronunciada en el último trimestre del año pasado, ya que con excepción del gasto fiscal todos los otros componentes de la demanda agregada muestran signos claros de deterioro. Continúa su exposición, argumentando que con motivo de la situación que presentó al banco de inversión Lehmann & Brothers, los spreads por riesgos subieron drásticamente en todo el mundo y que Chile no fue la excepción. Comenta, que en nuestro país la situación de liquidez se restableció rápidamente y las tasas en dólares onshore se normalizaron, pero los spreads entre tasas activas y pasivas han sido mucho más persistentes. Como resultado de lo anterior, la tasa de colocación ha estado por encima de la Tasa de Política Monetaria por un período de tiempo mucho más extenso, lo que representa un endurecimiento endógeno de la política monetaria justo en el momento en que la brecha del PIB tendía al alza tanto en Chile como en el extranjero. Agrega, la señora Ministra de Hacienda Subrogante que la trayectoria de la inflación ha cambiado drásticamente en el último trimestre, con tres meses de inflación negativa que han llevado en doce meses a una tasa muy por debajo de lo previsto hace unas semanas atrás. Indica también, que es muy importante destacar que las expectativas de inflación en todos los horizontes relevantes se han reducido sustantivamente, ampliándose a la meta del Banco Central de Chile la baja de la inflación esperada, mientras que por su parte ha subido significativamente la tasa real, lo que a su vez implica una mayor restricción del impulso monetario justo en momentos en que la economía se desacelera bruscamente. En este sentido, hace alusión a un articulo de la revista The Economist del economista señor Olivier Blanchard del que se desprende que en el escenario de incertidumbre que se enfrenta hoy día, lo que se requiere fundamentalmente es reducir dicha incertidumbre con respecto a lo que pueda ocurrir en esta situación de crisis. En este sentido y fuera de Chile, hace presente que el riesgo de un colapso sincronizado de la actividad con nuestros socios comerciales se ha vuelto una sorpresa habitual y a ello se suma la debilidad continua de los sistemas financieros de los países avanzados, y a la demora de la implementación de soluciones de fondo, tanto en Estados Unidos de América como en Europa, por lo que, en su opinión, el shock externo real y financiero para Chile se ha magnificado con consecuencias dramáticas para la actividad. En relación a lo anterior, la señora Ministra de Hacienda Subrogante manifiesta que en Chile la inflación ha dejado de ser el principal riesgo, pasando a serlo, a su juicio, que se produzca una baja brusca, profunda e inesperada de la demanda agregada y por consecuencia se afecte la actividad, lo que produciría impactos en el mercado laboral e incluso, potencialmente, en la cartera crediticia de los bancos y por ende, también en el sistema financiero. En consideración a ello, la Ministra de Hacienda Subrogante comenta que la principal meta hoy de la política fiscal y de la monetaria debe ser evitar esta baja no planeada ni deseada de la demanda agregada, lo que requiere de un impulso monetario mucho mayor que el actual y por lo tanto de una baja cuantitativamente importante de la tasa de instancia, situación que dejó claramente establecida el Banco Central de Chile en su comunicado de la Reunión de Política Monetaria anterior. Continuando con su comentario, manifiesta que la única pregunta que puede formularse es la de con qué velocidad proceder. En su opinión, dada la claridad respecto a dónde se quiere llegar, el tamaño de la brecha entre el nivel actual de la Tasa de Política Monetaria y el nivel que se quiere alcanzar, no hay razones para dilatarla. Indica, que podría argumentarse que una baja rápida agota con demasiada velocidad el instrumental disponible del Banco Central de Chile, mencionando que ese debate, que se ha planteado en Europa entre otras regiones, no tiene cabida en Chile. Ello, en virtud de las siguientes razones, primero, tanto la tasa nominal como la real en Chile siguen siendo altas; segundo y más importante que lo anterior, el riesgo de actuar tardíamente es mucho mayor que los riesgos alternativos y el costo de equivocarse en esa dirección generaría efectos perjudiciales, tanto para la salud de la economía, como también, para la credibilidad de la política monetaria. En síntesis, la señora Ministra de Hacienda Subrogante concluye que se enfrenta una situación extraordinaria que hace necesario también adoptar acciones de esa misma naturaleza y por ello, al Ministerio de Hacienda le parece aconsejable una baja potente, inusualmente alta en la Tasa de instancia monetaria, seguida de una discusión del sesgo hacia la baja.",0.865782
RPM-2009-07-09:2644:2,RPM-2009-07-09,2009-07-09,2009,Luis Felipe Céspedes Cifuentes,Gerente de Investigación Económica,dovish,-0.7561786113945586,0.06707959576652739,0.8232582071610859,0.10966219707238689,0.9821306195614321,unanime,opciones_tpm,opciones_tpm,"Precisa, que un cálculo basado en una simple regla de Taylor, y consistente con lo expresado por el Gerente de Análisis Macroeconómico durante la mañana, indica que la TPM debiese ser negativa en el corto plazo para que la inflación converja a la meta de 3% en el horizonte de política monetaria.","quien comienza su exposición señalando que así como fue discutido en la sesión de la mañana y tal como lo indica la Minuta de Opciones, es necesario imprimir un impulso monetario adicional al ya contemplado en el escenario central del IPoM de mayo, habida consideración de la acumulación de noticias en los últimos meses. Precisa, que un cálculo basado en una simple regla de Taylor, y consistente con lo expresado por el Gerente de Análisis Macroeconómico durante la mañana, indica que la TPM debiese ser negativa en el corto plazo para que la inflación converja a la meta de 3% en el horizonte de política monetaria. Respecto del mínimo al cual podría llegar la TPM producto de la crisis financiera, plantea que, dado lo señalado en la Minuta de Opciones, no es difícil concluir que la vía de escape al problema de un límite inferior a la TPM, al menos inicialmente, sea incrementar el periodo de tiempo por el cual esta debiese mantenerse baja. En su opinión, si no se puede bajar la tasa en el corto plazo, habría que reducir la pendiente para lograr un estímulo macroeconómico equivalente. Agrega, que lamentablemente y tal como se ha observado en las últimas semanas, afectar la trayectoria de tasas esperadas por el mercado es complejo y difícil, dado que los problemas de consistencia dinámica se exacerban en este tipo de situaciones. Lo anterior, manifiesta el señor Céspedes, puede redundar en una Tasa de Política Monetaria esperada mayor que la necesaria para volver la inflación al 3% en el horizonte de política. Hace presente, que más complejo aún es que conforme la estructura de tasas de mercado es mayor que la requerida, se exacerba la necesidad de mantener la TPM en un nivel muy bajo por períodos prolongados. Explica, que por cada vez que el mercado tiene una estructura de tasas superior a la que los modelos del Banco indican, se requiere aumentar el lapso de tiempo en el que se debiese mantener baja la Tasa de Política Monetaria, es decir, se puede entrar en un círculo vicioso. Al respecto, señala que una forma de reducir este problema es implementar mecanismos que le den credibilidad a la comunicación de una TPM que se mantendrá baja por un período, y que la alternativa de facilidades de liquidez discutida en la Minuta de Opciones emerge como un elemento clave en esta dirección. En su opinión, de no explicitarse un plazo en el cual esta facilidad estará disponible, se aumenta la probabilidad de que el mercado estime una mantención de TPM menor que la requerida para estimular a la economía. Informa, que antecedentes preliminares basados nuevamente en ejercicios en torno al escenario de riesgo del IPoM, muestran que los plazos a los cuales la TPM debiese mantenerse en niveles bajos exceden largamente los que podría comprometer el Banco en operaciones de liquidez, por lo que se requiere avanzar en otras dimensiones que apoyen este tipo de medidas, reafirmando que las señaladas en la Minuta de Opciones van en esa dirección. El Gerente de Investigación Económica agrega que, dado el nivel de incertidumbre sobre el efecto de la estructura de tasas de los cursos de acción de política delineados en la Minuta de Opciones, parece razonable esperar y evaluar los efectos de la decisión de política monetaria que se adoptará antes de discutir potenciales alternativas. No obstante, señala que hay que tener muy presente que conforme la estructura de tasas se mantenga por sobre la requerida según las estimaciones disponibles en un esquema de facilidades de liquidez, el Banco tendría que comprometerse cada vez a plazos de mantención de TPM mayores o implementar acciones de política que, adoleciendo de un grado menor de inconsistencia dinámica, permitan incrementar el estímulo monetario en el corto plazo. Como una nota al margen, el señor Céspedes menciona que la sola existencia de potenciales medidas adicionales es útil para evitar el problema de distribución de TPM futuras truncadas en el valor mínimo posible. Respecto a estas medidas adicionales, finaliza, la experiencia reciente de otras economías abiertas puede ser interesante de tener en cuenta.",0.858397
RPM-2009-03-12:2428:1,RPM-2009-03-12,2009-03-12,2009,Pablo García Silva,Gerente de División Estudios,dovish,-0.7768582433032337,0.07743504635355089,0.8542932896567846,0.06827166398966458,0.9926660870186685,unanime,acuerdo_comunicado,acuerdo_comunicado,"En primer lugar, hace presente que en la discusión de la Reunión de Política Monetaria anterior se señaló que, en el escenario más probable, la Tasa de Política Monetaria seguiría una trayectoria por debajo de la considerada en el escenario base del IPoM, convergiendo en el corto plazo a niveles comparables con los implícitos en los precios vigentes de los activos financieros para mediados de año, lo que implicaba una Tasa de Política Monetaria objetivo para el corto plazo de 3%.","El Gerente de División Estudios señor Pablo García señala que en la última Reunión de Política Monetaria, el Consejo acordó reducir la tasa de interés de política monetaria hasta 4,75% anual, señalando que esa decisión adelantaba la convergencia de la Tasa de Política Monetaria a un nivel coherente con el entorno macroeconómico actual y sus riesgos Además, se indicó que, en el escenario más probable, la Tasa de Política Monetaria seguiría una trayectoria por debajo de la considerada en el escenario base del IPoM, convergiendo en el corto plazo a niveles comparables con los implícitos en los precios vigentes de los activos financieros para mediados de año. Agrega el señor Gerente de División Estudios, que desde dicha Reunión, las principales noticias que se han acumulado son las siguientes; En el ámbito externo, luego de varios meses de gradual normalización, han tendido a resurgir tensiones en los mercados financieros internacionales y persiste la incertidumbre sobre la forma que tomará la resolución de los problemas bancarios en el mundo desarrollado. Señala también, que las perspectivas de mercado para el crecimiento mundial de 2009 se siguen corrigiendo significativamente a la baja, esperándose ahora una caída a nivel mundial, lo que no se observaba desde el fin de la segunda guerra mundial. Los precios de los commodities siguen siendo muy inferiores a los de hace unos meses, pero destaca que el cobre y el petróleo han tendido a aumentar. Menciona el señor Pablo García que localmente, los mercados monetarios han continuado funcionando bien, a pesar del fuerte deterioro de la confianza y de las perspectivas de crecimiento globales. Indica que no obstante el peor panorama externo, el peso se ha mantenido estable y el mercado bursátil local, al igual que otros emergentes, ha sufrido menos que en el mundo desarrollado. Comenta también el señor Gerente de División Estudios, que se estima que la transmisión de la menor Tasa de Política Monetaria se está materializando en el costo del crédito para el sector privado de acuerdo con sus patrones normales. Asimismo, señala que las colocaciones muestran una desaceleración. Señala el señor Gerente de División Estudios que el cierre para el 2008 de las cifras internas de actividad y demanda interna y los antecedentes más recientes, muestran un nivel de PIB un punto por debajo de proyecciones previas, lo que alcanza casi dos puntos en el caso de la demanda interna. Indica el señor Pablo García que la inflación fue nuevamente negativa en febrero, reflejando la incidencia de la eliminación del impuesto de timbres y estampillas. Asimismo, agrega que aparte de ese fenómeno, la evolución de la inflación estuvo bastante dentro de lo previsto. Las medidas de expectativas de inflación han continuado cayendo, ubicándose incluso cerca de 2% para fines de este año. Menciona también, que las compensaciones a doce meses y la de 1-en-1 están incluso por debajo de 2%. Señala que la reducción de la Tasa de Política Monetaria de 250 puntos base el mes pasado, junto con el mensaje del comunicado y las perspectivas de menores presiones inflacionarias, fue incorporada rápidamente en las expectativas del mercado. Los contratos swap hoy anticipan un nivel para la Tasa de Política Monetaria de 2% en el corto plazo, que se mantendría por varios meses, mientras la mediana de la encuesta mensual muestra una reducción de entre 150 y 175 puntos base en esta Reunión, seguida de una de 50 o 75 puntos base en abril. En torno a un tercio de las respuestas en la EEE anticipa una reducción en esta Reunión de entre 200 y 250 puntos base. La curva forward muestra disminuciones hasta un nivel de 2% en tres meses más y niveles bajo 2% en seis meses más. Por otro lado, manifiesta que las consideraciones principales a tomar en cuenta en esta Reunión son: i) el mensaje de política monetaria implícito en el comunicado anterior, ii) la incorporación de los antecedentes coyunturales, iii) la reacción del mercado a la comunicación de la política monetaria y los nuevos antecedentes. Agrega, que estos aspectos llevan a considerar como las opciones más plausibles una reducción de 200 puntos base o una de 250 puntos base. En primer lugar, hace presente que en la discusión de la Reunión de Política Monetaria anterior se señaló que, en el escenario más probable, la Tasa de Política Monetaria seguiría una trayectoria por debajo de la considerada en el escenario base del IPoM, convergiendo en el corto plazo a niveles comparables con los implícitos en los precios vigentes de los activos financieros para mediados de año, lo que implicaba una Tasa de Política Monetaria objetivo para el corto plazo de 3%. Comenta, que incidentalmente, de acuerdo con el nuevo mecanismo de divulgación de antecedentes, esta cifra habría quedado transparentada al subir la presentación el día viernes 13 de febrero de 2009. Por tanto, mecánicamente se puede considerar para la Reunión actual una reducción de 175 puntos base, si las condiciones fueran idénticas a las previstas en la Reunión pasada. Señala también, que esta situación motiva el segundo aspecto relevante para las opciones. En efecto, hace presente que la información del cierre de 2008 indica que el nivel de PIB se ubica ocho décimas por debajo de lo previsto con anterioridad, lo que afecta con elevada probabilidad la magnitud de la brecha estimada en la coyuntura. Agrega el señor Pablo García, que aunque a partir de la información disponible no es evidente que la actividad se haya continuado contrayendo este trimestre respecto de fines del año pasado, se seguirán observando cifras de crecimiento interanuales negativas. Además, menciona que el escenario de consenso para el crecimiento global este año y el próximo se ha corregido fuertemente. Comenta también, que con relación a la inflación, más allá del origen específico de la sorpresa inflacionaria de febrero, las perspectivas para la inflación muestran cifras bastante reducidas, menores que las del mes pasado. Por otra parte, señala que aplicando mecánicamente la regla de política monetaria habitual, sin persistencia, esta mayor brecha de, por ejemplo, algo menos de un punto del PIB para todo el año, junto con la caída de la inflación esperada a un año plazo, de medio punto, sugiere una Tasa de Política Monetaria del orden de 75 puntos base menor. Asimismo, señala que tomando por tanto de forma mecánica las evaluaciones coyunturales, se puede inferir un nivel objetivo para la Tasa de Política Monetaria de 2-2,5%. Agrega el señor Gerente de División Estudios señor Pablo García que estas cifras continúan siendo parecidas a las evaluadas en los escenarios de riesgo del IPoM, y coinciden de manera cercana con las expectativas de mercado. Indica también que dado lo anterior, se puede considerar una reducción de la Tasa de Política Monetaria del orden de 250 puntos base, similar a la decisión de la Reunión pasada. Comenta que en tercer lugar, un movimiento de la magnitud antes señalada es coherente con el nivel de la Tasa de Política Monetaria implícito en la actualidad en los contratos swap. Lo anterior revela que, en lo grueso, las expectativas de mercado han reaccionado adecuadamente a la información coyuntural y también a los mensajes de política monetaria del Banco Central de Chile. Acorde con lo expuesto, menciona que de hecho, una reducción de 175 puntos base es coherente con la mediana de las expectativas de la Encuesta Mensual. Indica también, que el comportamiento global de los mercados financieros locales sugiere también con bastante fuerza, que la incorporación de los importantes ajustes en la Tasa de Política Monetaria a las expectativas de los agentes, no ha provocado confusión o controversia. Indica el señor Pablo García, que como en otras ocasiones, en esta coyuntura existen aspectos comunicacionales o tácticos que es necesario considerar. El primero de ellos es el impacto que posiblemente tenga la decisión de hoy en la formación de expectativas privadas. Le parece que, por un lado, un movimiento que difiera de manera relevante de lo que esperan los mercados financieros puede ser disruptivo, si se interpreta que el Banco Central de Chile tiene información respecto de fragilidades o vulnerabilidades financieras que acotan su accionar de política monetaria. Por otro lado, movimientos agresivos de la Tasa de Política Monetaria pueden afectar la confianza si ellos se interpretan como una visión de debilidad macroeconómica peor que el consenso del mercado. Comenta el Gerente de División Estudios señor Pablo García que, en todo caso, ajustes agresivos permiten precaver la eventualidad de que se siga deteriorando el panorama en los próximos meses, lo que forzaría a ajustes aun drásticos en los meses venideros. Hace presente que el segundo aspecto táctico se refiere a la incorporación de un sesgo en la comunicación de las decisiones de política monetaria. Agrega, que en lo más reciente, ello ha sido evidente, debido a que se ha implementado un ajuste brusco y rápido a las nuevas circunstancias. Sin embargo es, en principio, deseable retornar a movimientos de la Tasa de Política Monetaria de magnitud más acotada y con patrones de persistencia mayores para la política monetaria. Indica que esto sugiere la conveniencia en esta Reunión de hacer ajustes mayores, por sobre aquellos menores, de forma de poder mover el sesgo comunicacional a una instancia menos desbalanceada. Agrega, que tanto las expectativas privadas recogidas por la Encuesta como las implícitas en precios de activos, incorporan un quiebre en el corto plazo en la trayectoria de la Tasa de Política Monetaria, a niveles más estables y de movimientos más acotados. Plantea el señor Pablo García, que todos los aspectos anteriores sugieren considerar como las opciones más plausibles una reducción de 200 puntos base o una reducción de 250 puntos base. Manifiesta que en ambos casos, se considera importante informar un sesgo claramente más neutral que en Reuniones pasadas, de manera de indicar que ha concluido el período extraordinario de acomodo de la Política Monetaria, y que de aquí en adelante cabría esperar movimientos de magnitud similar a los patrones históricos.",0.850531
RPM-2009-04-09:2494:1,RPM-2009-04-09,2009-04-09,2009,Andrés Velasco Brañes,Ministro de Hacienda,dovish,-0.7803115172159814,0.06116396006469914,0.8414754772806805,0.09736056265462041,0.9861558127954824,unanime,acuerdo_comunicado,acuerdo_comunicado,"En primer lugar, dada la información adicional sobre la economía mundial y nacional de que hoy se dispone y que no se tenía treinta días atrás, cabe preguntarse sobre la tasa de interés a la que se debería llegar a fines de este ciclo, para que la brecha sea congruente con la meta del Banco Central.","El Ministro de Hacienda señor Andrés Velasco señala que al igual que los señores Consejeros, quisiera comenzar felicitando a la Gerencia de División Estudios, por la Minuta de Opciones y por su buen trabajo. Sin embargo, indica que a lo anterior, quisiera agregar un matiz. En su opinión, la Minuta de Opciones que se presentó en esta Reunión, se centra, en exceso, en asuntos tácticos y no suficientemente en aspectos de fondo. Al respecto, el señor Ministro señala que, sin perjuicio de la importancia de la relación entre las decisiones que toma el Banco y lo que espera el mercado, considera más importante aún, contar con un diagnóstico acerca de cuáles son las consideraciones de fondo de lo que la política monetaria debería hacer y ajustar. La táctica al fondo y no el fondo a la táctica. En dicho sentido, agrega que echa de menos un análisis algo más detallado de dos asuntos que a su juicio son medulares. En primer lugar, dada la información adicional sobre la economía mundial y nacional de que hoy se dispone y que no se tenía treinta días atrás, cabe preguntarse sobre la tasa de interés a la que se debería llegar a fines de este ciclo, para que la brecha sea congruente con la meta del Banco Central. Al respecto, se pregunta si dicha tasa debe ser igual, mayor o menor que la que se tenía en mente hace treinta días. En su opinión y, dado lo que sabemos hoy, esa tasa es menor, ya que el cambio en las condiciones nacionales e internacionales es abrumadoramente más negativo que lo que en un momento se pudo prever. Agrega el señor Ministro de Hacienda, que la segunda pregunta de fondo es si lo expuesto es correcto, entendiendo que podemos o no estar de acuerdo, pero suponiendo que la hipótesis es correcta, existen argumentos de fondo de política monetaria y no de táctica o estrategia de comunicaciones, que sugieren que la trayectoria donde estamos hoy hasta ese punto debe ser necesariamente gradual o puede ser más bien abrupta. El señor Ministro señala que, insistentemente piensa en los argumentos de una política monetaria óptima, tratando de encontrar alguno que pueda sugerir que la trayectoria debe ser gradual y no abrupta. Al respecto, indica que debe confesar que no encuentra tales argumentos, aunque quizás se le ha olvidado alguno. Por lo tanto, indica que si efectivamente la tasa a la cual queremos converger es más baja que la que se estimaba hace treinta días - y a su juicio sí lo es esa trayectoria debería ser rápida aunque no necesariamente de un salto, pero de pocos saltos, lo que debería estar implícito y ojalá explícito en la decisión que se adopte en esta Reunión. Por lo tanto, precisa que su juicio es más bien hacia un recorte más audaz que un recorte menos audaz en la Tasa de Política Monetaria. Señala que una vez dicho lo anterior, desea efectuar un par de consideraciones tácticas que, aunque secundarias, no son irrelevantes. En su opinión, existe el peligro de casarse demasiado o poner demasiado énfasis en la ilusión que se va hacer algo que calce con los patrones históricos, ya que las afirmaciones que se hacen en ese sentido son contingentes con la información disponible en el momento en que se hace la afirmación y, a su juicio, la información que se tiene hoy es distinta a la que se tenía en ese momento. Indica que si esa fuese una restricción y, por lo tanto, lo que se hace hoy tiene que ceñirse a no romper dicho estándar, cabría preguntarse cómo definirlo, ya que no es un estándar que esté definido científicamente sino que se presta para interpretaciones. Por ello, considera que una reducción de 50 puntos o menos, corre el riesgo de definir “50 puntos” como estándar de patrón histórico, y si el día de mañana, por alguna razón, el Banco Central reduce la tasa de interés en más de 50 puntos, se estaría saliendo del patrón histórico. Por lo expuesto, el señor Ministro de Hacienda considera que en ello hay un asunto táctico, respecto del cual al Banco le convendría tener una mayor y no una menor flexibilidad. En conclusión, su sugerencia es acordar la reducción más grande que propone la Minuta de Opciones o, en su defecto, si se optara por 50 puntos base, comunicar que efectivamente hay información que puede llevar a que las reducciones futuras sean algo mayores de las que estaban implícitas en el último comunicado.",0.842709
RPM-2010-01-14:2884:1,RPM-2010-01-14,2010-01-14,2010,Enrique Marshall Rivera,Consejero,dovish,-0.7838345866437023,0.0634516975630102,0.8472862842067125,0.08926201823027742,0.9953504868780192,unanime,acuerdo_comunicado,acuerdo_comunicado,"El señor Enrique Marshall expresa que el aumento en los precios de las materias primas también es un factor de preocupación y que, en el último mes, los metales y la energía tuvieron incrementos muy significativos que, de persistir, podrían afectar las expectativas inflacionarias.","El señor Enrique Marshall señala que las noticias del último mes tienden a confirmar, en general, el escenario descrito en el último IPoM, el que en términos gruesos se viene visualizando desde hace varios meses, lo que es señal de la mayor estabilidad alcanzada en el último tiempo. En el frente externo, el señor Marshall indica que las perspectivas de recuperación se ven afianzadas para este año, no obstante las divergencias entre regiones y la debilidad que aún muestra el empleo. Agrega que los mercados financieros, con algunas excepciones, mantienen en general las tendencias que venían observando, y las perspectivas inflacionarias, si bien han registrado algún ajuste al alza, permanecen contenidas. No obstante lo anterior, en opinión del señor Consejero, los riesgos en adelante siguen siendo relevantes y deben ser monitoreados con atención. Anticipa que este año, un factor de riesgo que estará muy presente es el retiro de las políticas de apoyo y estímulo, y que en esa perspectiva, el desafío para las autoridades es enorme. Hace presente que a ello se agrega la incertidumbre, que probablemente permanecerá por algún tiempo, sobre cómo se resuelven los problemas de orden más bien estructural que se relacionan, de una u otra forma, con la crisis, como son la debilidad de los sistemas financieros, el deterioro de las posiciones fiscales de algunos países desarrollados y los desequilibrios externos observados por actores relevantes de la economía mundial. Destaca que todo ello tiene particular incidencia en las perspectivas de crecimiento para el mundo más allá del año 2010. El señor Enrique Marshall expresa que el aumento en los precios de las materias primas también es un factor de preocupación y que, en el último mes, los metales y la energía tuvieron incrementos muy significativos que, de persistir, podrían afectar las expectativas inflacionarias. Para las economías emergentes, menciona que una creciente preocupación es la tendencia hacia la apreciación de sus monedas y, muy especialmente, el riesgo de que ello se intensifique en los próximos trimestres como resultado de los desarrollos que se están observando. En el frente doméstico, el señor Marshall plantea que los mercados de renta fija han observado algunas correcciones a la baja en sus tasas de interés, revirtiendo alzas previas, y que con estos movimientos, que responderían principalmente a noticias provenientes del frente interno, prácticamente se ha eliminado la brecha que existía entre las señales de política y las tasas de mercado, indica que el peso ha mostrado volatilidad en el curso del último mes, depreciándose después de la última RPM, para luego retomar una tendencia apreciativa, por lo que sus implicancias deben ser procesadas con atención. El señor Enrique Marshall señala que el crédito, visto en forma agregada, no muestra todavía un claro repunte. Al respecto, detalla que las operaciones comerciales han seguido cayendo y que las únicas que permanecen en una senda expansiva son las operaciones para la vivienda, como ha ocurrido en ciclos anteriores. En cuanto a las tasas de interés, el señor Marshall hace presente que han alcanzado los niveles previos a la crisis y que en algunos segmentos se siguen observando correcciones a la baja, lo que se explicaría, en alguna medida, por la mayor selectividad en las operaciones cursadas. Los bancos, prosigue, reportan una leve mejoría en las condiciones crediticias ofrecidas a los clientes y una mayor demanda por crédito. Advierte que este es un antecedente importante, pero parcial, de manera que debe ser procesado con precaución. Agrega que si se considera toda la información disponible, se puede argumentar que, efectivamente, el cuadro en materia de crédito ha evolucionado en un sentido positivo, pero que está todavía lejos de lo que se podría calificar como un cuadro normal, lo que supone el retorno a un crecimiento razonable y sostenible de las colocaciones bancarias. El señor Consejero aludido menciona luego que el registro de Imacec de noviembre, junto con mostrar la primera cifra de variación anual positiva del año, confirmó que la actividad se está recuperando, infundiendo cierto grado de optimismo, que ha llevado a los analistas privados a corregir levemente al alza sus proyecciones para el año 2010. Con todo, señala que las últimas cifras de actividad no permiten despejar completamente ciertas dudas sobre el vigor que tendría la recuperación en el curso de este año, lo que, sin duda, tiene importantes implicancias para la política monetaria. En relación con el mercado laboral, el señor Enrique Marshall destaca que entrega señales positivas, pero aún relativamente débiles, y que si bien el empleo reacciona normalmente con algún rezago, es claro que el fortalecimiento de su evolución es crucial para afianzar el proceso de recuperación en su conjunto. A continuación, el señor Marshall se refiere a la inflación anual, que cerró el año con una cifra negativa, como se había anticipado, y que las perspectivas de corto plazo siguen apuntando a una inflación bastante baja, que incluso podría ser algo menor que la prevista con anterioridad. Ello, acota, se relacionaría en alguna medida con los movimientos observados en el tipo de cambio. El Consejero señor Marshall subraya que las perspectivas de mediano plazo siguen apuntando a una gradual convergencia a la meta, conducida principalmente por la recuperación de la actividad. En esa perspectiva, indica que las visiones son bastante coincidentes, pero que persiste, sin embargo, algún grado de incertidumbre sobre la trayectoria misma de la inflación, esto es, sobre la velocidad con que ello ocurriría y la volatilidad que se podría observar a lo largo del tiempo. Plantea que las expectativas para la TPM se han vuelto a moderar y parecen bastante alineadas con las señales entregadas por el Banco Central en diciembre pasado. En su opinión, este es un punto que debería ser comunicado directa o indirectamente al mercado. En suma, el señor Marshall señala que para un escenario macroeconómico que no ha experimentado cambios significativos, la recomendación de mantener la TPM en su actual nivel, por lo menos hasta el segundo trimestre del presente año, permanece plenamente vigente. Agrega que la política monetaria ha apoyado decididamente la recuperación y debe seguir cumpliendo ese rol, advirtiendo que, por el momento, el principal riesgo que se enfrenta es el de retirar el estímulo monetario prematuramente. Para finalizar, manifiesta su intención de dejar constancia de algún grado de preocupación por los efectos que tendrá la reducción de los saldos acumulados por la FLAP, a medida que ello ocurra en el transcurso de los próximos meses. Estima que, por el momento, esos efectos se visualizan como muy acotados, pero que de todas formas parece conveniente seguir este proceso con atención. En suma, el Consejero señor Enrique Marshall vota por mantener la TPM en su actual nivel de 0,50%.",0.879744
RPM-2010-01-14:2887:1,RPM-2010-01-14,2010-01-14,2010,Consejo del Banco Central de Chile,Consejo,dovish,-0.7033805961045234,0.08294092638823256,0.786321522492756,0.13073755111901142,0.9798944996609565,unanime,acuerdo_comunicado,acuerdo_comunicado,"149-01-100114 - Tasa de Política Monetaria El Consejo aprobó, por la unanimidad de sus miembros, mantener la tasa de interés de política monetaria en 0,50% anual. Comunicado “En su reunión mensual de política monetaria, el Consejo del Banco Central de Chile acordó mantener la tasa de interés de política monetaria en 0,50% anual.","149-01-100114 - Tasa de Política Monetaria El Consejo aprobó, por la unanimidad de sus miembros, mantener la tasa de interés de política monetaria en 0,50% anual. Comunicado “En su reunión mensual de política monetaria, el Consejo del Banco Central de Chile acordó mantener la tasa de interés de política monetaria en 0,50% anual. En el ámbito externo, los datos recientes reafirman las perspectivas de actividad global para este año, que han incidido en una progresiva estabilización de los mercados financieros. Los precios del cobre y del petróleo han vuelto a aumentar. En el plano interno, la información disponible sugiere que la actividad y la demanda se están expandiendo. La tasa de desocupación ha continuado reduciéndose. Las condiciones crediticias se han vuelto menos estrechas. En diciembre, el IPC y las diversas medidas subyacentes mostraron reducciones. La dinámica salarial sigue acorde con sus patrones históricos. Se prevén registros de inflación anual reducidos en los próximos trimestres, mientras que las expectativas de inflación de mediano plazo se han mantenido estables. El Consejo considera que el entorno macroeconómico es congruente con una TPM que se mantendrá en el nivel mínimo de 0,50% hasta al menos el segundo trimestre de este año. Con ello, reitera que continuará usando sus políticas con flexibilidad para que la inflación proyectada se ubique en 3% en el horizonte de política.”",0.828330
RPM-2011-12-13:4506:1,RPM-2011-12-13,2011-12-13,2011,Beltrán de Ramón Acevedo,Gerente de División Operaciones Financieras,dovish,-0.8329450240800541,0.026009459430191163,0.8589544835102453,0.11503605705956359,0.9889055462506386,unanime,mercados_financieros,mercados_financieros,"Reitera que la Minuta antedicha propone dos alternativas razonables, esto es, mantener la TPM e Introducir un sesgo a la baja, o bajar la TPM en 25 puntos base e introducir un sesgo a la baja para la próxima Reunión.","El Gerente de División Operaciones Financieras señor Beltrán de Ramón se suma a los argumentos contenidos en la Minuta de Opciones, excepto el que señala textualmente “mantener la TPM en 5,25% coincide con la expectativa mayoritaria del mercado”, habida consideración que la mediana de la Encuesta de Operadores Financieros que, en su opinión, constituye un mejor reflejo del mercado, indica una baja de la TPM. A su juicio, es más correcto señalar que el mercado está dividido. Reitera que la Minuta antedicha propone dos alternativas razonables, esto es, mantener la TPM e Introducir un sesgo a la baja, o bajar la TPM en 25 puntos base e introducir un sesgo a la baja para la próxima Reunión. El señor Beltrán de Ramón indica que si bien existen argumentos para seguir ambas opciones, recomienda la de bajar la TPM en esta oportunidad, basado en los siguientes dos argumentos. En primer lugar, reitera lo que manifestó en la RPM anterior en cuanto a que producto del deterioro de la situación internacional y la alta apertura de la economía chilena, la dirección que debe tomar la TPM de aquí en adelante es claramente a la baja. A su juicio, la única incertidumbre, que no es menor, es la magnitud de esta baja, es decir, si es mayor o menor que lo que indica hoy día la curva de rendimiento que se proyecta a partir de los precios o las encuestas de analistas y de mercado. Hace presente que el segundo argumento es que, hoy, las tasas de depósitos a 180 y 360 días están 66 puntos base por sobre el promedio observado en los meses de septiembre y octubre pasados, precisando que ello es a nivel absoluto, no solo a nivel de spread. En otras palabras, manifiesta que la estrechez de liquidez en dólares que se ha ido transmitiendo de manera paulatina al mercado local en pesos equivale hoy —todo lo demás constante— a haber tenido una TPM de entre 5,75 y 6,00%. En este sentido, plantea que si este aumento de tasas es precisamente una consecuencia de un escenario de mayor riesgo asociado a un ciclo más negativo producto de la crisis europea y no una contaminación aguda del canal financiero, como ocurrió en el año 2008, la primera respuesta del Banco Central debiera ser una reducción de tasas y solo cuando la crisis se agudice, reinstalar las medidas de estabilidad financiera que implemento hace tres años.",0.876328
RPM-2011-10-13:4392:1,RPM-2011-10-13,2011-10-13,2011,Sebastián Claro Edwards,Consejero,dovish,-0.7758004637852511,0.05529869683310338,0.8310991606183545,0.11360214254854195,0.9940168186113991,unanime,decision_tpm,decision_tpm,"Destaca que lo anterior ha contribuido con fuerza a la corrección de las expectativas de crecimiento para el próximo año en el mundo, a una corrección de los precios de los commodities y, en general, a cambios importantes de precios de activos.","El Consejero señor Sebastián Claro plantea que las últimas semanas han sido de gran volatilidad en los mercados internacionales. En su opinión, destacan tres temas. En primer término, la ya larga inquietud sobre la recuperación de Estados Unidos y la velocidad que ello va a tener en los próximos trimestres; en segundo término, las tensiones en los mercados de deuda en Europa y su impacto sobre el sistema bancario; y, por último, la inquietud sobre la situación financiera de los bancos en China y sus implicancias sobre su capacidad de mantener altas tasas de crecimiento en un contexto de debilidad sostenida de los países desarrollados. Destaca que lo anterior ha contribuido con fuerza a la corrección de las expectativas de crecimiento para el próximo año en el mundo, a una corrección de los precios de los commodities y, en general, a cambios importantes de precios de activos. Hace notar que esto ha sido especialmente claro desde la última RPM, donde la volatilidad de las monedas, de las bolsas y del precio del cobre ha sido especialmente aguda. A juicio del Consejero señor Sebastián Claro, existen fundadas razones para suponer que más allá de la volatilidad de corto plazo, en las últimas semanas se ha ido confirmando un panorama donde la debilidad de los países desarrollados será prolongada. Al respecto, indica que en el corto plazo, la discusión ha estado centrada en la capacidad de Europa para superar la crisis financiera, lo que podría tener repercusiones importantes sobre el crecimiento en el mundo en los próximos trimestres. No obstante, expresa que más allá de cómo se solucione este asunto —tema que por cierto constituye hoy el principal foco de riesgo para la trayectoria macroeconómica de la economía chilena—, los antecedentes apuntan a una sostenida debilidad de los países desarrollados, lo que abre una inquietud acerca de la capacidad de las economías en desarrollo para mantener un desacople más permanente de esta situación. En su opinión, esto incluye, por cierto, a Chile, y determina a grandes rasgos las perspectivas para la política monetaria en los próximos trimestres. Al continuar, el Consejero señor Sebastián Claro hace presente que en el plano interno, la volatilidad y la incertidumbre externa se ha reflejado especialmente en los precios de algunos activos, con una corrección a la baja en las expectativas de crecimiento hacia el próximo año. En este sentido, comenta que la inflación se ha mantenido en un rango esperado en torno a 3% y que, más allá de los vaivenes en precios específicos, se espera que esto continúe por los próximos trimestres. Añade que otros indicadores dan señales mixtas, ya que el mercado laboral todavía da cuenta de un alto dinamismo y las importaciones continúan dinámicas. Por otro lado, menciona que si bien el crédito también continúa dinámico, también es posible observar una mayor estrechez en el otorgamiento de crédito bancario y en el acceso al financiamiento por parte de algunas compañías en el mercado de capitales. A su juicio, la trayectoria de las tasas largas, como se discutió en el curso de la mañana, da cuenta eventualmente de muchos fenómenos que podrían estar explicando la fuerte caída en las tasas de los BCP y BCU a 5 y 10 años, pero también dan cuenta de una preferencia marcada por papeles libres de riesgo que refleja en parte esta tensión que está viviendo el sistema financiero. Califica, obviamente, ese statement sin mayor gravedad. El Consejero señor Sebastián Claro sostiene que, en general, estos antecedentes muestran que a pesar que las señales de deterioro externo son claras, aunque con vaivenes, todavía no se han traducido en un cambio notorio en las condiciones internas. No obstante ello, expresa que los últimos registros de actividad han sido algo menores que lo esperado, lo que da cuenta de la natural normalización de las condiciones internas, así como de las menores perspectivas externas que han llegado de las noticias del exterior, lo que va condicionando un panorama de algo menor dinamismo de la economía chilena. Manifiesta que ello reafirma la opción de hoy de mantener la tasa de política monetaria en 5,25%. A su juicio, innovar y bajar la tasa podría parecer prematuro, toda vez que los eventos más críticos en el exterior están en desarrollo y las condiciones internas no dan cuenta de un marcado deterioro. Cree, sin embargo, que los antecedentes que se han acumulado en los últimos meses permiten descartar con alta probabilidad un alza futura de las tasas de interés y que más bien van configurando un panorama donde resulta más claro pensar que el próximo movimiento debiera ser a la baja, aunque no resulta claro visualizar el momento preciso de este movimiento, ni tampoco su profundidad. Es por ello que concuerda con la visión de la Gerencia de División Estudios en cuanto a que no es deseable establecer un claro sesgo a la baja que anticipe una reducción de la TPM en la próxima Reunión. Sin embargo, expresa concordar también con lo manifestado en la Minuta de Opciones de manera no oblicua —esas son palabras suyas— de mencionar explícitamente que “los riesgos negativos para el escenario externo se han identificado y que la mantención o profundización de las tendencias podrían llevar a revisar la evolución de la política monetaria”. En otras palabras, señala que no se puede descartar que un mayor deterioro externo o interno pueda llevar a una modificación de la política monetaria aún en el corto plazo. En mérito de lo expuesto, el Consejero señor Sebastián Claro manifiesta que su voto es por mantener la TPM en 5,25%.",0.873710
RPM-2012-01-12:4571:1,RPM-2012-01-12,2012-01-12,2012,Rodrigo Vergara Montes,Presidente del Banco Central,dovish,-0.7897801253957203,0.07292150515683049,0.8627016305525508,0.06437686429061858,0.9910784312977514,unanime,decision_tpm,decision_tpm,"Además, comenta que la inflación subyacente se mantiene en niveles acotados en la parte inferior del rango de tolerancia de la meta del Banco Central, y que las expectativas de inflación a 12 y 24 meses siguen ancladas a la meta antedicha.","El Presidente señor Rodrigo Vergara agradece la intervención del Vicepresidente señor Manuel Marfán. Al finalizar con el proceso de votación, el Presidente señor Rodrigo Vergara agradece al staff el excelente análisis de esta Reunión. Hace presente que el escenario internacional sigue siendo negativo, a pesar de algunas noticias algo más auspiciosas en las últimas semanas. Precisa que, por una parte, las operaciones LTRO del Banco Central Europeo han dado un respiro a las instituciones financieras de la Eurozona y que, por otra parte, algunos datos en Estados Unidos han sorprendido positivamente. Aún así, destaca que el panorama externo presentado en el IPoM de diciembre sigue siendo válido. En este sentido, indica que las proyecciones internas para la economía global en el año 2012 eran algo menores que las de consenso y que lo que ha sucedido es que estas últimas han bajado, acercándose a las de dicho Informe. Con respecto a Chile, señala que el crecimiento del mes de noviembre estuvo en línea con lo esperado, lo que, a su vez, es coherente con la desaceleración esperada de la actividad, producto de su normalización y de los efectos de la crisis externa. Agrega que las cifras de empleo, por su parte, exhiben menor dinamismo en el margen, a pesar de que este mercado sigue mostrando estrecheces; que en la demanda hay también signos en ese sentido, aunque sigue creciendo a tasas elevadas; y que las importaciones, con la excepción de las de bienes de capital, muestran moderación en las últimas cifras. Menciona, además, que si bien el crédito mantiene las tasas de crecimiento de meses anteriores, con la excepción de los de comercio exterior, la última encuesta de crédito muestra un estrechamiento en su oferta. Por su parte, comenta que los mercados monetarios locales se han normalizado luego del episodio de mediados del mes de diciembre y que otras fuentes de financiamiento muestran mayor estrechez con respecto a sus patrones históricos. En opinión del Presidente señor Rodrigo Vergara, la gran sorpresa del último mes fue el registro de 0,6% de inflación de diciembre. No obstante, hace presente que una parte significativa de dicho aumento se explica por factores puntuales, en tanto que otra parte está más relacionada con factores de tendencia o subyacentes que podrían estar vinculados a una respuesta con cierto rezago a un estrechamiento de capacidades que se registró hasta mediados del año pasado. No obstante, estima que en un escenario de menor crecimiento económico, estas presiones debieran moderarse en los próximos meses. Además, comenta que la inflación subyacente se mantiene en niveles acotados en la parte inferior del rango de tolerancia de la meta del Banco Central, y que las expectativas de inflación a 12 y 24 meses siguen ancladas a la meta antedicha. Con todo, enfatiza que este es un elemento a tener en cuenta en las próximas RPM y que, de persistir, puede tener consecuencias en cuanto a la trayectoria futura de la política monetaria. En estas circunstancias, manifiesta que las opciones que se presentan son las más razonables. A su juicio, mantener la TPM permite acumular mayor información sobre la evolución de la economía internacional y la inflación en Chile, en tanto que bajarla en 25 puntos base es más coherente con anticiparse a una situación externa negativa, respecto de la cual ya hay evidencia de su persistencia y cuyos efectos se están sintiendo en la economía nacional. Plantea que esto, a su vez, es consistente con una situación que, en lo fundamental, no ha cambiado desde el IPoM de diciembre. El Presidente señor Rodrigo Vergara expresa su inclinación, en esta oportunidad, por bajar la TPM en 25 puntos base, hasta 5%. Argumenta que ello es coherente con el comienzo de un proceso de relajamiento monetario que se ha estado anunciando hace ya unos meses y que tiene como causa fundamental un escenario externo adverso. Asimismo, señala que también se inclina por ser menos precisos con respecto a la trayectoria futura esperada de la tasa rectora. Hace presente que aunque hoy se ve más probable que este sea un proceso que continúe en los próximos meses, la evolución de las expectativas de inflación será determinante en la dinámica particular que este tome, sin descartarse que se trate de un proceso que requiera pausas relevantes en los próximos meses. En razón de lo expuesto, el Presidente señor Rodrigo Vergara manifiesta que su voto es por bajar la TPM a 5%. En consecuencia, el Presidente señor Rodrigo Vergara señala que se acuerda por unanimidad reducir la TPM en 25 puntos base, hasta 5,0% anual.",0.880987
RPM-2012-01-12:4570:1,RPM-2012-01-12,2012-01-12,2012,Manuel Marfán Lewis,Vicepresidente del Banco Central,dovish,-0.7337295397834404,0.0793967576623655,0.8131262974458059,0.10747694489182869,0.9908000590306548,unanime,decision_tpm,decision_tpm,"Destaca que es así, por lo demás, como ha reaccionado el mercado, ya que los mercados financieros y las distintas medidas de expectativas, ya sea de mercado o de las encuestas, muestran que no ha habido una modificación relevante en las expectativas inflacionarias de mediano plazo.","El Vicepresidente señor Manuel Marfán inicia su intervención, agradeciendo el análisis del staff e indica que hace suyo el listado de antecedentes nuevos respecto de la Reunión anterior, contenidos al inicio de la Minuta de Opciones, a lo que añade lo siguiente. Respecto de la economía internacional, y como señala la Minuta antedicha, hace presente que los riesgos se mantienen significativamente elevados. Adicionalmente, advierte que la evidencia reciente muestra un acoplamiento de las bolsas de las principales economías desarrolladas, así como también entre las distintas zonas de las economías emergentes. En su opinión, este acoplamiento es anormal y que, de persistir, eleva el riesgo de shocks sistémicos. Destaca que el Spread Libor - OIS en dólares ha continuado aumentando y que, en la actualidad, supera los 70 puntos base para el plazo de seis meses. A modo referencial, señala que antes de la quiebra de Lehman Brothers bordeaba los 15 puntos base. A su juicio, ello significa que una misma TPM de la Reserva Federal se asocia a tasas de mercado más elevadas o, lo que es lo mismo, que una misma política monetaria tiene efectos menos expansivos. Agrega que el Spread Euribor - OIS de la Zona Euro, en tanto, se ha mantenido respecto de la Reunión anterior, pero a niveles aún más elevados que los de Estados Unidos, en torno a 120 puntos base en seis meses. Manifiesta que otra forma de interpretar estas cifras es que el spread de las tasas de mercado respecto del riesgo soberano se ha elevado, reflejando primas de riesgo particularmente elevadas. En cuanto a la economía nacional, añade a lo señalado al inicio de la Minuta de Opciones, que el spread entre los bonos corporativos y los del Banco Central de Chile y de la Tesorería General de la República ha continuado aumentando, reflejando así también que para una misma tasa de política monetaria, el efecto de esta política es menos expansivo. El Vicepresidente señor Manuel Marfán manifiesta que su voto, en esta oportunidad, es por reducir la TPM en 25 puntos base, en virtud de las siguientes razones. En primer término, estima que el escenario del IPoM sigue siendo válido y que, en consecuencia, las implicancias de política que surgen de ese análisis siguen siendo válidas. En segundo lugar, cree que es un error sobrerreaccionar a shocks de corto plazo. En este sentido, comenta que si bien ha habido una reacción en las expectativas de los operadores del mercado financiero respecto de la sorpresa inflacionaria de diciembre, un Banco Central con metas de inflación a dos años no puede guiarse sobre la base de una sorpresa del mes anterior, porque eso sienta un mal precedente a futuro. Destaca que es así, por lo demás, como ha reaccionado el mercado, ya que los mercados financieros y las distintas medidas de expectativas, ya sea de mercado o de las encuestas, muestran que no ha habido una modificación relevante en las expectativas inflacionarias de mediano plazo. Asimismo, reitera que una reducción de la TPM en esta ocasión tiende a corregir parcialmente el que las tasas de mercado para los clientes corporativos se hayan elevado por sobre las tasas de los papeles del Banco Central y de la Tesorería General de la República. Por último, señala que también estima que es relevante reaccionar oportunamente a la desaceleración mundial, ya que si bien el escenario del IPoM sigue siendo válido, la evidencia reciente muestra que las proyecciones internas sobre la economía mundial debieran ajustarse si hay más de probabilidad hacia abajo que hacia arriba. En consecuencia, expresa que aún con mayor razón hoy se justifica tomar una decisión de reducir la TPM.",0.851549
RPM-2012-01-12:4564:1,RPM-2012-01-12,2012-01-12,2012,Luis Óscar Herrera Barriga,Gerente de División Estudios,dovish,-0.747574644327558,0.07432558115222786,0.8219002254797859,0.10377419336798624,0.9949834477298374,unanime,escenario_internacional,otros,"Asimismo, hace notar que si bien sus cifras recientes de actividad y empleo han sido algo mejores que lo esperado, las proyecciones de crecimiento para el año 2012 se mantienen moderadas Agrega que en China, los indicadores de actividad continúan señalando un ritmo más moderado de crecimiento, aunque aún sólido; y, por último, menciona que los precios internacionales de las materias primas, incluyendo alimentos y energía, muestran un repunte durante el último mes.","El señor Luis Óscar Herrera comienza su intervención, refiriéndose a los principales antecedentes acumulados desde la última RPM. Con respecto a la economía internacional, indica que las medidas adoptadas en la Eurozona han logrado contener la escalada de los premios de financiamiento, pero sin revertir las agudas tensiones financieras que enfrentan bancos y gobiernos; que continúa el deterioro en las perspectivas de crecimiento de esa región; y que fuera de esta zona, las condiciones financieras se mantienen relativamente estables. En cuanto a Estados Unidos, hace presente que sus autoridades políticas han logrado un acuerdo transitorio respecto del presupuesto de gobierno, pero que persiste el riesgo de un ajuste fiscal más pronunciado en el corto plazo. Asimismo, hace notar que si bien sus cifras recientes de actividad y empleo han sido algo mejores que lo esperado, las proyecciones de crecimiento para el año 2012 se mantienen moderadas Agrega que en China, los indicadores de actividad continúan señalando un ritmo más moderado de crecimiento, aunque aún sólido; y, por último, menciona que los precios internacionales de las materias primas, incluyendo alimentos y energía, muestran un repunte durante el último mes. Respecto de Chile, el señor Luis Óscar Herrera comenta que el producto y la demanda interna han evolucionado de acuerdo a lo previsto en el IPoM de diciembre, y que las condiciones en el mercado laboral siguen estrechas. En materia de inflación, destaca que el registro del mes de diciembre fue mayor que lo esperado; que en este resultado influyeron factores puntuales, pero también una mayor contribución de algunos componentes de la inflación subyacente; y que no obstante ello, las expectativas de inflación se mantienen en torno a la meta. Asimismo, consigna que las fricciones en los mercados monetarios locales se han moderado significativamente, en particular las tasas de captación bancarias, pero que otras fuentes de financiamiento permanecen estrechas. Finalmente, informa que las encuestas y precios financieros continúan anticipando un relajamiento gradual de la política monetaria en Chile durante los próximos meses, aunque para esta Reunión la mayoría de los analistas y operadores espera una mantención de la TPM. El Gerente de División Estudios manifiesta que este conjunto de antecedentes llevan a proponer como opciones relevantes para esta Reunión la mantención de la TPM en 5,25% o un recorte de la tasa en 25 puntos base, hasta 5%, e indica que la recomendación en esta oportunidad es por la segunda opción, en razón de los siguientes fundamentos. En primer término, plantea que tal como se ha señalado en las últimas RPM, se ha configurado un escenario externo más adverso, con consecuencias negativas y riesgos significativos para el crecimiento del mundo y de la economía chilena. Agrega que, hasta la fecha, los indicadores de actividad y gasto en Chile muestran una desaceleración que, en lo principal, obedece a una convergencia normal y deseable hacia tasas de tendencia; que el escenario base del IPoM de diciembre contempla que esta desaceleración continuará profundizándose en los próximos meses; y que si bien se observan en el sector real algunos síntomas de transmisión de la situación externa a la economía nacional, el patrón no es uniforme a través de los distintos indicadores. Asimismo, comenta que en el ámbito financiero, las fricciones en el mercado monetario local han tendido a disiparse en las últimas semanas, pero que aún se observan mayores costos de financiamiento externo para bancos y empresas, así como mayores premios en los bonos de empresas locales. Añade que la última encuesta de crédito también indica un comportamiento crediticio más cauteloso por parte de la banca, que contrasta con las solicitudes de crédito, que aún se mantienen dinámicas. El señor Luis Óscar Herrera reitera que la inflación de diciembre excedió las proyecciones internas y las del mercado. Explica que en este resultado se conjugaron algunos factores puntuales y otros que podrían ser de carácter más duradero, como los efectos rezagados del aumento de los precios internacionales de alimentos, el traspaso de la depreciación cambiaria del cuarto trimestre del año 2011 y la normalización de la inflación subyacente. En su opinión, aquellos factores puntuales deberían tener una influencia transitoria en la inflación, en la medida que no afecten las expectativas inflacionarias o se traspasen a otros precios por cláusulas de indización o compresión de márgenes. Añade que la respuesta de las distintas medidas de expectativas de inflación a la sorpresa de diciembre ha sido muy tenue, pero que es un aspecto que debe seguir siendo evaluado. Plantea, además, que la inflación de tendencia se comporta con más inercia, pero que, por lo general, responde con rezagos al ciclo económico y a las presiones de demanda. Recuerda que desde hace algunos trimestres, la evaluación que estaba contenida en el IPoM y en estas Reuniones ha sido que la brecha de capacidad en la economía chilena se encontraba cerrada y que las condiciones en el mercado laboral eran estrechas. A su juicio, una interpretación de las cifras recientes de inflación subyacente es que reflejan una normalización ante el cierre de brechas y que, por lo tanto, no alteran el diagnóstico respecto de las presiones inflacionarias latentes. Alternativamente, menciona la hipótesis de que la aceleración reciente de la inflación de tendencia señale una situación más estrecha en el uso de la capacidad de la economía, en los márgenes de comercialización y en el mercado laboral. Sin embargo, explica que para ratificar esta hipótesis, sería necesario observar mayor persistencia en este indicador antes de modificar la evaluación respecto de la situación cíclica de la economía. Por otra parte, manifiesta que las proyecciones internas indican que hacia adelante las condiciones en el uso de la capacidad instalada y el empleo no continuarán estrechándose, sino que, por el contrario, que existe una probabilidad relevante de que se den mayores holguras como consecuencia de los efectos de la situación internacional sobre la economía chilena. En todo caso, indica que este también es un factor a seguir evaluando en los próximos meses. Con respecto a las opciones planteadas para esta Reunión, hace presente que la opción de recortar la tasa en 25 puntos base tiene como ventaja responder ante el escenario externo, anticipándose a sus probables efectos negativos sobre el crecimiento y la inflación en Chile. Advierte que esta decisión no está exenta de riesgos, considerando que aún es incierta la intensidad del impacto de la situación externa sobre Chile, así como la evaluación sobre la posición cíclica de nuestra economía y las presiones inflacionarias subyacentes. Sin embargo, recalca que la política monetaria actúa con rezagos relevantes sobre la demanda y la inflación, por lo que debe actuar en función de la evolución esperada de estas variables, aun con información incompleta. Por su parte, plantea que la opción de mantener la tasa en esta ocasión tendría como ventaja acumular más información sobre la situación externa, así como respecto de la intensidad de sus efectos en Chile y las presiones inflacionarias subyacentes. Hace presente que si bien ello tiene la ventaja de minimizar la probabilidad de una reversión en el curso de la política monetaria más adelante, tiene el riesgo de requerir ajustes más pronunciados más adelante. Con respecto al primer punto, la situación externa, señala que la evidencia acumulada hasta ahora parece suficiente para anticipar que las tensiones en Europa se mantendrán por un tiempo prolongado, que esta región atravesará por un proceso recesivo y que esta situación afectará negativamente el crecimiento mundial. Indica que la evidencia respecto del segundo punto, esto es la transmisión a la economía local, aún es más incierta. Sin embargo, manifiesta que la situación externa ya ha generado mayor cautela en algunos agentes locales y que, tal como quedó en evidencia durante el mes pasado, también es más propicia para que se produzcan situaciones de mayores fricciones financieras que afectan la evolución del crédito y la demanda. En todo caso, plantea que este también es un factor que deberá seguir siendo evaluado durante los próximos meses, tanto en sus dimensiones financieras como reales. El Gerente de División Estudios precisa que este conjunto de consideraciones llevan a proponer la reducción de la TPM en 25 puntos base. Con respecto a las consideraciones tácticas, hace notar que la opción recomendada en esta oportunidad se aleja de la expectativa mayoritaria en las encuestas, pero no de la trayectoria esperada de la TPM en un horizonte algo mayor. Por último, expresa que en caso de adoptarse la decisión de reducir la tasa, sería recomendable confirmar que la evolución reciente de la economía internacional y nacional se mantiene acorde con el escenario base delineado en el último IPoM, y que si bien la sorpresa inflacionaria de diciembre es un antecedente relevante, no es suficiente para modificar este escenario.",0.840464
RPM-2012-09-13:5082:1,RPM-2012-09-13,2012-09-13,2012,Luis Óscar Herrera Barriga,Gerente de División Estudios,dovish,-0.735884463818,0.06168995819279519,0.7975744220107952,0.14073561979640953,0.9932792253667954,unanime,escenario_internacional,escenario_internacional,Plantea que a ello se suma que las mediciones de inflación total y subyacente se mantienen en la parte baja del rango meta; que los salarios y la inflación de servicios no transables evolucionan en forma estable y que en el caso de la inflación de servicios presentan una leve disminución en el último mes; y que las expectativas continúan situadas en torno a la meta.,"El señor Luis Óscar Herrera indica que estos antecedentes llevan a proponer en carácter de única opción para la presente Reunión la de mantener la Tasa de Política Monetaria en 5% anual, en razón de los siguientes fundamentos. En primer término, indica que el IPoM de septiembre contempla un escenario externo caracterizado por el bajo crecimiento de las economías avanzadas, la desaceleración transitoria de las economías emergentes, estabilidad de los términos de intercambio, bajas tasas de interés en las monedas principales y la continuación de las tensiones financieras en los mercados internacionales. En segundo lugar, destaca que los recientes anuncios del Banco Central Europeo han sido bien recibidos por los inversionistas, observándose un mejoramiento generalizado de las condiciones financieras en la Eurozona y en el resto del mundo, a lo que se suma que los anuncios de la Reserva Federal dados a conocer en el día de hoy probablemente contribuirán también a mejorar el optimismo en los mercados internacionales. A su juicio, cabe esperar que estas medidas proporcionen un alivio para fines de avanzar en las reformas estructurales que se requieren para dar una mayor estabilidad fiscal y financiera a la Eurozona. En todo caso, y sin dejar de reconocer estos avances, plantea que su materialización aún presenta grandes dificultades de implementación de carácter político, por lo que los riesgos de la Eurozona siguen vigentes y no se puede descartar que las tensiones financieras recientes vuelvan a recrudecer en los próximos meses. Por otra parte, menciona que los indicadores recientes de actividad en China y otras economías asiáticas reafirman la proyección de una desaceleración de esa región durante el presente año, aunque contrastan con el alza reciente observada en el precio del cobre. En el plano interno, expresa que en el IPoM de septiembre en curso se estima que la capacidad instalada y el mercado laboral se encuentran en una situación ajustada, lo que requiere que el crecimiento de la economía chilena se encuadre con su potencial para evitar que se generen presiones inflacionarias de mediano plazo. En este sentido, menciona que hasta el momento, la inflación subyacente ha evolucionado dentro del rango de tolerancia, pero hace notar que se encuentra latente el riesgo de que este escenario de uso más intenso de los recursos disponibles pueda facilitar el traspaso a inflación de eventuales presiones de costos o demanda. Agrega que las proyecciones de crecimiento contenidas en el último IPoM de septiembre anticipan una desaceleración de la economía chilena en los próximos trimestres relacionada con el menor crecimiento mundial; sin embargo, al igual que en Reuniones anteriores, la evidencia en lo concerniente a esa desaceleración aún es tenue. En su opinión, constituye un aspecto que la política monetaria debe seguir vigilando. Asimismo, hace presente que el mayor crecimiento acumulado por el gasto interno se ha reflejado en un aumento del déficit de la cuenta corriente que, en la medida que se siga ampliando y sea persistente, podría constituir un factor de vulnerabilidad económica y financiera ante caídas bruscas de nuestros términos de intercambio o una contracción en la oferta de financiamiento internacional. A su juicio, este también es un aspecto al que corresponde efectuar su seguimiento, pero cuya conducción requiere involucrar un conjunto más amplio de políticas. En cuanto a la política monetaria, señala que la alternativa de aumentar la TPM se descarta en esta oportunidad, tomando en cuenta la evolución esperada del escenario externo y su eventual impacto sobre la economía chilena y la inflación. Plantea que a ello se suma que las mediciones de inflación total y subyacente se mantienen en la parte baja del rango meta; que los salarios y la inflación de servicios no transables evolucionan en forma estable y que en el caso de la inflación de servicios presentan una leve disminución en el último mes; y que las expectativas continúan situadas en torno a la meta.",0.838796
RPM-2012-01-12:4566:1,RPM-2012-01-12,2012-01-12,2012,Sebastián Claro Edwards,Consejero,dovish,-0.7352335042348458,0.08812316779955398,0.8233566720343998,0.08852016016604639,0.9959409917288319,unanime,riesgos,debate,"Advierte que la volatilidad en los precios de las materias primas y del tipo de cambio hacen particularmente difícil proyectar la trayectoria específica de la inflación en el corto plazo, pero que, sin embargo, los fundamentos hacia mediano plazo de la inflación y un balance adecuado de los riesgos continúan, en su opinión, apuntando a la necesidad de converger a tasas de interés de política monetaria algo más bajas que las actuales durante los próximos meses.","El Consejero señor Sebastián Claro comienza su intervención señalando que son varias las consideraciones, tanto internas como externas, que alimentan la decisión de hoy. En el ámbito externo, indica que, en su opinión, la principal novedad es la ausencia de grandes novedades. Al respecto, señala que la debilidad externa en Europa continúa y que la Zona Euro ya estaría entrando en recesión; que en Estados Unidos, la débil recuperación continúa su curso; que en Asia, particularmente en China, la desaceleración también ha continuado en línea con lo anticipado; que la ausencia de tensiones mayores en el sistema financiero europeo, en parte determinadas por la agresiva acción de su Banco Central, ha acompañado la recuperación de algunos activos financieros, castigados inicialmente por la alta percepción de riesgo; y que en línea con este escenario, los commodities se han mantenido altos y, en algunos casos, con bastante volatilidad, reflejando evidentes tensiones de oferta. A su juicio, estos fenómenos deben ser seguidos de cerca, porque aún sin un cambio de escenario externo, podrían aparecer importantes movimientos de materias primas, con consecuencias sobre los términos de intercambio e inflación en el corto plazo. En suma, manifiesta que las noticias externas son positivas, en el sentido que no se ha deteriorado el ambiente aún más y que no se han materializado los problemas financieros mayores que se han discutido en los últimos meses, pero que, en términos generales, la debilidad continúa de acuerdo con lo contemplado previamente. Con respecto al ámbito interno, el Consejero señor Sebastián Claro hace presente que los indicadores de actividad y demanda también dan cuenta de una desaceleración similar a la anticipada. Sobre el particular, plantea que los indicadores son mixtos respecto de la profundidad de este fenómeno, ya que algunos dan cuenta de que el dinamismo continúa, en particular las importaciones de bienes de capital y los volúmenes de crédito, mientras que otros muestran señales de un menor dinamismo, como es el caso de las importaciones de bienes de consumo, la percepción de inventarios, las condiciones en el otorgamiento de algunos créditos y los spreads de bonos corporativos. Añade que el mercado laboral ha mantenido su dinamismo, pero que la tasa de crecimiento del empleo se ha normalizado sustancialmente, con salarios reales que crecen hoy día entre 2 y 3%. Con todo, sostiene que estas cifras son coherentes con un panorama de normalización de la actividad y demanda interna, sin constatarse una desaceleración brusca o un impulso mayor. En este contexto, y dados los riesgos provenientes del exterior y la posibilidad de una desaceleración mayor de la economía, señala que, en su opinión, se sigue justificando una transición de la TPM desde su nivel actual a un rango que, sin ser evidentemente expansivo, provea de mayor espacio para un ajuste de la economía en condiciones más desfavorables. Al continuar con su intervención, el Consejero señor Sebastián Claro destaca que las principales novedades desde la última Reunión son de carácter interno y que se refieren al stress observado en los mercados monetarios y al registro de inflación mayor que el esperado. Expresa que su análisis de ellos lo hace en función de cómo afectan esta trayectoria anticipada de la TPM. Respecto de las alzas importantes de tasas observadas en los mercados monetarios en el mes, señala que, a su juicio, son dos las ideas que resultan necesarias de enfatizar. Indica que la justificación de ofrecer liquidez más allá de lo estrictamente normal fue adecuada, ya que contribuyó a normalizar un mercado cuyos precios reflejaban una tensión excesiva, y que se descarta, por ahora, la idea de que estas tensiones obedecían a restricciones muy fuertes de liquidez provenientes de un agudo deterioro en la situación externa. Enfatiza lo anterior, porque pone en perspectiva las mayores restricciones que se observaron en el mercado financiero. En líneas generales, sostiene que la normalización de estas condiciones muestra que acciones más decididas de política monetaria que las contempladas en el escenario base, pueden descartarse por ahora. Por otro lado, señala que el registro de inflación del mes de diciembre fue bastante mayor que el anticipado, constituyendo una noticia que debe ser adecuadamente ponderada. Subraya que este registro mostró aumentos en varias categorías, por lo que no puede ser atribuido a ningún efecto en particular. Asimismo, destaca el aumento en las medidas subyacentes que, en parte, podrían estar reflejando algunas presiones de demanda y salarios, y que hasta ahora habían mantenido las medidas subyacentes en niveles bastante bajos. El Consejero señor Sebastián Claro plantea que en un contexto de desaceleración de la economía donde los riesgos a la baja se han mantenido, es esperable que la inflación caiga hacia 3% en el transcurso del año. Advierte que la volatilidad en los precios de las materias primas y del tipo de cambio hacen particularmente difícil proyectar la trayectoria específica de la inflación en el corto plazo, pero que, sin embargo, los fundamentos hacia mediano plazo de la inflación y un balance adecuado de los riesgos continúan, en su opinión, apuntando a la necesidad de converger a tasas de interés de política monetaria algo más bajas que las actuales durante los próximos meses. Enfatiza que la sorpresa inflacionaria no debe ser desconocida, pero que tampoco altera en su esencia el panorama visualizado hacia mediano plazo de las principales variables macroeconómicas. El Consejero señor Sebastián Claro expresa que ambas opciones planteadas hoy son válidas. No obstante, se inclina por bajar la tasa en 25 puntos base, porque estima que es una decisión más coherente con las condiciones macroeconómicas actuales y que sopesa de mejor manera los riesgos presentes. Hace presente que aunque el mercado espera mayoritariamente una mantención, esta no debiera ser una decisión tan sorpresiva, toda vez que la trayectoria de tasas que hoy descuentan los instrumentos financieros y esperan los agentes es similar a la contemplada en el escenario base del IPoM. Finalmente, considera importante destacar que, probablemente, los próximos pasos de la TPM serían a la baja, pero que en las circunstancias actuales, y especialmente a la luz de las noticias de inflación, hacen que su timing sea particularmente dependiente de los datos.",0.831667
RPM-2013-11-19:5889:1,RPM-2013-11-19,2013-11-19,2013,Beltrán de Ramón Acevedo,Gerente de División Operaciones Financieras,dovish,-0.9246135265668981,0.015602535815086988,0.9402160623819851,0.04418140180292786,0.989750994464673,unanime,acuerdo_comunicado,acuerdo_comunicado,"Además, hace notar que la baja inflación es un fenómeno mundial aparentemente más persistente que lo estimado inicialmente y, por lo tanto, no puede ser indiferente al Banco Central de Chile, y en este sentido, la forma tradicional de actuar cuando la inflación permanece baja, es la de reducir la TPM.","El Gerente de División Operaciones Financieras señor Beltrán de Ramón manifiesta su concordancia con la Minuta de Opciones en cuanto a que la mejor alternativa en esta oportunidad es reducir la tasa de interés en 25 puntos base y, junto con ello, dejar constancia de lo señalado en dicho documento en orden a que esta vez se observó una desaceleración más intensa en todos los componentes de la demanda interna, incluido el consumo. El señor Beltrán de Ramón expresa que reviste especial preocupación para el Banco la baja inflación efectiva del IPC que se encuentra bajo el rango de la meta en los últimos doce meses, con excepción de lo observado entre los meses de julio y agosto, ya que podría inclusive constituir una amenaza latente a su credibilidad en materia de inflación en la medida que ello continúe produciéndose en los meses venideros, lo que se estima que ocurrirá a lo menos en los próximos dos meses. Hace presente que la inflación esperada al mes de diciembre próximo no solo está situada en un rango de entre 2,20% y 2,25% anual, sino que ha caído en las últimas semanas. Además, hace notar que la baja inflación es un fenómeno mundial aparentemente más persistente que lo estimado inicialmente y, por lo tanto, no puede ser indiferente al Banco Central de Chile, y en este sentido, la forma tradicional de actuar cuando la inflación permanece baja, es la de reducir la TPM. Asimismo, las expectativas de cambio en la tasa rectora se encuentran divididas para esta Reunión, lo que a su juicio, obedece principalmente al hecho de haberse retirado el sesgo en el Comunicado de la Reunión pasada. A pesar de ello, con posterioridad a dicha Reunión, el número de recortes de tasa esperados por el mercado pasaron de dos rebajas desde 5% a 4,5% anual, a cuatro para alcanzar hasta 4% anual, de las cuales ya se materializó una. En su opinión, parte de esta caída tan significativa de tasas de interés se debe a datos recientes más débiles, pero también podría obedecer a un cierto grado de confusión que se generó en el mercado al retirarse dicho sesgo. De hecho, en el informe presentado en el día de hoy por la Gerencia de Análisis Macroeconómico en la parte inicial de esta Reunión de Política Monetaria, se advierte claramente que las tasas de los BCP a 2 y 5 años cayeron 25 puntos base desde la Reunión pasada, lo que se materializó en un par de días y añade que siguieron disminuyendo, pero su caída adicional se atribuiría a los datos recientes. El señor Beltrán de Ramón plantea que una hipótesis sobre esta disminución tan brusca de tasas post RPM, se explicaría por la circunstancia que el mercado estime que el Banco no rebajará la tasa en la oportunidad adecuada, esperándose, por lo tanto, una nueva reducción. A su juicio, ello podría explicar que las expectativas reflejen una caída de al menos 50 puntos base en solo 30 días y es consistente con que la mitad del mercado considere que el Banco disminuirá la TPM en la presente Reunión y la otra mitad, que no lo hará. En razón de lo expuesto, el Gerente de División Operaciones Financieras señor Beltrán de Ramón estima que en esta oportunidad, la mejor opción es bajar la TPM en 25 puntos base y reintroducir el sesgo a la baja en el último párrafo del Comunicado, porque los recortes futuros, dados los últimos datos, serán claramente muy concretos y posibles.",0.952817
RPM-2013-11-19:5903:1,RPM-2013-11-19,2013-11-19,2013,Rodrigo Vergara Montes,Presidente del Banco Central,dovish,-0.8870811539875867,0.0276552322824113,0.914736386269998,0.05760838144759077,0.9857888636546278,unanime,acuerdo_comunicado,acuerdo_comunicado,"En su opinión, reducir la TPM es más consistente con la desaceleración que se ha producido en la demanda; que la actividad “resto” crece un punto porcentual menos que el potencial por tres trimestres consecutivos; el contexto externo que sigue complejo; la moderación del déficit de la cuenta corriente; una inflación que se ha mantenido particularmente baja, la que se espera que suba hacia la meta lenta y gradualmente; y, además, con expectativas inflacionarias ancladas en dicha meta.","El Presidente señor Rodrigo Vergara expresa que en Chile se consolidan cifras de desaceleración de la demanda interna, en particular de la inversión; se mantiene la desacumulación de inventarios, a la vez que la formación bruta de capital fijo exhibe una cada vez más clara desaceleración. El consumo privado también se desacelera, aunque menos pronunciadamente, lo que se explicaría por un mercado laboral que sigue dinámico; y, las exportaciones muestran mucha fuerza en el margen, aunque en parte explicadas por la citada desacumulación de inventarios. Asimismo, menciona que las colocaciones se mantienen creciendo a tasas moderadas, el déficit de la cuenta corriente se prevé significativamente inferior a las proyecciones de hace unos meses, mientras que los salarios nominales continúan creciendo en torno a 6%, lo que refleja un mercado laboral estrecho. No obstante, indica que información cualitativa, por ejemplo del Informe de Percepciones de Negocios del Banco Central de Chile, muestra que en el margen se estarían produciendo algunas holguras en ese mercado. Añade que el peso chileno se ha depreciado. Con motivo de lo expuesto, concluye que las opciones que presenta la Gerencia de División de Estudios son las más razonables, ya que mantener la TPM es consistente con una actividad y demanda final, que crecieron en el tercer trimestre cerca del potencial de la economía; con una tasa de desempleo que sigue en niveles muy bajos para nuestra historia reciente; y, con la incertidumbre natural sobre si el proceso de desaceleración se consolidará o no. En su opinión, reducir la TPM es más consistente con la desaceleración que se ha producido en la demanda; que la actividad “resto” crece un punto porcentual menos que el potencial por tres trimestres consecutivos; el contexto externo que sigue complejo; la moderación del déficit de la cuenta corriente; una inflación que se ha mantenido particularmente baja, la que se espera que suba hacia la meta lenta y gradualmente; y, además, con expectativas inflacionarias ancladas en dicha meta. No obstante, el Presidente señor Rodrigo Vergara estima que en esta oportunidad la opción de reducir la TPM se impone claramente, ya que aparte de los antecedentes mencionados, esa rebaja pone en una perspectiva más clara la acordada el mes pasado en el contexto de un proceso que no necesariamente continuará en el corto plazo, ya que dependerá de la información que se vaya teniendo, pero deja en claro que la baja de la TPM del mes de octubre constituyó más que una suerte de movimiento exploratorio y en este sentido, permite una comunicación más clara y transparente de la política monetaria. Además, ambas rebajas se inscriben en un escenario en que se combinan una baja inflación con una desaceleración moderada de la economía. Por otra parte, plantea que la posible mantención de la expansividad de la política monetaria en Estados Unidos de América implicará tasas de interés reducidas por más tiempo en dicha economía. En ese sentido, una disminución de nuestra tasa de política monetaria reduce la brecha con la tasa de interés externa. No obstante, reitera que lo más importante a considerar es la baja proyección para la inflación en conjunto con el anclaje en la meta de las expectativas sobre dicha variable que se observa en nuestro horizonte de proyección. En su opinión, se debe destacar que la baja inflación internacional constituya un factor que ha incidido y que se espera siga haciéndolo por un tiempo en la inflación interna. En razón de lo expuesto, el Presidente señor Rodrigo Vergara manifiesta que en estas circunstancias, su decisión es por bajar la TPM incorporando una señal más clara de política monetaria en el IPoM que se difundirá a principios del mes de diciembre.",0.912334
RPM-2013-11-19:5887:1,RPM-2013-11-19,2013-11-19,2013,Luis Óscar Herrera Barriga,Gerente de División Estudios,dovish,-0.8255237652332909,0.05070698059582581,0.8762307458291166,0.07306227357505753,0.9949120771095059,unanime,escenario_internacional,escenario_internacional,Indica que la opción de mantener la Tasa de Política Monetaria podría justificarse en que la desaceleración de la actividad y la demanda ha sido gradual y en que las condiciones en el mercado laboral aún son estrechas.,"El señor Luis Óscar Herrera manifiesta que los antecedentes antedichos llevan a proponer a título de opciones relevantes en esta oportunidad, mantener la Tasa de Política Monetaria en 4,75% anual o recortarla en 25 puntos base a 4,5% anual, en razón de los fundamentos que pasa a exponer. Indica que la opción de mantener la Tasa de Política Monetaria podría justificarse en que la desaceleración de la actividad y la demanda ha sido gradual y en que las condiciones en el mercado laboral aún son estrechas. En este contexto, señala que la acumulación de mayor información permitiría verificar si estas tendencias recientes de desaceleración se consolidan y profundizan en los meses venideros. Por su parte, la opción de disminuir la Tasa de Política Monetaria puede justificarse en la consolidación del escenario anticipado en los IPoM de los meses de junio y septiembre, lo que implica menor impulso externo para la economía chilena, una desaceleración de su crecimiento y la postergación de la convergencia de la inflación hacia la meta. Añade que desde el segundo trimestre del presente año se ha ido asentando un escenario internacional menos expansivo para la economía chilena; y si bien las proyecciones del IPoM avizoran una modesta recuperación del crecimiento mundial durante el próximo año, otros elementos apuntan a un menor impulso desde el exterior, incluyendo la moderación del crecimiento de las economías emergentes, menores términos de intercambio, maduración del ciclo global de inversiones en minería y condiciones financieras internacionales menos favorables. Las cifras recientes muestran que la economía chilena ha continuado evolucionando a un ritmo moderado, coherente con el escenario delineado en el último IPoM, y que la desaceleración se ha ido extendiendo paulatinamente a todos los componentes de la demanda interna, partiendo por la inversión, luego los inventarios y, más recientemente, el consumo privado. Resalta que este ajuste del gasto interno ha sido suave, lo que es acorde con las estrecha condiciones que prevalecen en el mercado laboral, la alta intensidad de uso de la capacidad instalada y la estabilidad que mostraron los indicadores de endeudamiento durante la fase de expansión de la economía. En efecto, las encuestas de confianza a empresas y consumidores se mantienen dentro del área de optimismo, aunque en un menor nivel al observado en la primera mitad del año. En lo relativo a la inflación, las presiones inflacionarias han continuado evolucionando en forma moderada durante los últimos meses. Añade que si bien las proyecciones del IPoM y las expectativas del mercado anticipan que la inflación se normalizará hacia el 3% anual dentro del horizonte de proyección, la ocurrencia de esta convergencia se ha ido aplazando a medida que la economía absorbe los efectos de menores precios internacionales de combustibles y otras materias primas, así como una reducida inflación internacional. Plantea que la reciente depreciación del peso chileno contribuirá a compensar parcialmente estos efectos. Finalmente, señala que tras el recorte de la TPM en la Reunión de Política Monetaria pasada, las tasas de interés de mercado mostraron una reducción a lo largo de toda la curva, contribuyendo a generar condiciones financieras algo más expansivas y el peso chileno se depreció tanto en términos nominales y reales. El Gerente de División Estudios señor Luis Óscar Herrera concluye su presentación manifestando que el conjunto de antecedentes y consideraciones expuestas llevan a recomendar en esta oportunidad la opción de reducir la Tasa de Política Monetaria en 25 puntos base. Señala que aun cuando las opiniones de los analistas sobre esta decisión se encuentran divididas, su efecto debería ser moderado, ya que las expectativas de las Encuestas de Operadores Financieros ya contemplan reducciones futuras, como asimismo, aquellas otras encuestas y precios que se encuentran vinculados a mercados financieros consideran en forma mayoritaria la posibilidad de un recorte en esta Reunión.",0.898326
RPM-2013-07-11:5685:1,RPM-2013-07-11,2013-07-11,2013,Claudio Raddatz Kiefer,Gerente de Investigación Económica,dovish,-0.8519727154900705,0.03022763495915002,0.8822003504492205,0.08757201459162942,0.9883382914141572,unanime,opciones_tpm,opciones_tpm,"En segundo lugar, los datos de la Encuesta de Crédito Bancario indicarían que por el lado del canal del crédito, el efecto de una baja de tasa de interés sobre el dinamismo del consumo probablemente sea menor que sobre la inversión y el producto; y, por último, que la inflación del IPC y del IPCSAE se proyectan aún por debajo del nivel rango meta, respectivamente, lo cual permitiría absorber algún efecto temporal sobre la inflación.","El Gerente de Investigación Económica señor Claudio Raddatz plantea que la economía chilena, así como otras economías emergentes, ha comenzado a mostrar los signos de desaceleración que se han estado anticipando hace ya algún tiempo. En este sentido, resalta que la presentación de antecedentes en esta Reunión y la Minuta de Opciones describen claramente tales signos. Expresa que si bien no todos los componentes de la demanda interna han ajustado su velocidad de igual manera, en los últimos meses han comenzado a aparecer consistentemente en encuestas a empresas, bancos, entrevistas a agentes de mercado, así como en algunos datos sectoriales, signos preliminares de que los ajustes de los componentes restantes comenzarían a observarse en los datos en la segunda mitad del año, configurando eventualmente un escenario de desaceleración balanceado que se encuentra alineado con el diagnóstico presentado en el reciente IPoM. En este escenario, estima que ambas opciones planteadas son pertinentes e incorporan riesgos y beneficios distintos. En su opinión, la opción de mantener la TPM da más peso a las tendencias actuales que a los signos tempranos de tendencias futuras. Esta opción permite esperar a que se acumule más información y dar tiempo a las componentes aún dinámicas de la demanda interna a continuar su moderación. No obstante, el riesgo que presenta esta opción radica en que los signos iniciales de desaceleración mencionados anteriormente se consoliden más pronto de lo esperado, requiriendo posteriormente ajustes más severos de la TPM. Por otra parte, considera que una baja de la TPM que inicie un ciclo moderadamente expansivo de la instancia de política monetaria, permitiría adelantarse a las señales de desaceleración de las variables macroeconómicas aún dinámicas, ayudando a mantener la economía operando a un nivel cercano al potencial, pero con el riesgo de que en el corto plazo se acentúe el dinamismo del consumo con posibles consecuencias para el déficit de cuenta corriente, la inflación y el endeudamiento de los hogares. El señor Claudio Raddatz señala que la evaluación de estas alternativas requiere aplicar probabilidades subjetivas a cada uno de los riesgos de estos escenarios, ejercicio en el que pueden diferir observadores razonables e informados. A título personal, estima que el riesgo de sobreestimular la economía en el corto plazo al optar por bajar la tasa de política monetaria es menor que el riesgo de reaccionar algo tarde asociado con la opción de mantenerla. Agrega que esta apreciación se basa en una serie de razones, pero fundamentalmente en tres observaciones. En primer término, los rezagos de la acción de política monetaria y la trayectoria de desaceleración presentada en el IPoM y confirmada por datos recientes, harían que los riesgos de que la rebaja de tasa tenga efectos excesivamente expansivos sean, a lo sumo, de corto plazo. En este sentido, expresa que es difícil vislumbrar con los antecedentes disponibles un repunte sostenido del dinamismo de la economía local basado en fundamentales. En segundo lugar, los datos de la Encuesta de Crédito Bancario indicarían que por el lado del canal del crédito, el efecto de una baja de tasa de interés sobre el dinamismo del consumo probablemente sea menor que sobre la inversión y el producto; y, por último, que la inflación del IPC y del IPCSAE se proyectan aún por debajo del nivel rango meta, respectivamente, lo cual permitiría absorber algún efecto temporal sobre la inflación. Conforme a esta visión de la coyuntura actual, el Gerente de Investigación Económica señor Claudio Raddatz manifiesta que su recomendación al Consejo es la opción de disminuir la TPM a 4,75% anual.",0.895524
RPM-2013-11-19:5891:1,RPM-2013-11-19,2013-11-19,2013,Kevin Cowan Logan,Gerente de División Política Financiera,dovish,-0.8147025188857567,0.04753231546918302,0.8622348343549397,0.09023285017587725,0.9886404162757956,unanime,inflacion,inflacion,"En ese sentido, y dados los rezagos con que opera la política monetaria, considera razonable continuar con un ciclo de baja de tasas con el propósito de anticipar el efecto de estos shocks externos y, en ese sentido, mantener una demanda interna algo más estable que conduzca la inflación a la meta del Banco Central de Chile en el horizonte de política.","El Gerente de División Política Financiera señor Kevin Cowan señala queen esta oportunidad coincide con la propuesta de la Gerencia de División Estudios en lo referente a bajar la Tasa de Política Monetaria en 25 puntos base, atendidos los siguientes puntos que, a su juicio, son sustanciales para este análisis. En primer término, indica que la revisión de las cuentas nacionales más otros antecedentes, como la evolución del crédito de consumo, parecen confirmar el escenario de desaceleración de la demanda interna que se venía anticipando hace algún tiempo, pero que de alguna manera no se había manifestado con fuerza en los datos. Expresa que ello respondería al hecho que se esté observando un ciclo en que el consumo está impulsado por condiciones relativamente favorables en la dinámica de ingresos y la evolución reciente de los términos de intercambio, en circunstancias que la evolución futura de ellos apunta a que dicha dinámica debiera desacelerarse. En relación con lo expuesto, en el plano externo se ha ido confirmando una visión en que la salida del programa de alivio cuantitativo de Estados Unidos de América y el alza de la tasa de interés de corto plazo en ese país pudiese ser más contractiva que lo esperado en las economías emergentes, lo que afectaría tanto a aquellas economías que han mostrado ser particularmente vulnerables al cambio de las condiciones financieras extemas, e incluso a las menos vulnerables, en que se han observado alzas importantes en las condiciones de financiamiento, no solamente en dólares estadounidenses, sino que en las de financiamiento de largo plazo en moneda local. Por otra parte, ciertos indicadores financieros recientes sugieren que China aún enfrenta un fuerte dinamismo en ciertos ámbitos del sector financiero, lo que pudiese redundar en acciones de política que tengan por objeto frenar estos desarrollos en pos de restablecer su equilibrio. En su opinión, no cabe duda que estas acciones pudiesen ser más contractivas que lo esperado por las autoridades chinas, en especial, porque el proceso de liberalización del sector formal de esa economía va avanzando más lentamente que las medidas que buscan frenar el sector informal. A juicio del señor Kevin Cowan, ambos desarrollos promueven la visión de un menor impulso externo que debiera traducirse en el dinamismo de los términos de intercambio y, por su intermedio, en una desaceleración del consumo. En ese sentido, y dados los rezagos con que opera la política monetaria, considera razonable continuar con un ciclo de baja de tasas con el propósito de anticipar el efecto de estos shocks externos y, en ese sentido, mantener una demanda interna algo más estable que conduzca la inflación a la meta del Banco Central de Chile en el horizonte de política.",0.884353
RPM-2013-12-12:5951:1,RPM-2013-12-12,2013-12-12,2013,Felipe Larraín Bascuñán,Ministro de Hacienda,dovish,-0.7986795796656418,0.03939884247662697,0.8380784221422688,0.1225227353811043,0.9900858438742844,unanime,acuerdo_comunicado,acuerdo_comunicado,"Asimismo, menciona que de acuerdo con la última Encuesta de Expectativas Económicas, se espera que la inflación al mes de diciembre de 2014 se ubique en 2,8% anual, lo que refleja que las expectativas de inflación se mantienen ancladas.","El Ministro de Hacienda señor Felipe Larraín inicia su intervención indicando que desde la última Reunión de Política Monetaria, se ha observado una consolidación de un mejor desempeño de las economías desarrolladas, así como nueva información que ha ido ratificando el escenario de desaceleración de la economía chilena. En lo concerniente al plano internacional, señala que en Estados Unidos de América, el crecimiento del tercer trimestre se corrigió al alza desde 2,8% a 3,6%; que el mercado laboral también ha mostrado dinamismo, al crear más de 200 mil nuevos puestos de trabajo en el mes de noviembre; y que la situación en dicho país mantiene la atención en el mundo emergente acerca de la estrategia de salida del relajamiento cuantitativo. Agrega que en Europa, diversos países han confirmado el término de la recesión, y que en las economías emergentes continúa el proceso de desaceleración. En lo atinente al plano local, las noticias recientes muestran importantes síntomas de desaceleración, mientras que el consumo privado se mantiene creciendo a tasas robustas, sostenido por un aumento de la masa salarial real, que en el mes de octubre continuó exhibiendo tasas de aumento elevadas. Sin embargo, en materia de inversión, la información parcial al cuarto trimestre muestra signos de fuerte desaceleración, explicada fundamentalmente por la importante caída del componente de maquinarias y equipos, como se puede deducir de la evolución de las importaciones de bienes de capital. En efecto, en el mes de octubre, este tipo de importaciones se contrajo un 37,1% anual, y en noviembre cayeron algo más de 18% en base anual. Por otra parte, la Cámara Chilena de la Construcción rebajó recientemente su proyección de crecimiento de inversión en construcción para el año 2013 a 5%, desde el 6,6% anterior, y para el año 2014 pronostica un aumento de 4%. Hace notar que otro síntoma de desaceleración en el cuarto trimestre es la contracción de las exportaciones, toda vez que este componente sostuvo el crecimiento durante el tercer cuarto del año. En efecto, su valor registró una contracción de 5,4% anual en el mes de octubre, caída que en noviembre se acentuó a 7,3%. Con todo, resalta que la balanza comercial en el cuarto trimestre muestra una clara mejora frente a los registros del mismo trimestre del año anterior, lo que sumado a un precio del cobre mucho menor que los US$3,66 por libra del último cuarto del año 2012, significará una moderación del déficit de la partida Renta y llevará a una nueva moderación del déficit de cuenta corriente. En consecuencia, en este escenario, hay bastantes señales de que la desaceleración del gasto interno continuará su proceso en el corto plazo. Por otra parte, plantea que la inflación se aceleró en el mes de noviembre, aunque se mantiene en la parte baja del rango de tolerancia del Banco Central de Chile. De igual forma, la inflación subyacente se encuentra bastante contenida; y el aumento del tipo de cambio podría ir aproximando los registros inflacionarios anuales a niveles más cercanos al centro del rango. Asimismo, menciona que de acuerdo con la última Encuesta de Expectativas Económicas, se espera que la inflación al mes de diciembre de 2014 se ubique en 2,8% anual, lo que refleja que las expectativas de inflación se mantienen ancladas. El Ministro de Hacienda señor Felipe Larraín expresa que considerando los rezagos con que opera la política monetaria, resulta razonable continuar con el ciclo de reducción de la tasa rectora. En este sentido, la inflación se encuentra aún por debajo del rango de tolerancia y con este movimiento se contribuiría a contrarrestar la debilidad de la demanda interna y mantener un tipo de cambio competitivo que permita que el componente externo sea un aporte cada vez mayor al crecimiento.",0.883600
RPM-2013-11-19:5895:1,RPM-2013-11-19,2013-11-19,2013,Sebastián Claro Edwards,Consejero,dovish,-0.8333643800988275,0.04100675430650651,0.874371134405334,0.08462211128815965,0.9925287203007473,unanime,acuerdo_comunicado,acuerdo_comunicado,"Agrega que las presiones inflacionarias en los principales países desarrollados se ven acotadas, esencialmente por la debilidad de sus economías, lo que se potencia en el corto plazo por la corrección que han mostrado los precios de las materias primas y de algunos alimentos.","El Consejero señor Sebastián Claro inicia su intervención mencionando que tanto el escenario externo como el interno se mantienen en línea con lo anticipado en los trimestres previos. En lo atinente al ámbito externo, señala que las principales novedades son el ajuste experimentado por los precios de algunos commodities relevantes, así como la persistente discusión en Estados Unidos de América acerca de la velocidad de retiro de los estímulos monetarios, lo que se ha traducido en alguna volatilidad en las tasas largas en dólares. Agrega que las presiones inflacionarias en los principales países desarrollados se ven acotadas, esencialmente por la debilidad de sus economías, lo que se potencia en el corto plazo por la corrección que han mostrado los precios de las materias primas y de algunos alimentos. Ello ha incentivado aún más el debate que se ha sostenido por varios meses sobre el grado de expansividad de la política monetaria: mientras en Europa las estimaciones son que el Banco Central Europeo seguirá expandiendo la política monetaria, en Estados Unidos de América la baja inflación y la persistente alta tasa de desempleo en dicho país profundizan el debate sobre el retiro del programa de estímulo monetario QE y el alza de la tasa de interés, no avizorándose algún espacio para una corrección en sentido contractivo. Con todo, no se advierte que las perspectivas de bajas tasas por un tiempo prologando vayan a cambiar muy prontamente, razón por la que estima que es claro que la política monetaria permanecerá altamente expansiva por un período muy prolongado. Aun así, destaca que las tasas en el exterior, especialmente en Estados Unidos de América, han aumentado de manera relevante y que si bien el financiamiento externo continúa siendo amplio para algunos países, en particular para Chile, estas condiciones podrían estar sujetas a cambios relevantes en los próximos trimestres, citando que de hecho algunos países ya exhiben cambios en las condiciones de acceso a financiamiento. En relación con el ámbito interno, señala que las cifras de cuentas nacionales y los últimos indicadores van confirmando un patrón de desaceleración no solo de la actividad, sino que también de la demanda. En efecto, mientras el Imacec del mes de septiembre fue menor que 4%, las cifras del tercer trimestre muestran que la economía creció un 4,7%, esperándose una cifra cercana al 4% para el próximo trimestre. No obstante la estabilidad de estas cifras, considera importante hacer notar que esconden una performance superior a lo esperado en el sector minero y menor a lo anticipado en el denominado sector resto, que ha crecido en torno al 4% durante los últimos tres trimestres, dando cuenta de una desaceleración gradual y pausada de la actividad económica. En lo concerniente a la demanda, resalta que los primeros signos de desaceleración en el consumo ya se notan con claridad en el tercer trimestre, apoyados además por la corrección de las cifras del primer semestre, a lo que se suma el menor dinamismo que viene mostrando la inversión. Añade que la desacumulación de inventarios sigue profundizándose y se mantiene la visión de que no están bajo los niveles deseados. A su juicio, este punto sigue siendo importante de seguir, aun cuando ya se observan signos claros de desaceleración gradual de la demanda final. El mercado laboral se mantiene dinámico, dando cuenta de la gradualidad de estos ajustes; y los agregados de crédito también continúan con un dinamismo acotado. Consigna que la inflación se ha mantenido baja, reflejando un aumento acotado de los bienes no transables y la ausencia de presiones inflacionarias por el lado de los bienes transables, lo que en parte es sensible a la trayectoria cambiaria. De hecho, en las últimas semanas, el peso chileno se ha depreciado tanto en términos bilaterales respecto del dólar estadounidense como en términos multilaterales, lo que debiera facilitar la convergencia de la inflación a 3% anual en el mediano plazo, en la medida que se mantenga. El Consejero señor Sebastián Claro alude a la rebaja de tasa acordada en la última Reunión que, en términos generales, era congruente con el mensaje que se había entregado desde mediados de año en cuanto a que la consolidación de una desaceleración suave podría justificar un ajuste acotado de ella, que facilite el ajuste de la economía durante esa desaceleración. En su opinión, este escenario se ha producido, motivo por el cual se justifica hacer un ajuste adicional en dicha tasa, lo que es coherente con el mensaje global entregado, sin que ello signifique llevarla a un terreno abiertamente expansivo. En razón de lo expuesto, el Consejero señor Sebastián Claro expresa que su voto es por bajar la TPM a 4,5% anual. En relación con el sesgo, solicita dejar constancia en el Acta de la presente Sesión de su opinión en cuanto a que, en principio, la disminución de la Tasa de Política Monetaria de 5% a 4,5% anual podrían ser suficientes por ahora para enfrentar el ajuste que está registrando la economía, aunque cuando se evidenciará con mayor nitidez con motivo del análisis concreto que se efectuará en el marco del próximo IPoM de diciembre. Sin embargo, considera que el Consejo enfrenta un reto en materia comunicacional hasta la fecha de publicación de ese Informe, en el sentido que la ausencia de sesgo, mantendría abiertas ciertas expectativas del mercado en cuanto a la trayectoria de tasas que determine seguir, lo que podría expresarse a través del Comunicado o en alguna información posterior. A su juicio, se abre una interrogante acerca de la interpretación que dará el mercado a esta baja de la TPM en esta circunstancia en las próximas dos o tres semanas, en caso que ella sea la decisión que adopte el Consejo en esta oportunidad.",0.879923
RPM-2013-11-19:5901:1,RPM-2013-11-19,2013-11-19,2013,Manuel Marfán Lewis,Vicepresidente del Banco Central,dovish,-0.7983829795849287,0.05015337776975724,0.8485363573546859,0.10131026487555675,0.9571782169680813,unanime,acuerdo_comunicado,acuerdo_comunicado,"El Vicepresidente señor Manuel Marfán expresa que no votaría por una reducción de la tasa de política monetaria en esta oportunidad si no se hubiese contado con una evidencia que no se tenía un mes atrás, constituida por esta desaceleración mayor de la demanda interna, concentrada en el sector resto.","El Vicepresidente señor Manuel Marfán expresa que no votaría por una reducción de la tasa de política monetaria en esta oportunidad si no se hubiese contado con una evidencia que no se tenía un mes atrás, constituida por esta desaceleración mayor de la demanda interna, concentrada en el sector resto. Resalta que en esa oportunidad, se estimaba que no era inminente una segunda baja de la tasa rectora, lo que de hecho fue una de las razones por las cuales se mantuvo un sesgo neutral en el comunicado, pensando que el sesgo había que introducirlo cuando fuera inminente una rebaja, por lo que una reducción de la TPM en esta oportunidad tomará por sorpresa al mercado. A su juicio, considera importante que en el Comunicado se señale de manera explícita que la revisión en las cuentas nacionales ha evidenciado un espacio para que el Consejo también pueda bajar la tasa rectora en esta oportunidad, y que esa corrección en las cuentas nacionales y la nueva información disponible constituye una noticia que no estaba en sus proyecciones de hace un mes. En este contexto, el Vicepresidente señor Manuel Marfán manifiesta que su voto es por bajar la tasa de política monetaria en 25 puntos base en esta oportunidad a 4,5% anual y mantener el sesgo de neutral, y que se expliquen claramente en el Comunicado las razones por las cuales el Consejo habría adelantado en esta oportunidad una reducción de la tasa rectora respecto de lo contemplado un mes atrás.",0.879544
RPM-2013-05-16:5556:1,RPM-2013-05-16,2013-05-16,2013,Felipe Larraín Bascuñán,Ministro de Hacienda,dovish,-0.7756377522544712,0.02910918157772167,0.8047469338321929,0.1661438845900856,0.9913089352049095,unanime,acuerdo_comunicado,acuerdo_comunicado,"Añade que las expectativas de inflación apuntan a que este indicador se ubicaría en 2,5% a fines del presente año y anclado en 3% hacia fines de 2014, de acuerdo a la última Encuesta de Expectativas Económicas del Banco Central de Chile.","El señor Felipe Larraín inicia su exposición señalando que el escenario económico internacional no presenta grandes cambios en los países desarrollados, pero se ha observado una desaceleración en las economías emergentes, lo que ha llevado a una corrección de precios de los commodities, con las consiguientes repercusiones que podría tener, en particular, en las economías exportadoras de estos productos. En lo concerniente a la Zona Euro, hace notar que reportó la sexta caída trimestral consecutiva del producto, en un contexto de elevado desempleo, en especial, en las economías con mayores dificultades fiscales. Destaca que Estados Unidos de América ha mostrado indicadores que dan indicios de mejora, pese a la debilidad de la situación económica; que Japón ya comenzó a ejecutar su programa que busca duplicar la base monetaria hacia fines del año 2014 con el fin de estimular la actividad económica; y que en China, los datos sectoriales del mes de abril dan cuenta de que se mantendrá un ritmo de crecimiento similar al del primer trimestre, y que la inflación permanece bajo control. Hace presente que en este escenario, el Fondo Monetario Internacional rebajó en el mes de abril su proyección de crecimiento en el año 2013 para el mundo a 3,3%, desde el 3,5% de enero; y que, de igual forma, disminuyó la proyección de crecimiento para los mercados emergentes desde 5,5% a 5,3%. Acota que los precios de commodities han registrado descensos desde sus niveles del trimestre anterior en vista de las menores perspectivas de demanda. En este contexto, resalta que no solo el Banco Central Europeo y otros países fuertemente afectados por la crisis en Europa, como el Reino Unido, República Checa, Hungría y Polonia, han rebajado recientemente sus tasas de política monetaria, sino que también lo han hecho países como México, Colombia, Turquía, Australia, Corea e India. En lo atinente al ámbito interno, el Ministro de Hacienda menciona que la actividad económica se desaceleró significativamente en el mes de marzo, alcanzando una expansión de solo 3,1%, inferior a las expectativas del mercado y al 3,8% del mes anterior. Al respecto, hace el alcance que en el mes de marzo hubo dos días hábiles menos, lo que era conocido y, por lo tanto, no se puede atribuir a ello la diferencia frente al 4,5% esperado por el mercado. Plantea que, preliminarmente, lo expresado implicaría un crecimiento de 4,4% en el primer trimestre de este año y una importante desaceleración desde el 5,7% del trimestre anterior. Agrega que el segundo trimestre se iniciará con una cifra del mes de abril influida por los eventos asociados al paro portuario, donde también incidirán los dos días hábiles más de dicho mes. Asimismo, plantea que el consumo sigue creciendo, sostenido por la creación de empleo y el aumento de los salarios reales, y que en el mes de marzo, las ventas del comercio minorista subieron 10,2% en doce meses. Con todo, expresa que desde mediados del año 2012 se observa una tendencia a la desaceleración de las colocaciones bancarias, fundamentalmente por una moderación de los créditos comerciales y de consumo y, en menor medida, por los créditos hipotecarios. En cambio, se aprecian con mayor claridad síntomas de una desaceleración de la inversión. En este sentido, indica que de acuerdo con el último Catastro de la Corporación de Bienes de Capital, la inversión proyectada en el año 2013 pasa a US$20.361 millones, desde los US$22.609 millones del catastro anterior, y que las importaciones de bienes de capital crecieron 20,4% durante el primer trimestre, tras el 33,1% del cuarto trimestre de 2012. En su opinión, estos antecedentes son concordantes con una moderación del ritmo de crecimiento de la demanda interna durante el primer trimestre de este año. El señor Felipe Larraín manifiesta que el sector externo chileno sigue afectado por la situación internacional. Sobre este aspecto, señala que durante el primer trimestre, el valor de las exportaciones de bienes a la Unión Europea decreció 4,7% anual, cifra muy similar a la caída de 4,8% registrada en el cuarto trimestre de 2012; y que, además, las exportaciones a China disminuyeron 0,7% en el primer trimestre, tras un aumento de 1% en el trimestre anterior. En materia de inflación, se registró una variación mensual de -0,5% en abril, llegando a 1% en doce meses, y que en el resultado del mes destacó la disminución de los precios de la electricidad y de la gasolina. Señala que la inflación subyacente también se mantiene acotada, ya que el IPCX y el IPCX1 se encuentran en niveles de 1,2% y 1,6%, respectivamente, lo que refleja que ello no se debe solo a factores puntuales transitorios, sino que a una moderación generalizada de precios. Añade que las expectativas de inflación apuntan a que este indicador se ubicaría en 2,5% a fines del presente año y anclado en 3% hacia fines de 2014, de acuerdo a la última Encuesta de Expectativas Económicas del Banco Central de Chile. A su juicio, los datos muestran que se configura un escenario en donde la fortaleza de la demanda interna, que anteriormente contrarrestaba la debilidad de la demanda externa, se desacelera, en un contexto en que no se vislumbra un mejoramiento de la situación internacional, lo que debiera mantener la debilidad del sector exportador. El Ministro de Hacienda señor Felipe Larraín acota que de acuerdo con la Tabla 4 que se contiene en los antecedentes proporcionados para la presente Reunión de Política Monetaria, al mes de octubre de este año se proyecta una inflación en doce meses de 1,9%, inferior al rango del Banco Central de Chile, lo que se suma a una moderación significativa de la demanda interna desde las proyecciones del primer trimestre hacia las proyecciones de los meses siguientes. En su opinión, en este escenario se configuran claramente las condiciones para comenzar un nuevo ciclo de reducción de la Tasa de Política Monetaria, atendido que los riesgos que apuntan a un menor dinamismo se han intensificado pese a la resiliencia que ha mostrado la economía chilena. Además, la inflación se encuentra bajo el rango de política monetaria y con ello se contribuiría a frenar las presiones a la apreciación cambiaria, incentivando al sector exportador y permitiendo contrarrestar los efectos de una menor demanda agregada.",0.873241
RPM-2013-07-11:5697:1,RPM-2013-07-11,2013-07-11,2013,Manuel Marfán Lewis,Vicepresidente del Banco Central,dovish,-0.7503212423378471,0.052907679126925934,0.8032289214647731,0.14386339940830087,0.9935714353581734,unanime,acuerdo_comunicado,acuerdo_comunicado,"Con todo, expresa que un aumento del tipo de cambio nominal podría traducirse en lo futuro en una presión inflacionaria, con motivo del traspaso del tipo de cambio a la inflación, o en un cambio en los precios relativos.","El Vicepresidente señor Manuel Marfán inicia su presentación agradeciendo el análisis del staff por los antecedentes y análisis entregados en esta oportunidad, y manifiesta compartir la mayoría de ellos. Asimismo, expresa que también hace suyos los antecedentes que se contienen al comienzo de la Minuta de Opciones, con los siguientes comentarios y adiciones. En lo atinente al ámbito internacional, percibe un deterioro en el margen respecto de las condiciones externas relevantes para Chile. Si bien estima que constituye una buena noticia el hecho que Estados Unidos de América esté dando señales de superar la crisis y la recesión que lo afectó, los vaivenes de corto plazo que se han generado y la volatilidad producen los efectos que expondrá. En su opinión, la desaceleración de China tampoco debiera constituir una mala noticia en la medida que sea de carácter transitoria para reimpulsar un crecimiento elevado; no obstante, en el corto plazo, también ha redundado en una serie de efectos que han incidido principalmente sobre las economías exportadoras de recursos naturales. A pesar de este deterioro en el margen, considera que los riesgos del escenario internacional se han incrementado de una manera preocupante. En primer lugar, el aumento esperado, provocado por la buena noticia de las tasas de interés largas en Estados Unidos de América, no resulta positiva para aquellos países cuyos sectores públicos o sus economías en su conjunto, están forzadas a emitir bonos actualmente y en el corto plazo para su financiamiento. A título ejemplar, señala que para las economías más afligidas de la Eurozona implica que con tasas de interés más elevadas y, además, con CDS y márgenes de riesgos soberanos que también han aumentado, tengan un menor rendimiento el mismo nivel de ajuste que exhiben hoy día. En otras palabras, para obtener el mismo grado de ajuste necesario, se requiere de un mayor sacrificio; y dadas las condiciones de la Eurozona que son muy vulnerables, los riesgos implícitos son elevados. En este mismo sentido, indica que algunas economías latinoamericanas de importancia deberán emitir bonos en el futuro cercano, en un mercado internacional con tasas de interés que se han ido normalizando, razón por la cual lo expresado no constituye una buena noticia, por cuanto algunas de esas economías ya han entrado en un proceso de ajuste y es muy probable que otras se sumen al mismo. Alude también a las circunstancias muy particulares políticas de Egipto, que han generado preocupación en una zona que es clave para la determinación de los precios del petróleo. De hecho, comenta que ya se ha materializado un incremento de dicho precio, que estaría explicado principalmente por esta situación, sobre la cual se desconoce si se disipará, mantendrá o empeorará en el futuro cercano. Expresa que en cuanto a China, no se puede descartar que sea un ajuste puramente transitorio, ya que por tratarse de una economía que presenta cierta opacidad en la entrega de cifras sobre la situación de su sistema financiero, deba efectuarse un ajuste mayor en dicho sistema, lo que normalmente conllevaría a correcciones relevantes también en el nivel de actividad, tanto en su profundidad como en su duración. En consecuencia, si bien existe un deterioro en el margen en el escenario internacional relevante para Chile, no obstante, a su juicio, los riesgos para nuestro país en torno a ese escenario están indudablemente a la baja. Como resultado de lo expuesto precedentemente, manifiesta que el dólar de los Estados Unidos de América se ha apreciado y, por lo tanto, prácticamente todas las monedas se han depreciado en relación con dicha divisa. Añade que en términos relativos, las monedas que han tenido la mayor depreciación han sido las de las economías más intensivas en la exportación de recursos naturales distintos del petróleo. Destaca que en comparación con estos países, la depreciación del peso chileno no es de la intensidad de las de otras economías que tienen una canasta exportadora relativamente similar. En este sentido, consigna que algunas de ellas, como es el caso de Australia y Nueva Zelanda, presentan un profundo nivel de desalineamiento cambiario, que no corresponde al caso de Chile, por lo que se referirá a este aspecto particular. En lo concerniente al ámbito interno, señala que el indicador que ha tenido mayores aciertos en predecir el comportamiento del consumo privado en lo más reciente se basa en las Encuestas de Expectativas de los Consumidores, las que han mostrado descensos por dos meses seguidos. En consecuencia, no debiera sorprender que el consumo, si bien se ha mantenido dinámico hasta esta fecha, comience a mostrar una desaceleración en breve tiempo. Agrega que al igual que en otras economías, el peso chileno se ha depreciado respecto del dólar de los Estados Unidos de América, pero sin embargo, no lo ha hecho en términos multilaterales, por cuanto ha sido inferior a la del promedio de nuestros socios comerciales. Con todo, expresa que un aumento del tipo de cambio nominal podría traducirse en lo futuro en una presión inflacionaria, con motivo del traspaso del tipo de cambio a la inflación, o en un cambio en los precios relativos. Plantea que, idealmente, frente a un shock en los términos de intercambio y a un deterioro del escenario internacional, la mejor opción es que los precios relativos respondan con rapidez en términos reales, porque de esa manera los ajustes se concentran menos en las cantidades. Sin embargo, frente a un eventual aumento de los precios relativos en favor del tipo de cambio, hay que considerar también los correspondientes a las contrapartes y, en este aspecto, se presentan dudas, ya que los salarios han mantenido un comportamiento muy dinámico y, hasta ahora, no dan muestras de debilitamiento. Agrega que los márgenes de comercio, los márgenes de los productores y de intermediación ya se han venido ajustando, por lo que no resulta claro si existe espacio aún para continuar con su ajuste; y, por último, aludió al margen de cambio entre precios de transables y no transables. Con todo, señala que la preocupación que desea transmitir al formular esta prevención es que, idealmente y en estas circunstancias, debería esperarse una depreciación real, aun cuando no resultan claras las contrapartidas de esa depreciación, lo que se acentúa en un escenario en que ha aumentado el precio internacional del petróleo. En este contexto, el Vicepresidente señor Manuel Marfán expresa que, en su opinión, lo prudente es mantener la Tasa de Política Monetaria en su nivel actual de 5% anual, a la espera de tener indicadores más ciertos acerca de la desaceleración interna para provocar el necesario y adecuado cambio en los precios relativos. Sin perjuicio de ello, manifiesta coincidir con varias de las opiniones emitidas previamente, en orden a que el Comunicado debiera ser mucho más explícito en un sesgo a la baja en el futuro cercano.",0.857491
RPM-2014-08-14:6388:1,RPM-2014-08-14,2014-08-14,2014,Enrique Marshall Rivera,Vicepresidente del Banco Central,dovish,-0.9107009393716895,0.026304783720742964,0.9370057230924325,0.03668949318682457,0.991309615329428,unanime,acuerdo_comunicado,acuerdo_comunicado,"En materia de inflación, menciona que el registro del último mes no deparó sorpresas y resulta coherente con el diagnóstico de una inflación que ha subido transitoriamente debido a la devaluación del peso, pero que debe converger a la meta en los próximos trimestres, teniendo en cuenta principalmente que las presiones por el lado de la demanda se han debilitado en forma importante.","El Vicepresidente señor Enrique Marshall inicia su intervención agradeciendo al staff el apoyo proporcionado para esta Reunión de Política Monetaria. Manifiesta que, en su opinión, la noticia más relevante del último mes es la reafirmación de la marcada debilidad de la demanda y la actividad interna. Plantea que las señales provenientes del exterior han sido nuevamente mixtas. En efecto, por el lado positivo, están las noticias provenientes de Estados Unidos de América, que mantiene una senda de gradual recuperación; por el lado negativo, en tanto, la pérdida de impulso que se advierte en varias economías europeas, el deterioro bastante generalizado del crecimiento en América Latina y los riesgos geopolíticos que, por el momento, han tenido efectos acotados, pero que siguen presentes. A diferencia de lo que ocurría un mes atrás, considera que a la hora del balance, las noticias del frente externo dejan esta vez una sensación más bien negativa. En lo concerniente al ámbito interno, consigna que las cifras de demanda y actividad han vuelto a sorprender a la baja, confirmando la presencia de un ciclo de desaceleración más prolongado y más intenso que el que se había previsto. Estrechamente relacionado con ello, señala que los indicadores de confianza, tanto de consumidores como de empresas, han continuado cayendo, y que en el caso de las empresas han entrado en un terreno con connotaciones claramente pesimistas. Hace notar que con estos antecedentes, las proyecciones de crecimiento para este y el próximo año se han ajustado en forma importante a la baja. Comenta que el mercado laboral ha seguido entregando señales que apuntan a una ampliación de holguras y que lo más probable es que ello se intensifique en los próximos meses, considerando la trayectoria observada por la actividad. Añade que los agregados de crédito denotan debilidad en sus tasas de crecimiento, lo que se advierte con particular intensidad en las colocaciones a las empresas. En materia de inflación, menciona que el registro del último mes no deparó sorpresas y resulta coherente con el diagnóstico de una inflación que ha subido transitoriamente debido a la devaluación del peso, pero que debe converger a la meta en los próximos trimestres, teniendo en cuenta principalmente que las presiones por el lado de la demanda se han debilitado en forma importante. Agrega que las proyecciones de mercado apuntan también a que la inflación se moderará significativamente en adelante. En este contexto, considera que las opciones que aparecen más razonables son bajar la TPM en 25 puntos base o en 50 puntos base. A su juicio, la opción de mantener la TPM, que se presenta en la minuta de la Gerencia de División Estudios como uno de los tres cursos de acción plausibles, cuenta con fundamentos bastante débiles, razón por la que la descarta sin mayor detención. En opinión del Vicepresidente señor Enrique Marshall, la economía requiere que la política monetaria provea estímulos adicionales. A este respecto, estima que la magnitud del recorte requerido, adicional al ya realizado, es difícil de precisar en estos momentos, pero supera en principio los 25 puntos base. Hace presente que, en lo fundamental, el mercado comparte esta visión. Añade que si bien la opción de un ajuste de 50 puntos base es también coherente con el diagnóstico esbozado, el balance de riesgos lo lleva a preferir que la política monetaria siga operando con gradualidad, lo que implica proceder en esta oportunidad con un recorte de solo 25 puntos base. Expresa que lo anterior se basa en varias razones. En primer lugar, la TPM se ubica ya en terreno expansivo, lo que obliga a ser más cuidadosos que en otras circunstancias. En segundo término, las tasas de mercado para distintos plazos están en niveles relativamente bajos y algunas de ellas, en mínimos históricos. Por último, un ajuste de 50 puntos base podría ser interpretado por el mercado como un cambio abrupto en nuestro diagnóstico, lo que no se condice convenientemente con los antecedentes que se han revisado. Manifiesta que la preparación en curso del próximo IPoM contempla ejercicios más completos de análisis y formulación de proyecciones, lo que permitirá precisar nuestro diagnóstico y entregar una adecuada orientación futura para la política monetaria. Por el momento, considera que corresponde adoptar una decisión que sea coherente con los mensajes que se han transmitido en meses anteriores. Deja constancia de que le han parecido muy pertinentes las apreciaciones del Gerente de División de Política Financiera, motivo por el cual las suscribe plenamente. Manifiesta no tener recuerdo de que se hayan emitido juicios sobre estabilidad financiera en las Reuniones de Política Monetaria, por lo que le parece una innovación interesante. En razón de lo expuesto, el Vicepresidente señor Enrique Marshall manifiesta que su voto es por recortar la TPM en 25 puntos base, para dejarla en 3,5%, y por conservar en lo grueso el tenor del Comunicado anterior.",0.936812
RPM-2014-08-14:6389:4,RPM-2014-08-14,2014-08-14,2014,Consejo del Banco Central de Chile,Consejo,dovish,-0.8891744583631288,0.034491416478961937,0.9236658748420907,0.041842708678947294,0.9917751171584616,unanime,acuerdo_comunicado,acuerdo_comunicado,"Conforme a la votación unánime efectuada por los señores Consejeros, el Consejo adoptó el siguiente Acuerdo: N° 213-01-140814 - Tasa de Política Monetaria En su reunión mensual de política monetaria, el Consejo del Banco Central de Chile acordó reducir la tasa de interés de política monetaria en 25 puntos base, a 3,5% anual.","Conforme a la votación unánime efectuada por los señores Consejeros, el Consejo adoptó el siguiente Acuerdo: N° 213-01-140814 - Tasa de Política Monetaria En su reunión mensual de política monetaria, el Consejo del Banco Central de Chile acordó reducir la tasa de interés de política monetaria en 25 puntos base, a 3,5% anual. Al concluir la Reunión, se procede a dar lectura al texto del Comunicado, que es del siguiente tenor: Comunicado “En su reunión mensual de política monetaria, el Consejo del Banco Central de Chile acordó reducir la tasa de interés de política monetaria en 25 puntos base, a 3,5% anual. En el ámbito externo, los antecedentes recientes confirman las perspectivas de recuperación de Estados Unidos, a la vez que el crecimiento de la Eurozona ha perdido fuerza. Las proyecciones de crecimiento para Asia emergente permanecen estables, mientras que en América Latina se han revisado a la baja. Las condiciones financieras externas continúan favorables, pero han mostrado cierto deterioro en las últimas semanas. Los precios de las materias primas han disminuido, incluyendo los del cobre y combustibles. Los antecedentes de la economía local muestran que el ritmo de expansión de la actividad y la demanda se ha reducido con mayor intensidad a lo previsto. A la caída de la inversión se ha sumado una desaceleración más marcada del consumo privado. Si bien se observan señales de menor dinamismo del mercado laboral, la tasa de desempleo se mantiene baja. La inflación llegó en julio a 4,5% anual. El crecimiento en doce meses de los salarios nominales aumentó. Las expectativas de inflación de mediano plazo se mantienen en torno a 3%. El escenario más probable sigue considerando que la inflación se mantendrá por algunos meses por sobre el límite superior del rango de tolerancia para retornar luego a la meta, evolución que se continuará monitoreando con especial atención. El Consejo evaluará la posibilidad de introducir recortes adicionales de la TPM de acuerdo a la evolución de las condiciones macroeconómicas internas y externas, y sus implicancias para las perspectivas inflacionarias. Al mismo tiempo, reafirma su compromiso de conducir la política monetaria con flexibilidad, de manera que la inflación proyectada se ubique en 3% en el horizonte de política.”",0.932180
RPM-2014-01-16:5994:1,RPM-2014-01-16,2014-01-16,2014,Luis Óscar Herrera Barriga,Gerente de División Estudios,dovish,-0.8694670340995041,0.02579308490076101,0.8952601190002651,0.07894679609897384,0.9953005869823175,unanime,escenario_internacional,escenario_internacional,"En lo relativo al comportamiento reciente de la inflación y sus implicancias para la política monetaria, expresa que más allá de algunos elementos puntuales vinculados con alimentos perecibles y energía, la evaluación refleja el efecto de la depreciación del peso sobre los precios de bienes importables.","El señor Luis Óscar Herrera señala que los antecedentes antedichos llevan a proponer a título de opciones relevantes en esta ocasión, mantener la Tasa de Política Monetaria en 4,50% anual o disminuirla en 25 puntos base a 4,25% anual, en razón de los fundamentos que pasa a exponer. En lo referente al contexto Internacional, menciona que los indicadores recientes son coherentes en términos generales con el escenario base planteado en el último Informe de Política Monetaria. Agrega que el crecimiento de nuestros socios comerciales continúa siendo levemente inferior a su promedio histórico, pero que se anticipa su recuperación gradual en los trimestres venideros. El precio del cobre permanece en niveles históricamente altos, pero tal como ha sido destacado en reuniones anteriores, el ciclo global de inversiones en minería muestra un menor dinamismo. Añade que la Reserva Federal comenzó a reducir sus compras de activos en circunstancias que en la mayoría de las economías avanzadas la inflación evoluciona por debajo de las respectivas metas, lo que anticiparía un retiro muy gradual de los estímulos monetarios de estas economías; y, las condiciones financieras para las economías emergentes permanecen en niveles más restrictivos de los observados desde mediados del año 2013. En cuanto a las alternativas que se proponen para esta Reunión, reitera que la opción de reducir la TPM es acorde con lo planteado en el último IPoM, por cuanto, por varios trimestres la actividad económica y, en particular, la de los sectores distintos a recursos naturales, ha venido creciendo por debajo de su tendencia, lo que resta presión al uso de la capacidad instalada; y en algún plazo, también se estima que se reflejará en un relajamiento de las condiciones en el mercado laboral. Además, los datos recientes muestran que en el margen la desaceleración de la economía chilena ha continuado profundizándose, y que algunos indicadores vinculados a la inversión se sitúan en un nivel inferior a lo esperado, lo que de mantenerse en el tiempo llevaría a corregir las proyecciones de actividad a la baja y con ello, las perspectivas de las presiones inflacionarias de mediano plazo, requiriéndose incluso un mayor impulso monetario del anticipado. En lo relativo al comportamiento reciente de la inflación y sus implicancias para la política monetaria, expresa que más allá de algunos elementos puntuales vinculados con alimentos perecibles y energía, la evaluación refleja el efecto de la depreciación del peso sobre los precios de bienes importables.",0.926835
RPM-2014-07-15:6332:1,RPM-2014-07-15,2014-07-15,2014,Pablo García Silva,Consejero,dovish,-0.8598002752690903,0.04351323565193527,0.9033135109210256,0.05317325342703909,0.9895517442342185,unanime,acuerdo_comunicado,acuerdo_comunicado,"En efecto, con un escenario de inflación subyacente idéntico al del mes de abril, pero con indicadores de actividad significativamente peores que en ese momento y expectativas privadas de inflación a mediano plazo incluso menores, estima que no es plausible considerar hoy las mismas opciones que dos meses atrás.","El Consejero señor Pablo García inicia su intervención agradeciendo el análisis y opiniones de los personeros de la Gerencia de División Estudios y del staff de la Institución. Expresa que, en su opinión, la desaceleración de la economía continúa sorprendiendo y que desde el mes pasado se ha extendido al consumo privado y a los sectores productivos asociados a este, además sin antecedentes que den cuenta de algún punto de inflexión. En este sentido, indica que en relación con la Reunión del mes de mayo, los niveles de actividad y demanda interna para el segundo y tercer trimestre del presente año se estiman ahora en cerca de 1 punto porcentual por debajo de lo previsto en ese momento. Asimismo, reitera lo expresado en la parte de esta Reunión de Política Monetaria correspondiente a esta mañana, esto es, que una gran cantidad de componentes de la demanda y de las expectativas, como los indicadores de confianza; los volúmenes de importaciones de bienes intermedios y de capital, excluyendo transporte; y los indicadores de insumos para la construcción, entre otros, están en niveles cercanos a los observados tres años atrás y han deshecho el crecimiento acumulado desde entonces. Además, en el margen se aprecian atenuaciones o caídas adicionales en muchos de ellos, y las cifras más recientes de colocaciones, estándares de otorgamiento de crédito, agregados monetarios y percepciones de demanda crediticia confirman el débil estado de la demanda y la actividad agregada. Menciona que el único componente de la demanda que tendría una tendencia positiva de expansión es el consumo no durable, pero se asocia a la expansión de la masa salarial real, la que también se está desacelerando. Añade que el mercado laboral continúa ajustándose de acuerdo al rezago cíclico habitual. Por el lado de los precios, señala que las proyecciones actuales para la inflación subyacente son similares a las consideradas hace dos meses, lo que, grosso modo, supone un escenario conservador que incluye el sorpresivo menor registro de inflación del mes de junio como un fenómeno transitorio. De todos modos, consigna que las expectativas privadas tienen implícita menos inflación hacia el segundo semestre, por lo que hay congruencia en términos de que el proceso de mayor inflación anual registrado recientemente no es de carácter permanente. Manifiesta que en este contexto se deben situar las opciones de política, de manera de darle coherencia temporal a nuestro proceso colegiado de toma de decisiones. En efecto, con un escenario de inflación subyacente idéntico al del mes de abril, pero con indicadores de actividad significativamente peores que en ese momento y expectativas privadas de inflación a mediano plazo incluso menores, estima que no es plausible considerar hoy las mismas opciones que dos meses atrás. Además, lo expresado no le parece congruente con que se haya mantenido el sesgo a la baja desde entonces. A su juicio, la opción de bajar la TPM en 50 puntos base es al menos igualmente plausible en esta ocasión que mantenerla en su nivel actual. Más allá de las opciones planteadas, el Consejero señor Pablo García expresa su concordancia con la alternativa planteada por la Gerencia de División Estudios de rebajar la TPM en 25 puntos base, manteniendo el sesgo a la baja de la última Reunión. Deja constancia que el argumento principal que no lo lleva a considerar una reducción de 50 puntos base en esta oportunidad, es que una reducción de esta magnitud no es esperada por el mercado hoy día. No obstante, manifiesta que ello no es un asunto ajeno al proceso de toma de decisiones del Consejo, sino que refleja, entre otras cosas, las distintas alternativas de política que se consideran en las Reuniones de Política Monetaria. En razón de lo expresado precedentemente, el Consejero señor Pablo García manifiesta que en esta ocasión, su voto es por reducir la TPM en 25 puntos base, a 3,75% anual.",0.918570
RPM-2014-02-18:6041:1,RPM-2014-02-18,2014-02-18,2014,Claudio Soto Gamboa,Gerente de Análisis Macroeconómico,dovish,-0.854417918659216,0.04281161727265438,0.8972295359318704,0.0599588467954754,0.9977148426224067,unanime,acuerdo_comunicado,acuerdo_comunicado,"En lo relativo al comportamiento reciente de la inflación y sus implicancias para la política monetaria, expresa que más allá de algunos elementos puntuales vinculados con precios de combustibles, el aumento observado recientemente refleja el impacto de la depreciación del peso sobre los precios de bienes importados, lo que es parte del proceso de ajuste de la economía.","El señor Claudio Soto señala que los antecedentes antedichos llevan a proponer a título de opciones relevantes en esta ocasión, mantener la Tasa de Política Monetaria en 4,50% anual o disminuirla en 25 puntos base, a 4,25% anual, en razón de los fundamentos que pasa a exponer. En primer término, indica que la información internacional conocida desde la última Reunión es coherente con el escenario base señalado en el último IPoM, por cuanto se advierte una recuperación gradual del crecimiento de nuestros socios comerciales, un retiro lento del estímulo monetario en las economías avanzadas, y condiciones financieras más restrictivas para las economías emergentes. Sin embargo, algunos de los riesgos identificados en dicho Informe parecen haberse agudizado, como ocurre con la posibilidad de un freno más intenso en el crecimiento de la economía en China, mientras que otros parecen haberse moderado, como es el caso de aquellos que se relacionan con la evolución del crecimiento de la Zona Euro. Manifiesta que otro riesgo relevante se refiere al proceso de normalización de la política monetaria en Estados Unidos de América y sus consecuencias sobre los mercados financieros internacionales. En todo caso, si bien por el momento no se observan cambios en la trayectoria esperada de la tasa rectora de la Reserva Federal, constituye un punto a observar la reciente caída en el desempleo y sus implicancias sobre las holguras existentes en la economía norteamericana. Por el lado de la economía chilena, los datos muestran que se ha materializado un proceso de desaceleración de la actividad y de la demanda algo más intenso que lo estimado en el último IPoM. Hace presente que esta desaceleración se encuentra liderada por la inversión, en tanto que el consumo privado se ha mostrado resiliente en un contexto donde el mercado laboral permanece estrecho. La inflación, por su parte, muestra registros acotados a pesar de la importante depreciación del peso, y las expectativas de inflación se mantienen en torno a la meta. En lo referente a la opción de mantener la TPM, señala que esta alternativa se podría justificar en que ya se han materializado recortes de la tasa de interés; el crédito doméstico continúa fluyendo en forma normal hacia los hogares y las empresas; el peso se ha depreciado en términos reales, ubicándose algo por encima de sus promedios históricos; y la inflación ya se encuentra en torno a niveles del 3% anual. Por su parte, manifiesta que la alternativa de recortar la TPM es coherente con lo planteado en el último Informe de Política Monetaria. En efecto, por varios trimestres, la actividad económica y, en particular, la de los sectores distintos de recursos naturales, ha venido creciendo por debajo de su tendencia, lo que resta presión al uso de la capacidad instalada y, en algún plazo, también se reflejará en un relajamiento de las condiciones en el mercado laboral. Además, los datos recientes muestran que la desaceleración de la economía chilena ha continuado profundizándose y que algunos indicadores vinculados a la inversión han estado incluso por debajo de lo esperado, lo que ha llevado a corregir la proyección de corto plazo para la actividad y la demanda. En lo relativo al comportamiento reciente de la inflación y sus implicancias para la política monetaria, expresa que más allá de algunos elementos puntuales vinculados con precios de combustibles, el aumento observado recientemente refleja el impacto de la depreciación del peso sobre los precios de bienes importados, lo que es parte del proceso de ajuste de la economía. Destaca la importancia de vigilar que los efectos de segunda vuelta de estos shocks sobre otros precios, salarios y expectativas se mantengan acotados y sobre el particular, indica que en la coyuntura actual no se detectan efectos secundarios relevantes, por lo que cabe esperar que no se produzcan cambios en la medida que continúen las holguras en los mercados finales y de factores. En cuanto a las consideraciones tácticas, plantea que la mayoría de los analistas y operadores espera una reducción de la TPM en esta oportunidad, por lo que no debiera generarse un impacto mayor en los precios financieros. Asimismo, si bien las proyecciones de mediano plazo para evaluar la trayectoria de la tasa de política se efectuarán con ocasión del IPoM de marzo, las proyecciones de corto plazo indican que en los próximos meses muy probablemente será necesario realizar recortes adicionales de la TPM para asegurar que la inflación permanezca en torno a la meta en el horizonte de política. Por esta razón, se estima conveniente mantener un sesgo explícito a la baja en el párrafo final del Comunicado.",0.910324
RPM-2014-08-14:6381:2,RPM-2014-08-14,2014-08-14,2014,Alejandro Micco,Subsecretario de Hacienda,dovish,-0.8339426485045552,0.02883067064090659,0.8627733191454618,0.10839601021363174,0.9957854665976246,unanime,decision_tpm,decision_tpm,"Plantea que la inflación ha estado en línea con lo que se esperaba; que las holguras que ya se manifiestan en una serie de mercados han tenido impactos en los precios, como es el caso de los bienes durables, que a pesar de la depreciación de la moneda han visto caer sus precios; y que las expectativas inflacionarias en el horizonte de política del Banco Central permanecen en torno a 3%.","El señor Alejandro Micco inicia su intervención señalando que la noticia más destacada para la Reunión de este mes fue, sin duda, el bajo Imacec del mes de junio, de solo 0,8%, muy inferior a lo esperado. Junto a ello, hace notar que las cifras del segundo trimestre muestran que el consumo privado se ha desacelerado de manera mucho más intensa que lo estimado el mes anterior. Consigna que estos y otros antecedentes han llevado a que las expectativas de crecimiento para este año del mercado y las propias proyecciones del Banco se corrijan a la baja de manera significativa. Manifiesta que los datos del mercado laboral siguen dando muestra de ampliación de holguras. En efecto, la creación anual de empleo asalariado es prácticamente nula, el indicador de puestos de trabajo del INE exhibe una importante destrucción de empleos desde hace ya varios meses y las vacantes han disminuido de manera sustantiva desde el año pasado. Añade que los salarios nominales aún presentan cierto dinamismo, pero que ello se ve fuertemente influido por efectos composición entre sectores y probablemente a nivel de empresas. Plantea que la inflación ha estado en línea con lo que se esperaba; que las holguras que ya se manifiestan en una serie de mercados han tenido impactos en los precios, como es el caso de los bienes durables, que a pesar de la depreciación de la moneda han visto caer sus precios; y que las expectativas inflacionarias en el horizonte de política del Banco Central permanecen en torno a 3%. Sin embargo, llama la atención que en la última Encuesta de Expectativas Económicas una fracción relevante estime que la inflación estará por debajo del 3% a dos años plazo, a lo que se agrega que la compensación 1 en 1 se ubica en 2,5% y que la última Encuesta a Operadores Financieros señale que la inflación estará por debajo del 3% en el horizonte de política, fenómeno que no se daba desde fines del año pasado. Advierte que en el plano externo se comienza a perfilar un escenario de menor crecimiento en adelante. En este sentido, menciona que acorde con lo esperado, Estados Unidos de América recobró su crecimiento después de las magras cifras del primer trimestre, pero los indicadores en la punta se muestran más débiles. Agrega que Europa muestra cifras de crecimiento muy bajas, destacando la contracción de Alemania en el segundo trimestre, a lo que se suma una fuerte caída en el PIB de Japón, que revirtió el buen dato del primer trimestre. En su opinión, ello conforma un panorama donde el crecimiento mundial pareciera estarse debilitando. Por otra parte, hace notar que a pesar de que se mantienen las tensiones geopolíticas en el Medio Oriente, el precio del petróleo y las gasolinas a nivel mundial ha tendido a disminuir en las últimas semanas. Acota que el precio del cobre ha aumentado en las últimas semanas. A juicio del señor Alejandro Micco, la desaceleración de nuestra economía responde fundamentalmente al ajuste que se debe enfrentar ante un nuevo escenario mundial, con menor dinamismo de las economías emergentes, un mundo desarrollado que no logra retomar su crecimiento, peores términos de intercambio y condiciones financieras menos favorables para el mundo emergente. En este escenario, considera que es responsabilidad de las políticas macroeconómicas hacer que el ajuste sea ordenado y con los menores costos posibles. Al finalizar su intervención, el Subsecretario de Hacienda señor Alejandro Micco señala que las proyecciones de crecimiento se han corregido sistemáticamente a la baja y que por lo mismo, las holguras son cada vez mayores. Ello, sin duda, generará presiones deflacionarias. Además, la pérdida de dinamismo en el mercado laboral atenuará las presiones salariales. En su opinión, no imprimir un decidido impulso monetario pone cada vez más en riesgo que la política monetaria llegue tarde en el cumplimiento de su objetivo inflacionario e induzca costos innecesarios a la economía. Agrega que para esta Reunión, el mercado espera en forma prácticamente unánime una reducción de la TPM; que las curvas forward, tanto de bonos como la de swaps, se han corregido a la baja en 50 puntos base para horizontes de seis meses a un año; y que todas las encuestas indican que el mercado espera una TPM en 3% dentro de los próximos meses.",0.889507
RPM-2014-08-14:6384:1,RPM-2014-08-14,2014-08-14,2014,Joaquín Vial Ruiz-Tagle,Consejero,dovish,-0.8007311470962398,0.04145459924872568,0.8421857463449655,0.11635965440630876,0.9943588023855598,unanime,decision_tpm,decision_tpm,"Expresa que lo consignado anteriormente se manifiesta en medio de una situación financiera relativamente holgada, con tasas de interés de largo plazo a niveles históricamente muy bajos y tasas de crecimiento del crédito a hogares a un ritmo consistente con la tendencia de crecimiento del PIB de largo plazo.","El Consejero señor Joaquín Vial inicia su intervención agradeciendo el apoyo de los personeros de la Gerencia de División Estudios, que se ha visto enriquecido por la incorporación de nuevos análisis en el contexto de la preparación del próximo IPoM. Expresa que los antecedentes sugieren que el panorama internacional no ha tenido hasta ahora desviaciones significativas respecto del escenario delineado en el último Informe, si bien los datos más recientes de Europa, Japón y de algunos emergentes claves, como la propia China, sugieren que el escenario para el año 2015 podría ser algo menos favorable que lo anticipado. Señala que las novedades más importantes se refieren claramente a la evolución de la economía nacional. En efecto, hasta alrededor del mes de mayo, la economía transitaba ordenadamente desde una situación de aguda estrechez de capacidades en el año 2012, evidenciada por la evolución del mercado de trabajo y la cuenta corriente a precios de tendencia, hacia una de mayor normalidad. Este ajuste se estaba dando con una depreciación mayor que la anticipada y con alzas importantes de salarios nominales, lo que se tradujo en que la inflación superó nuestras previsiones anteriores. No obstante, plantea que este panorama ha cambiado en los últimos meses, ya que la desaceleración de la demanda final ha sido mayor que la prevista y se ha agregado un ajuste más intenso que el anticipado en el consumo habitual, que ha ido más allá de lo que cabía esperar dada la evolución de los salarios, el empleo y las condiciones financieras. Además, la inversión ha caído más que lo anticipado, aunque esa variable es más volátil y sus proyecciones siempre han estado sujetas a un mayor error. En contrapunto con lo anterior, los salarios nominales han venido acelerando su crecimiento a lo largo del primer semestre del año, sin reaccionar aún ante el menor dinamismo del empleo asalariado. A su vez, el peso experimentó una depreciación significativa ante expectativas de bajas adicionales de la tasa de interés. A su juicio, la combinación de estos dos factores sugiere un riesgo de que la inflación se ajuste más lentamente en los meses venideros. Expresa que lo consignado anteriormente se manifiesta en medio de una situación financiera relativamente holgada, con tasas de interés de largo plazo a niveles históricamente muy bajos y tasas de crecimiento del crédito a hogares a un ritmo consistente con la tendencia de crecimiento del PIB de largo plazo. El Consejero señor Joaquín Vial estima que a favor de mantener la tasa de interés en 3,75% juegan la posibilidad de que esta debilidad del consumo sea una anomalía transitoria y el riesgo de validar expectativas de tasas de interés que alimenten depreciaciones excesivas, en un contexto en que los salarios nominales están creciendo más allá de lo prudente. Por otra parte, considera que la mayor debilidad que exhibe el consumo en los últimos meses sugiere la conveniencia de un estímulo monetario adicional, si bien su efectividad se verá limitada porque las condiciones financieras son ya muy favorables. El Consejero señor Joaquín Vial manifiesta que en estas circunstancias, su voto es por bajar la TPM a 3,5% y por entregar un mensaje que evite alentar expectativas de bajas adicionales a las que ya tiene incorporado el mercado en la actualidad, ya que de hacerlo existe el riesgo que depreciaciones adicionales del peso terminen anulando el impacto expansivo de la baja de la tasa de interés, al menos en el corto plazo.",0.886755
RPM-2014-12-11:6537:1,RPM-2014-12-11,2014-12-11,2014,Alberto Arenas de Mesa,Ministro de Hacienda,dovish,-0.805341218804173,0.0543729633207116,0.8597141821248846,0.08591285455440385,0.9869684616993423,unanime,inflacion,inflacion,"El Ministro de Hacienda señala que el hecho que la economía esté creciendo a una tasa acumulada de 1,8% en el año, sumado a perspectivas de una recuperación gradual y moderada del dinamismo de la actividad y expectativas inflacionarias que muestran un significativo descenso para los próximos meses, entregan las condiciones para que la política monetaria pueda seguir aumentando su grado de expansividad.","El Ministro de Hacienda señala que el hecho que la economía esté creciendo a una tasa acumulada de 1,8% en el año, sumado a perspectivas de una recuperación gradual y moderada del dinamismo de la actividad y expectativas inflacionarias que muestran un significativo descenso para los próximos meses, entregan las condiciones para que la política monetaria pueda seguir aumentando su grado de expansividad. Consigna que en su última Reunión, el Consejo decidió mantener la TPM en 3%, después de haber quitado el sesgo expansivo de la política monetaria en la Reunión previa; y que para esta Reunión, el mercado espera que la TPM se mantenga en su nivel actual, pero también espera que en los próximos meses se puedan producir recortes adicionales, en coherencia con menores presiones inflacionarias. En este sentido, precisa que la Encuesta a Operadores Financieros indica una TPM de 2,75% en tres meses y de 2,5% en seis meses. Al finalizar su intervención, el Ministro de Hacienda señor Alberto Arenas manifiesta que más allá de posibles movimientos adicionales en la tasa de política, lo importante en esta coyuntura es que las condiciones monetarias más generales -incluyendo las tasas de largo plazo- continúen apoyando el proceso de recuperación de dinamismo de la actividad. Si bien la inflación aumentó en los últimos meses, resalta que las expectativas han permanecido bien ancladas y que todos los demás fundamentos apuntan a que el alza es de carácter transitorio. Además, la reciente caída en los precios de los combustibles contribuirá a que la convergencia de la inflación a la meta de 3% se produzca más rápido que lo esperado con anterioridad. Acota que los riesgos de que la inflación se mantenga elevada y que ello pudiese contaminar las expectativas, son hoy muy bajos.",0.878256
RPM-2014-02-18:6047:1,RPM-2014-02-18,2014-02-18,2014,Felipe Larraín Bascuñán,Ministro de Hacienda,dovish,-0.8097455933215277,0.03653574471367328,0.846281338035201,0.11718291725112559,0.9881044049200778,unanime,acuerdo_comunicado,acuerdo_comunicado,"Asimismo, menciona que en el mes de enero, la inflación aumentó 0,2% mensual, ubicándose en 2,8% en doce meses; que la inflación subyacente se encuentra bastante contenida; y que de acuerdo con la última Encuesta de Expectativas Económicas, se espera que al mes de diciembre de 2014 se ubique en 3%, al igual que en el año 2015, lo que refleja que las expectativas de inflación se mantienen ancladas.","El Ministro de Hacienda señor Felipe Larraín inicia su exposición expresando que desde la última Reunión de Política Monetaria, se ha seguido observando la consolidación de un mejor desempeño de las economías desarrolladas, así como nueva información que confirma una desaceleración más pronunciada de la economía chilena en el cuarto trimestre, fundamentalmente vía inversión privada y exportaciones. En lo atinente al plano internacional, precisa que el crecimiento del cuarto trimestre de Estados Unidos de América fue de 3,2% trimestral anualizado y desestacionalizado, pero el mercado laboral en el mes de enero mostró un pobre desempeño por segundo mes consecutivo, con solo 113 mil puestos creados en ese periodo, bastante menor a los 185 mil esperados por el mercado. Indica que ello pone una cuota de incertidumbre sobre la velocidad de retiro del programa de compra de activos de largo plazo, cuyo ritmo de expansión a partir del mes de febrero fue reducido en otros 10 mil millones de dólares, y cuya evolución dependerá de los resultados económicos que se vayan conociendo. Resalta que la Zona Euro registró un crecimiento trimestral desestacionalizado de 0,3% en el cuarto trimestre de 2013, lo que implica el tercer trimestre consecutivo de cifras positivas en esta medición; y que en términos interanuales, el incremento fue de 0,5%, tras una caída de -0,3% en el tercer trimestre del año pasado. Además, menciona que en las economías emergentes continúa el proceso de desaceleración sin grandes cambios, donde China ha estabilizado su tasa de crecimiento en torno al 7,5%, con un aumento en el año 2013 de 7,7%. En lo referente al plano local, plantea que las noticias recientes confirman con fuerza la desaceleración de la economía. En efecto, el consumo privado se mantiene creciendo a tasas robustas sostenido por el aumento de la masa salarial real, que en el cuarto trimestre registró un crecimiento levemente superior al del tercero. Sin embargo, por el lado de la inversión, la información parcial al cuarto trimestre muestra signos de contracción explicada fundamentalmente por la fuerte caída del componente de maquinarias y equipos, como se puede deducir de la evolución de las importaciones de bienes de capital, ya que en ese periodo se contrajeron un 32,1% anual, tras un descenso del 5% el trimestre previo. Adicionalmente, el último catastro de la Corporación de Bienes de Capital mostró una nueva disminución de la inversión a materializar en el año 2013, que es 22% menor que lo pronosticado a fines del año 2012. Plantea que otro síntoma de desaceleración en el cuarto trimestre lo constituye la contracción de las exportaciones, toda vez que este componente sostuvo el crecimiento durante el tercer cuarto del año. Precisa que su valor al cuarto trimestre decreció 8,5% interanual, tras un incremento de 7,6% el trimestre previo; y si bien en dicho periodo su caída fue bastante generalizada, los envíos al mundo desarrollado lideraron ese retroceso. Acota que los envíos a Estados Unidos de América decrecieron 27,8% anual y 15,6% anual a la Unión Europea. Con todo, señala que este efecto debiese ser puntual, atendiendo a que las economías desarrolladas se encuentran en recuperación y que las perspectivas apuntan a una mejora del mundo en el año 2014, liderada por los países desarrollados, lo que debiera aumentar la cifra de crecimiento de exportaciones en los próximos meses, con la salvedad del mes de enero último, que se verá fuertemente afectado por el paro portuario. A ello se debe sumar la depreciación del tipo de cambio, que al cierre del mes de septiembre de 2013 se ubicaba en $502,97 y que actualmente se encuentra alrededor de $548, es decir, registra un aumento en torno al 9% en este período. Asimismo, menciona que en el mes de enero, la inflación aumentó 0,2% mensual, ubicándose en 2,8% en doce meses; que la inflación subyacente se encuentra bastante contenida; y que de acuerdo con la última Encuesta de Expectativas Económicas, se espera que al mes de diciembre de 2014 se ubique en 3%, al igual que en el año 2015, lo que refleja que las expectativas de inflación se mantienen ancladas. Considerando los rezagos con que opera la política monetaria, expresa que es razonable continuar con el ciclo de reducción de la tasa rectora, validando las expectativas de mercado. Además, dado el escenario de desaceleración, le parece conveniente mantener las señales de sesgo a la baja en la Tasa de Política Monetaria. En tal sentido, la inflación se encuentra contenida y este movimiento se condice con los síntomas de debilidad de la inversión que se han observado y que la autoridad económica ha manifestado a la opinión pública al menos desde el mes de julio pasado.",0.876552
RPM-2014-10-16:6478:1,RPM-2014-10-16,2014-10-16,2014,Joaquín Vial Ruiz-Tagle,Consejero,dovish,-0.7963105495780188,0.055857734517398214,0.852168284095417,0.09197398138718471,0.9952513140438984,unanime,decision_tpm,decision_tpm,"Sin embargo, con una TPM en torno a 3%, lo que implica tasas de interés reales nulas o incluso negativas en los próximos meses, estima que se ha hecho el máximo esfuerzo que la política monetaria podía hacer en pos de reactivar la economía en el actual escenario, sin poner en riesgo la credibilidad del compromiso con las metas de inflación.","El Consejero señor Joaquín Vial inicia su intervención agradeciendo el trabajo del staff para esta Reunión, que se ha reflejado tanto en los antecedentes como en las opciones presentadas. En relación con la Reunión de hoy, considera que lo más llamativo es el fuerte deterioro del clima económico financiero a nivel global, que contrasta con proyecciones de crecimiento global del FMI que tienden a reiterar las tendencias que se veían en informes anteriores. En su opinión, si bien no se puede descartar que la volatilidad y aversión al riesgo de los últimos días se trata de una sobrerreacción pasajera a datos puntuales, se debe tener presente que los mercados financieros reaccionan de manera muy rápida a la nueva información y que las proyecciones del FMI se construyen a través de procesos graduales que toman tiempo y que pueden quedar desactualizadas muy prontamente. Expresa que si bien esta incógnita no se podrá resolver hasta que no haya transcurrido más tiempo y se cuente con más información, no cabe duda de que el panorama actual de la economía mundial se ve más riesgoso que el prevaleciente hace solo unos días. Hace presente que este cuadro de mayor pesimismo global ha impactado con fuerza a los mercados de materias primas industriales, especialmente al precio del petróleo y otros productos energéticos. En este caso, a las preocupaciones por una posible debilidad en la demanda se suman aumentos importantes en la producción derivados de cambios tecnológicos, nuevos descubrimientos de reservas convencionales y de reformas en países como México, que abren la posibilidad de desarrollar amplias reservas conocidas. A su juicio, el hecho que los países de la OPEP estén optando por validar precios más bajos en vez de ajustar la producción, sugiere la posibilidad de que estemos entrando a un período de precios de petróleo significativamente menores que los observados en los últimos años. Tratándose del cobre, destaca su relativa fortaleza en el contexto actual, la que sin embargo parece estarse debilitando a la luz de proyecciones más pesimistas sobre el consumo de cobre en China. Plantea que un segundo elemento destacable a nivel global es la preocupación creciente por la situación financiera de países emergentes como Rusia, Venezuela y otros que dependen de un alto precio del petróleo para financiar sus cuentas fiscales y externas, a lo que se agregan nuevas dudas sobre Grecia y la posibilidad de que países como Colombia y Perú, cuyo manejo económico ha sido reconocido internacionalmente, vean aumentar significativamente sus déficits en cuenta corriente como consecuencia de los menores precios de exportaciones claves. En lo concerniente al plano local, señala que lo más llamativo es la nueva sorpresa en materia de inflación, que va acompañada de proyecciones que anticipan su mantención por algunos meses más por encima de la banda. Hace notar que si bien las expectativas siguen firmemente ancladas y que la evolución más reciente del tipo de cambio y de los precios de commodities tienden a reforzar el diagnóstico de que estas son desviaciones transitorias, este es un fenómeno que se debe seguir con mucha atención, ya que es un condicionante fundamental de la política monetaria. En términos de la evolución de la actividad, se mantienen las tendencias de meses anteriores, aunque varios indicadores apuntan aún a una cierta estabilización y una detención del deterioro que se veía en trimestres anteriores. Destaca, por su importancia, la evolución del empleo asalariado, que detuvo su desaceleración hace ya varios meses, lo que posiblemente contribuye a explicar el estancamiento del empleo por cuenta propia. En este contexto, estima que las opciones que ha planteado el staff son las correctas. En este sentido, indica que la preocupación por la inflación y su sorpresa reciente es una poderosa razón para mantener la TPM en 3,25%. Sin embargo, considera que la opción de bajar la tasa a 3%, acompañada de un mensaje claro de que con ello termina el actual ciclo de bajas, se impone. El Consejero señor Joaquín Vial recuerda que cuando se inició este ciclo, el Consejo manifestó su preocupación por la rápida desaceleración de la economía, en un contexto en que la inflación se ubicaba por muchos meses en torno o por debajo de 2% anual. Ello coincidió con un cambio de los flujos financieros internacionales, ahora de regreso a Estados Unidos de América, lo que incidió en una depreciación del peso mayor que la anticipada y, por ende, en un alza transitoria de la inflación también algo mayor y prolongada que la prevista. A su juicio, todo apunta a que las alzas de precios volverán a ubicarse en torno a la meta en el año 2015. Sin embargo, con una TPM en torno a 3%, lo que implica tasas de interés reales nulas o incluso negativas en los próximos meses, estima que se ha hecho el máximo esfuerzo que la política monetaria podía hacer en pos de reactivar la economía en el actual escenario, sin poner en riesgo la credibilidad del compromiso con las metas de inflación. El Consejero señor Joaquín Vial manifiesta que por las consideraciones antedichas, vota por bajar la TPM a 3% y por dar una clara señal de que con ello se cierra un ciclo, por lo que ajustes futuros de esta variable se evaluarán en función de desviaciones significativas de los escenarios vigentes.",0.875877
RPM-2014-02-18:6045:1,RPM-2014-02-18,2014-02-18,2014,Claudio Raddatz Kiefer,Gerente de Investigación Económica,dovish,-0.7481297477226769,0.062267564316115534,0.8103973120387925,0.12733512364509197,0.9702597796479502,unanime,opciones_tpm,opciones_tpm,"En efecto, atendidas especialmente la desaceleración de la inversión y de la actividad resto, la evolución acotada de la inflación, y la estimación presentada en la misma Minuta de un nivel de pass through acotado del tipo de cambio sin inflación, sugieren actuar preventivamente con un impulso monetario adicional, tal como además se sugirió en la Reunión de Política Monetaria anterior.","El señor Claudio Raddatz señala que la Minuta de Opciones plantea claramente las dos alternativas posibles en esta coyuntura, acompañadas de sus antecedentes; y que sí bien en esta ocasión, a diferencia de las anteriores, en dicho documento no se efectúa una recomendación específica, en su opinión, los antecedentes presentados en ella favorecen claramente la opción de bajar la tasa en 25 puntos base. En efecto, atendidas especialmente la desaceleración de la inversión y de la actividad resto, la evolución acotada de la inflación, y la estimación presentada en la misma Minuta de un nivel de pass through acotado del tipo de cambio sin inflación, sugieren actuar preventivamente con un impulso monetario adicional, tal como además se sugirió en la Reunión de Política Monetaria anterior. Agrega que en esta ocasión, ello es consistente además con las expectativas del mercado, razón por la que esta alternativa le parece claramente preferible a la de mantener la tasa rectora.",0.845879
RPM-2014-10-16:6469:1,RPM-2014-10-16,2014-10-16,2014,Alberto Naudon Dell'Oro,Gerente de División Estudios,dovish,-0.7235726403878361,0.10574127150470938,0.8293139118925454,0.06494481660274527,0.9908203112098513,unanime,escenario_internacional,escenario_internacional,"Por último, señala que no es descartable que el mercado vea en la mantención de la TPM una política monetaria más restrictiva que lo que el propio Banco Central desea comunicar, generando caídas en la inflación esperada y el consiguiente aumento de las tasas reales, lo que pondría en riesgo la convergencia de la inflación hacia el 3% en el mediano plazo.","El señor Alberto Naudon manifiesta que los antecedentes antedichos llevan a proponer a título de opciones relevantes en esta ocasión, reducir la Tasa de Política Monetaria en 25 puntos base a 3,00% anual o mantenerla en 3,25%. Hace presente que la opción de mantener la tasa en su nivel actual se justifica en que dados los altos niveles de inflación actuales, es posible pensar que el fin del ciclo de bajas de interés podría concluir en 3,25% y no en el 3% anticipado por el mercado. Esta medida, que sin duda sorprendería, ayudaría a prevenir un posible desajuste de las expectativas inflacionarias, que si bien no se ha observado, es posible que se dé en un contexto donde la inflación ha sorprendido al alza y se ubicará por sobre el rango de tolerancia del Banco Central por varios meses. Por otra parte, si bien la Gerencia de División Estudios estima que las sorpresas de los últimos meses son explicables por elementos puntuales, no es descartable que tras las sucesivas sorpresas de inflación exista algo que no se haya entendido y para lo cual sería necesario recabar información que permita verificar la necesidad de una corrección del nivel de expansividad de la política monetaria. Sin embargo, esa Gerencia considera que la preocupación por un posible desajuste de las expectativas de inflación es prematura, ya que las condiciones de mediano plazo, si algo, son menos favorables a un aumento de la inflación en el mediano plazo, como se deriva del mayor pesimismo respecto de la actividad local y externa, de las noticias ligadas al precio del petróleo y la gasolina y al debilitamiento global del dólar, que pareciera ser algo más persistente. Por otra parte, reitera que los análisis internos indican que las sorpresas observadas en la inflación durante los últimos meses se deben en gran parte a elementos transitorios. Por último, señala que no es descartable que el mercado vea en la mantención de la TPM una política monetaria más restrictiva que lo que el propio Banco Central desea comunicar, generando caídas en la inflación esperada y el consiguiente aumento de las tasas reales, lo que pondría en riesgo la convergencia de la inflación hacia el 3% en el mediano plazo. Expresa que la opción de bajar la tasa en 25 puntos base, cambiando el sesgo hacia neutral, es coherente con la política de ajustes graduales llevada adelante por el Banco y que ha permitido guiar al mercado hacia niveles de tasas de interés de mediano y largo plazo que son, en líneas generales, coherentes con la evaluación interna del escenario macro. En este contexto, indica que el cambio de sesgo hacia neutral es congruente con la visión de que la política monetaria ya estaría entregando el impulso necesario para la convergencia de la inflación, como se ha mencionado con anterioridad.",0.834537
RPM-2014-08-14:6376:1,RPM-2014-08-14,2014-08-14,2014,Miguel Fuentes Díaz,Gerente de Análisis Macroeconómico,dovish,-0.8246228319600288,0.01776613542539686,0.8423889673854257,0.1398448971891774,0.9020507309210977,unanime,debate,debate,"El señor Miguel Fuentes manifiesta que por las razones antedichas, la Gerencia de División Estudios recomienda reducir la TPM en 25 puntos base, a 3,5% anual.","El señor Miguel Fuentes manifiesta que por las razones antedichas, la Gerencia de División Estudios recomienda reducir la TPM en 25 puntos base, a 3,5% anual.",0.822925
RPM-2015-07-14:6915:3,RPM-2015-07-14,2015-07-14,2015,Rodrigo Vergara Montes,Presidente del Banco Central,dovish,-0.7695479208606507,0.06244990938602213,0.8319978302466728,0.10555226036730507,0.9945555545013611,unanime,acuerdo_comunicado,acuerdo_comunicado,"Recuerda que hace dos años, producto de la debilidad que se anticipaba en la actividad y la demanda, el Banco Central dio un significativo estímulo monetario, que se ha mantenido desde entonces a pesar de que la inflación lleva ya más de un año sobre el límite superior del rango de tolerancia.","El Presidente señor Rodrigo Vergara agradece el planteamiento expuesto por el Vicepresidente señor Enrique Marshall e inicia su intervención expresando su reconocimiento al staff por el excelente análisis consignado precedentemente. Expresa que los riesgos y la volatilidad se mantienen en los mercados internacionales. En este sentido, señala que los acontecimientos en Grecia y China, más el acercamiento del momento en que se producirá el comienzo de la normalización de la tasa de interés de política monetaria en Estados Unidos de América, han estado detrás de muchos de los movimientos recientes en precios de activos. Agrega que la situación en América Latina es particularmente compleja, con continuas revisiones a la baja en el crecimiento proyectado en la mayor parte de las economías de la región; y que el precio del cobre ha bajado. En lo concerniente al ámbito interno, indica que el crecimiento del mes de mayo sorprendió a la baja, lo que junto con otros datos en el margen han producido una disminución generalizada y significativa en las proyecciones de crecimiento para el año; que la inversión sigue débil y las cifras de confianza no muestran una recuperación; y que a ello se agrega un comercio exterior que tanto en exportaciones como en importaciones no da señales claras de recuperación. En cuanto al mercado laboral, menciona que la tasa de desempleo subió, pero sigue baja en términos históricos; y que, con todo, el crecimiento del empleo privado se mantiene reducido. Añade que los salarios, si bien siguen creciendo a tasas superiores a las históricas en doce meses, exhiben en el último bimestre una reducción en su tasa de crecimiento a niveles más coherentes con el estado actual del ciclo económico. A este respecto, resalta la importancia de ser claro en cuanto a que, por una parte, se ha reducido la tasa de crecimiento de los salarios, pero siguen creciendo por arriba de los patrones históricos, lo que es atribuible básicamente a indexación; y que, por otra parte, la última medición dio cuenta de un incremento en la inflación y que los riesgos en esa materia son al alza. Luego, advierte que si por alguna razón nos alejamos del escenario base y la inflación aumenta, volveremos a tener el riesgo de que esta se incorpore en los salarios y genere una especie de círculo vicioso, con mayor inflación y, a su vez, con mayores salarios por un tiempo mayor que el que hoy día estamos estimando. Hace presente que la inflación volvió, con mayor intensidad que la esperada, a ubicarse por sobre el rango de tolerancia del Banco Central, lo que constituye indudablemente una mala noticia. Indica que el tipo de cambio sigue siendo un factor clave detrás de este aumento y también detrás de las proyecciones de que la inflación se mantendrá en la parte superior del rango de tolerancia por varios meses más. Expresa que este hecho no es algo menor para el Banco Central, ya que si bien es cierto que la debilidad de la actividad — más allá del producto potencial que se pueda estimar, es evidente que con el actual crecimiento de la actividad se están generando holguras— y los límites naturales a la depreciación cambiaria debieran hacer converger la inflación a 3% en el horizonte de proyección, no es menos cierto que esta convergencia se ha postergado constantemente y la persistencia inflacionaria ha mostrado ser bastante mayor que la esperada. Señala que el riesgo de pasar mucho tiempo en esta situación es el de tener un desanclaje inflacionario que, obviamente, no puede ser permitido por esta Institución. El Presidente señor Rodrigo Vergara añade que la política monetaria ha sido altamente expansiva por ya un largo período de tiempo; que el costo de financiamiento para empresas y hogares se mantiene en niveles bajos, en muchos casos en niveles mínimos históricos o cercanos a ellos; y que las tasas de largo plazo también están en niveles bajos desde una perspectiva histórica. Recuerda que hace dos años, producto de la debilidad que se anticipaba en la actividad y la demanda, el Banco Central dio un significativo estímulo monetario, que se ha mantenido desde entonces a pesar de que la inflación lleva ya más de un año sobre el límite superior del rango de tolerancia. Ello, por cierto, bajo la premisa que se trata de un fenómeno transitorio y que la inflación volverá a su meta en un futuro cercano. De hecho, resalta que las expectativas de inflación en el horizonte de política se mantienen ancladas en 3%. Sin embargo, plantea que la persistencia de la inflación y los riesgos asociados a ella no dejan espacio alguno para un mayor estímulo monetario en las actuales condiciones. Atendido lo expresado, señala que la opción de un recorte de la TPM se puede desechar rápidamente por improcedente. Además, como se mencionó previamente, el costo de financiamiento se mantiene particularmente bajo. Por otro lado, la opción de subirla no es coherente con una economía que ha mostrado una creciente debilidad. Por los motivos antedichos, el Presidente señor Rodrigo Vergara manifiesta que su voto es por mantener la Tasa de Política Monetaria en 3% anual y el sesgo neutral del último Comunicado. En razón de lo expuesto, el Presidente señor Rodrigo Vergara deja constancia que se acuerda por unanimidad de los señores Consejeros, mantener la Tasa de Política Monetaria en 3% anual.",0.867489
RPM-2015-11-12:7148:2,RPM-2015-11-12,2015-11-12,2015,Alejandro Micco,Subsecretario de Hacienda,dovish,-0.7683231570956226,0.07367637282080204,0.8419995299164247,0.08432409726277329,0.9953976678229018,unanime,acuerdo_comunicado,acuerdo_comunicado,"Asimismo, plantea que la inflación del mes de octubre sorprendió levemente al alza; que los salarios exhibieron un repunte, incididos por alzas en algunos sectores puntuales; y que hacia adelante, las expectativas siguen mostrando una trayectoria decreciente para la inflación, la que después de algunas oscilaciones se ubicaría en 3% en el horizonte de política del Banco.","El señor Alejandro Micco inicia su intervención señalando que los antecedentes conocidos para esta Reunión ratifican un ritmo de crecimiento bajo de la economía y una trayectoria descendente para la inflación. En materia de actividad, menciona que el IMACEC estuvo algo por sobre lo esperado y que algunos indicadores sectoriales muestran algo más de dinamismo, como las importaciones de bienes de capital, que exhiben tasas de crecimiento positivas por dos meses seguidos. Agrega que el dato de inversión del tercer trimestre es promisorio; y que, por su parte, los indicadores de confianza empresarial también muestran repuntes, aun cuando siguen en terreno pesimista. Asimismo, plantea que la inflación del mes de octubre sorprendió levemente al alza; que los salarios exhibieron un repunte, incididos por alzas en algunos sectores puntuales; y que hacia adelante, las expectativas siguen mostrando una trayectoria decreciente para la inflación, la que después de algunas oscilaciones se ubicaría en 3% en el horizonte de política del Banco. En lo concerniente al plano externo, advierte que los escenarios de riesgo siguen presentes, ya que el precio del cobre ha vuelto a descender en un contexto donde se mantiene la preocupación por el crecimiento de China. Además, la inminente alza en la tasa de política monetaria por parte de la Reserva Federal ha vuelto a poner presión a las monedas de los países emergentes. Así también, la materialización misma de dicha alza de tasa, prevista para el próximo mes, puede generar disrupciones en los mercados financieros con efecto no solo en los precios de los activos, sino que también en el sector real de las economías más expuestas. Hace presente que para esta Reunión, el mercado espera mayoritariamente una mantención de la tasa de política monetaria, tal como se desprende de las distintas encuestas a los analistas. En su opinión, la decisión de política de esta Reunión, así como el sesgo en el Comunicado, debe tener en consideración la estrategia para la política monetaria para los próximos meses. El señor Alejandro Micco expresa que de acuerdo con estimaciones alternativas, las brechas de capacidad pudiesen ser menores que lo estimado con metodologías más tradicionales; y que ello significa que el producto potencial de la economía es menor, lo cual implica que la tasa neutral de política es más baja. Por otra parte, consigna que las proyecciones de crecimiento para el próximo año se han ido corrigiendo a la baja de manera sistemática, aunque los promisorios datos del tercer trimestre podrían modificar en algo esta perspectiva para el próximo año. No obstante, lo más probable es que, el próximo año, el crecimiento de la economía sea sustantivamente menor que su potencial. Ello significa que las holguras de capacidad, lejos de cerrarse, podrían abrirse aún más; luego, es difícil pensar que en un contexto de apertura de brechas sea necesario restar impulso monetario. Indica que el alza de la inflación en los últimos trimestres ha estado asociada, en gran medida, a la depreciación del tipo de cambio, que ha sido sustancial desde el año 2013. Al respecto, advierte sobre la existencia del riesgo de una depreciación adicional del peso en momentos en que la Reserva Federal comience a subir su tasa de política; no obstante, atendido el nivel alcanzado por el tipo de cambio real, cree difícil que se produzca una depreciación muy significativa. Por último, resalta que las expectativas inflacionarias siguen perfectamente ancladas y que no hay riesgos evidentes de que se produzca un desanclaje.",0.863362
RPM-2015-04-16:6745:1,RPM-2015-04-16,2015-04-16,2015,Alberto Arenas de Mesa,Ministro de Hacienda,dovish,-0.7702687642417869,0.06232720090310051,0.8325959651448874,0.10507683395201199,0.9725636938286757,unanime,mercados_financieros,mercados_financieros,"El señor Alberto Arenas señala que es precisamente el manejo basado en este marco el que le ha permitido al Banco Central efectuar una política monetaria contracíclica en la coyuntura actual, y que si bien la inflación aumentó por sobre el rango de tolerancia, nunca ha estado en cuestionamiento del cumplimiento en el horizonte de política.","El señor Alberto Arenas señala que es precisamente el manejo basado en este marco el que le ha permitido al Banco Central efectuar una política monetaria contracíclica en la coyuntura actual, y que si bien la inflación aumentó por sobre el rango de tolerancia, nunca ha estado en cuestionamiento del cumplimiento en el horizonte de política. Por lo tanto, cabe preguntarse si los antecedentes disponibles hacen presuponer que en adelante habrá presiones inflacionarias que pongan en cuestionamiento la meta del Banco Central y que ameriten restar impulso monetario. Indica que, ciertamente, no hay antecedentes que apuntan en esa dirección, como los salarios, que muy incididos por la inflación pasada han mostrado atenuaciones en su ritmo de expansión; el tipo de cambio, que se ha apreciado y, en términos reales, se encuentra en niveles históricamente elevados, por lo que es difícil que pueda volver a aumentar con la fuerza que lo hizo en meses pasados; y la actividad, que si bien es esperable que aumente su dinamismo, aún se encuentra por debajo de su potencial y su recuperación es débil, por lo que las holguras de capacidad seguirán presentes. Al finalizar su intervención, el señor Alberto Arenas expresa que en este contexto es fundamental que la política monetaria siga colaborando en la recuperación del crecimiento.",0.835283
RPM-2015-08-13:6977:1,RPM-2015-08-13,2015-08-13,2015,Rodrigo Vergara Montes,Presidente del Banco Central,dovish,-0.6433588667206754,0.11357831729404486,0.7569371840147203,0.1294844986912347,0.9922948136884114,unanime,acuerdo_comunicado,acuerdo_comunicado,"Manifiesta que la política monetaria ha sido altamente expansiva por ya un largo período de tiempo, a pesar de registros inflacionarios sobre la meta; y que ello ha sucedido bajo la premisa de que se trata de un fenómeno transitorio y que la inflación volverá a su meta en un futuro cercano.","El Presidente señor Rodrigo Vergara agradece el planteamiento expuesto por el Vicepresidente señor Enrique Marshall e inicia su intervención expresando su reconocimiento al staff por el excelente análisis consignado precedentemente. Indica que desde el punto de vista de la economía internacional, la principal novedad se relaciona con la depreciación del yuan, la posible mayor fragilidad en China y el efecto en el precio de las materias primas. Plantea que todo esto es de preocupación para Chile, aunque, por otro lado, parece haber mayor estabilidad en el mundo desarrollado. Agrega que la situación de América Latina sigue deteriorándose. En el ámbito interno, señala que el Imacec del mes de junio fue algo mayor que lo esperado, pero las proyecciones para el año continúan ajustándose a la baja; que la inversión se mantiene débil y el consumo no repunta; y que a ello se suman indicadores de confianza que siguen una trayectoria descendente. Añade que el mercado laboral sigue mostrando resiliencia, más allá de que en el margen se ven algunos indicios de deterioro, que aún deben confirmarse. Consigna que la inflación en doce meses se aceleró a 4,6% en julio, lo que constituye una mala noticia para el Banco Central; y que sigue siendo la principal explicación de este aumento el alza del tipo de cambio, que se ha depreciado con fuerza en lo más reciente. Advierte que el incremento de la inflación más allá de lo esperado genera un riesgo inmediato de propagación vía salarios que puede hacer a la propia inflación aún más persistente. El Presidente señor Rodrigo Vergara hace notar que la inflación lleva cerca de un año y medio en o sobre el rango de tolerancia del Banco Central y, más aún, que las proyecciones son que ello se mantendrá por varios meses más. Enfatiza que el Consejo no puede ser indiferente a ello. Manifiesta que si bien las explicaciones son claras, esto es cambiarias, esta elevada persistencia genera un riesgo de desanclaje de expectativas. Plantea que es cierto que este riesgo no se ha materializado, pero el riesgo no debe minimizarse; y que tampoco sería prudente esperar a que se produzca un desanclaje para eventualmente actuar, ya que si ese fuera el caso, sería demasiado tarde y, por lo mismo, la acción tendría que ser muy drástica, lo que constituiría una acción de política subóptima. En su opinión, la experiencia de los años 2007 y 2008 enseña que ser demasiado optimistas en esta materia es riesgoso. A este respecto, señala que no se trata de que haya o no gente competente en el Banco Central — de hecho, en esa época había muchos profesionales competentes en la Institución—, sino que simplemente de que en algún momento la política monetaria puede no hacerse compatible con la convergencia a la meta del Banco Central que uno espera. Recuerda que la brecha medida en ese entonces también era bastante baja; que luego se corrigió y se advirtió tardíamente que era positiva y bastante elevada. Expresa que su impresión es que hoy, después de un año y medio y con perspectivas de llegar a dos años con la inflación sobre la meta del Banco Central, es inevitable hablar sobre credibilidad. Indica que no es algo que se esté inventando, ya que más allá de las expectativas actuales, que efectivamente se mantienen ancladas, se aprecia una discusión incipiente en la prensa y que de seguro va a seguir produciéndose en el futuro, particularmente si, como nuestras predicciones lo muestran, esta inflación se mantiene por arriba de 4% o llega incluso a 5%. Cree que no considerarlo es no advertir algo que, en su opinión, resulta bastante claro. Aun así, señala que con la información disponible pareciera que dicho riesgo es acotado, pero no nulo. Hace notar que la debilidad de la actividad y la demanda, y una inflación externa que sigue particularmente baja ayudan a esto. Así, tanto nuestras estimaciones como las de mercado apuntan a que en el horizonte de proyección la inflación debería converger a nuestra meta de 3%. Sin embargo, también es cierto que dicha convergencia se ha postergado constantemente y que la persistencia inflacionaria ha mostrado ser bastante mayor que la esperada. Manifiesta que la política monetaria ha sido altamente expansiva por ya un largo período de tiempo, a pesar de registros inflacionarios sobre la meta; y que ello ha sucedido bajo la premisa de que se trata de un fenómeno transitorio y que la inflación volverá a su meta en un futuro cercano. Agrega que el costo de financiamiento para las empresas y hogares se mantiene en niveles bajos, en muchos casos en niveles mínimos históricos o cercanos a ellos; y que las tasas de largo plazo también están en niveles bajos desde una perspectiva histórica. En este ámbito, se espera que la política monetaria siga siendo expansiva, aunque empiece a retirar gradualmente el estímulo durante el próximo año. Hace presente que todo lo anterior lo lleva a concordar con la Minuta de Opciones en cuanto a que la inflación sobre 4% por tanto tiempo no es irrelevante y en sí representa un riesgo de pérdida de credibilidad. Por ello, estima que la opción de subir la TPM es razonable y que la actual situación amerita una discusión sobre dicha opción. En su opinión, no considerarla puede ser interpretado como una negación voluntariosa de un riesgo evidente y, como tal, constituiría un error. Con todo, expresa que la situación cíclica de la economía y, lo más importante, el que las proyecciones sigan apuntando a que la inflación vuelve a 3% en el horizonte de política, le permiten descartar por ahora esta opción. Por los motivos antedichos, el Presidente señor Rodrigo Vergara manifiesta que su voto es por mantener la Tasa de Política Monetaria en 3% anual y el tono del último Comunicado. En razón de lo expuesto, el Presidente señor Rodrigo Vergara deja constancia que se acuerda por unanimidad de los señores Consejeros, mantener la Tasa de Política Monetaria en 3% anual.",0.797769
RPM-2015-06-11:6862:5,RPM-2015-06-11,2015-06-11,2015,Alejandro Micco,Subsecretario de Hacienda,dovish,-0.7346395633117206,0.04750400460919655,0.7821435679209172,0.17035242746988627,0.9270834077879238,unanime,decision_tpm,decision_tpm,"Por esta razón, señala que es fundamental que la política monetaria siga contribuyendo a estimular la inversión y el consumo, de manera que las holguras de capacidad se cierren en un plazo razonable.","El señor Alejandro Micco resalta la importancia que las políticas fiscal y monetaria estén coordinadas para enfrentar el actual ciclo de nuestra economía. A este respecto, manifiesta que el Gobierno ha implementado una política fiscal con un claro sesgo expansivo este año para atenuar los costos de la desaceleración de la demanda privada. Asimismo, que los espacios para sostener una política fiscal estimulativa en el futuro son limitados. Por esta razón, señala que es fundamental que la política monetaria siga contribuyendo a estimular la inversión y el consumo, de manera que las holguras de capacidad se cierren en un plazo razonable.",0.781939
RPM-2005-04-07:216:1,RPM-2005-04-07,2005-04-07,2005,Manuel Marfán Lewis,Consejero,hawkish,0.9627886126077941,0.9701213529199115,0.007332740312117399,0.022545906767970934,0.9860250363808749,unanime,decision_tpm,decision_tpm,"Sobre la base de estos antecedentes cree conveniente mantener el ritmo pausado de normalización de la política monetaria, por ello su voto es por elevar la tasa de política monetaria en 25 puntos base, de manera de situarla en 3% anual.","El Consejero señor Manuel Marfán señala que agradece el análisis del staff y comparte que las opciones presentadas en esta oportunidad son las de mantener o elevar la tasa de política monetaria. Agrega que respecto del diagnóstico, coincide en que la principal noticia respecto de la reunión anterior tiene que ver con los precios internacionales del petróleo y del cobre. Respecto de la economía interna, sin embargo, aunque puede decirse que las holguras se siguen reduciendo, no hay información suficiente para cuantificar ni el nivel de las holguras o brechas, ni la velocidad a la que se están reduciendo. En efecto, la evolución de la inversión, del producto y de la fuerza de trabajo recientes, debiera llevar a una revisión relevante de la estimación del producto potencial o de tendencia, de la magnitud de la brecha y de la velocidad a la que se estaría normalizando. Con todo, considerando elementos anteriores, la inflación, según el IPCX1, sigue aumentando paulatinamente y la proyección es que continúa acercándose poco a poco al centro del rango meta. Sobre la base de estos antecedentes cree conveniente mantener el ritmo pausado de normalización de la política monetaria, por ello su voto es por elevar la tasa de política monetaria en 25 puntos base, de manera de situarla en 3% anual. Hace presente también que la estrategia de normalización pausada de la política monetaria que ha venido desarrollando el Consejo arroja señales que se están interpretando cada vez mejor por el mercado, el que mayoritariamente espera en esta oportunidad, un aumento de 25 puntos base en la tasa de política monetaria.",0.974720
RPM-2005-07-12:305:4,RPM-2005-07-12,2005-07-12,2005,Rodrigo Valdés Pulido,Gerente de División Estudios,hawkish,0.9401519764177065,0.9569050828369576,0.016753106419251054,0.026341810743791362,0.9946783447126825,unanime,acuerdo_comunicado,acuerdo_comunicado,"En esta decisión se consideró que la inflación y la actividad económica exhibían un comportamiento coherente con el panorama previsto en el último Informe de Política Monetaria, lo cual validaba la estrategia de ajustes pausados de la tasa de política monetaria.","El señor Gerente de División mencionado informa lo siguiente: 1. En la reunión de política monetaria de junio, el Consejo decidió mantener la tasa de interés de política en 3,25%. En esta decisión se consideró que la inflación y la actividad económica exhibían un comportamiento coherente con el panorama previsto en el último Informe de Política Monetaria, lo cual validaba la estrategia de ajustes pausados de la tasa de política monetaria. Se evaluó que mantener la tasa de política monetaria en esa reunión era razonable dada esta estrategia, y se comunicó que dicha decisión no modificaba la expectativa de ajustes pausados adicionales. 2. Los antecedentes acumulados desde la última reunión muestran que las condiciones externas, tanto reales como financieras, se mantienen favorables. Los precios del petróleo y del cobre han seguido bastante más altos que los proyectados en el escenario base del Informe de Política Monetaria. 3. Internamente, el crecimiento de la actividad continúa por encima del crecimiento del PIB de tendencia y consolida la expectativa de obtener en el segundo trimestre un resultado superior al proyectado en el Informe de Política Monetaria pasado. Esto ocurre en un cuadro en que las condiciones monetarias siguen siendo marcadamente expansivas, la formación de capital fijo ha vuelto a sorprender por su intensidad y el empleo continúa expandiéndose a tasas elevadas. Los riesgos (negativos) de origen interno para la actividad continúan atenuándose. 4. La inflación efectiva del IPC ha sido mayor a lo esperado y la proyección de inflación anual del IPC para los próximos meses ha aumentado. Ello se explica por novedades en el precio del petróleo, mayores tarifas en algunos servicios públicos y mayores precios de ciertos productos perecibles. El IPCX1, en tanto, ha seguido hasta ahora la trayectoria esperada, y las distintas medidas de la tendencia inflacionaria no muestran una aceleración adicional, aunque varias siguen aumentando gradualmente. Hacia delante —y en particular en el horizonte de proyección de 12 a 24 meses— además del cierre de holguras que se estaría concretando algo más rápido que lo previsto, la inflación dependerá de cómo se propaguen los shocks mencionados. 5. Con los antecedentes disponibles, es difícil justificar una opción distinta a aumentar la tasa de política monetaria en 25 puntos base. 6. Se puede descartar la opción de mantener la tasa de política monetaria, considerando aspectos tanto de fondo como tácticos. Individualmente y en conjunto, las novedades apuntan hacia mayores presiones inflacionarias, lo que reafirma la necesidad de continuar normalizando la tasa de política monetaria y permite descartar la idea de reducir el ritmo de normalización. Incluso, el hecho de que el cierre de holguras parece progresar algo más rápidamente y que hay incertidumbre respecto de la intensidad (y no del signo) de la propagación de los shocks en algunos precios específicos, podría justificar un leve aumento de la velocidad de normalización. Desde el punto de vista táctico, luego de mantener la tasa de política monetaria en la reunión anterior, una segunda mantención consecutiva parece incoherente incluso con la idea de reafirmar un ritmo de normalización pausado. Ello también permite descartar esta opción. 8. En el otro extremo, es difícil justificar un alza de más de 25 puntos base, por razones principalmente tácticas. Un aumento de magnitud podría señalar un cambio de la estrategia de normalización pausada, estrategia que, pausas más pausas menos, aún parece coherente con el panorama macroeconómico. En particular, el aumento progresivo de la tendencia inflacionaria sigue dentro de lo previsto, los costos laborales unitarios parecen continuar disminuyendo en 12 meses una vez que se considera la productividad por hora, y aún está por verse cómo se transmitirán al resto de la economía los cambios de precios observados. Esta transmisión podría ser menor de lo que muestra la experiencia histórica, dada la credibilidad de la meta de inflación, credibilidad que en todo caso es endógena y debe ser cautelada. Además, aunque las noticias apuntan a que existen mayores riesgos de que sea necesario hacer ajustes menos pausados o graduales, estos riesgos son hasta ahora acotados. 9. Desde el punto de vista de los efectos que puede tener la decisión de política en la estructura de tasas y otros precios financieros, cabe destacar que las expectativas apuntan para esta reunión, en forma casi unánime, a un aumento de 25 puntos base. Por lo tanto, un aumento de esa magnitud no debería tener mayores consecuencias en dichos precios. 10. indica el señor Gerente de División mencionado, que finalmente, considerando la comunicación que se ha realizado hasta el momento y la secuencia de cambios efectivos de la tasa de política monetaria, un alza de 25 puntos base no es particularmente informativa respecto de la posible trayectoria futura de la tasa de política monetaria. Solo aclara que no se estaría disminuyendo el ritmo de normalización. De evaluarse necesario indicar algo más, cabría considerar cuánto énfasis sacar del concepto pausado o incluir explícitamente el tema en la minuta de la reunión de política monetaria.",0.963481
RPM-2005-07-12:309:1,RPM-2005-07-12,2005-07-12,2005,Jorge Desormeaux Jiménez,Consejero,hawkish,0.9511694930649234,0.9660178090763096,0.014848316011386295,0.01913387491230401,0.9939658497333687,unanime,acuerdo_comunicado,acuerdo_comunicado,"Por lo expuesto anteriormente, el Consejero señor Jorge Desormeaux, aprueba la propuesta de la División de Estudios de elevar la tasa de política monetaria en 25 puntos base en la reunión de hoy, dejando establecido como siempre en el comunicado, que el Banco Central está atento a la evolución de las variables que influyen sobre la tendencia inflacionaria.","El Consejero señor Jorge Desormeaux, señala que la información que se ha entregado en el curso del día de hoy presenta un cuadro en que, en el plano internacional, la economía mundial se sigue mostrando auspiciosa, tanto en términos de actividad como de condiciones financieras, pese al significativo aumento que ha registrado el precio del petróleo. El señor Desormeaux indica que, en el plano interno, la actividad muestra un dinamismo algo superior a lo proyectado, lo que se aplica también a la demanda agregada y a las exportaciones. A raíz de ello, los riesgos de origen interno, como ha señalado el informe de la División de Estudios, para la actividad se han atenuado y las brechas de capacidad se cierran a una velocidad que parece ser algo mayor de la prevista. También indica, que en el plano inflacionario, la inflación del IPC será hacia fines de este año casi un punto porcentual superior a lo previsto en el IPoM, pero la inflación subyacente sigue hasta ahora la trayectoria esperada y los factores que han llevado a esta aceleración del IPC son factores de oferta, que no debieran tener efectos adicionales significativos en el tiempo. Por último, señala que concuerda que con estos antecedentes se podría considerar una alternativa de un ajuste más fuerte que uno de 25 puntos base en esta ocasión. Sin embargo, tal como lo plantea la División de Estudios, un alza de 50 puntos base, en esta oportunidad, daría cuenta de un cambio en la estrategia de normalización de la política monetaria que se ha seguido hasta ahora, y ello no parece justificarse, particularmente, si se considera la evolución de la inflación subyacente y la trayectoria de los costos laborales unitarios, como se ha señalado previamente. Por lo expuesto anteriormente, el Consejero señor Jorge Desormeaux, aprueba la propuesta de la División de Estudios de elevar la tasa de política monetaria en 25 puntos base en la reunión de hoy, dejando establecido como siempre en el comunicado, que el Banco Central está atento a la evolución de las variables que influyen sobre la tendencia inflacionaria. En consecuencia, vota por subir la tasa de política monetaria en 25 puntos base, hasta 3,5% anual.",0.963013
RPM-2005-01-11:38:1,RPM-2005-01-11,2005-01-11,2005,Rodrigo Valdés Pulido,Gerente de División Estudios,hawkish,0.9361609206996981,0.9573842609688585,0.021223340269160396,0.021392398761981242,0.9956507883609318,unanime,opciones_tpm,opciones_tpm,"De acuerdo con las proyecciones preparadas para el Informe de Política Monetaria, este cuadro de dinamismo del sector real, de inflación reducida aunque aumentando gradualmente, e incremento tenue de los costos implica que la inflación continuará siendo baja en el corto plazo, pero aumentará progresivamente más adelante.","Al respecto, el señor Gerente de División señala que; 1. En la reunión de política monetaria de diciembre, el Consejo decidió mantener la tasa de interés de política en 2,25%. Con los antecedentes disponibles se concluía que, a diferencia de los meses previos, la actividad no tenía una aceleración adicional que las medidas de la tendencia inflacionaria seguían aumentando lentamente desde niveles reducidos y que el ritmo de aumento de los costos seguía siendo acotado. Se consideró que tanto subir como mantener la tasa de política monetaria era coherente con la estrategia de normalización pausada de la política monetaria, la cual no cambiaba con la información disponible. Se decidió que mantener la tasa era apropiado para justamente remarcar la gradualidad del proceso de normalización. En el comunicado respectivo, el Consejo reafirmó que, en el escenario más probable, continuaría reduciendo pausadamente el marcado estímulo monetario prevaleciente, de manera de mantener una trayectoria esperada para la inflación en torno a 3% anual en el horizonte habitual de política. 2. Los antecedentes acumulados desde la última reunión dan cuenta de que continúan las principales tendencias observadas en la economía nacional en los últimos meses, con una inflación acotada y una actividad más dinámica, todo ello en un entorno internacional favorable. En efecto, las cifras de crecimiento económico continúan altas y han sido algo superiores a las proyectadas. La inversión sigue aumentando en la tendencia de los últimos meses y, más allá de temas de registro de alta frecuencia, las exportaciones siguen creciendo con fuerza. La creación de empleo ha confirmado su dinamismo de los últimos tres meses y se aprecian expectativas positivas. En paralelo, las medidas de la tendencia inflacionaria siguen repuntado desde niveles reducidos, aunque la inflación subyacente IPCX1 una vez más se situó marginalmente por debajo de lo presupuestado. El ritmo de aumento de los distintos costos sigue siendo sorprendentemente acotado, en particular los costos laborales unitarios privados, que caen en 12 meses en lo más reciente (y pesan casi 75% en la estructura de costos del IPCX1), y el tipo de cambio multilateral, que tuvo una disminución real cercana a 2,5% desde la última reunión (y pondera poco menos de 10% en ese mismo indicador). Finalmente, las distintas medidas de expectativas de inflación se mantienen por debajo de 3%, en particular la compensación inflacionaria en instrumentos financieros a distintos plazos. 3. De acuerdo con las proyecciones preparadas para el Informe de Política Monetaria, este cuadro de dinamismo del sector real, de inflación reducida aunque aumentando gradualmente, e incremento tenue de los costos implica que la inflación continuará siendo baja en el corto plazo, pero aumentará progresivamente más adelante. En particular, se espera que, en promedio, la inflación se ubique en el piso del rango meta en los próximos cuatro trimestres, para aumentar hacia 3% el año siguiente. Todo ello bajo el supuesto de trabajo de un aumento paulatino de la tasa de política monetaria. Los antecedentes acumulados, por lo tanto, no parecen suficientes como para modificar la estrategia de normalización pausada de la política monetaria. De hecho, la trayectoria de la tasa de política monetaria implícita en las proyecciones no difiere mayormente de la considerada en las proyecciones de septiembre pasado. 4. Con estos antecedentes, y al igual que en los últimos meses, se puede descartar la opción de disminuir la tasa de interés. A continuación, el señor Valdés analiza las opciones de mantenerla, o aumentarla en una magnitud a determinar. 5. Por un lado, la opción de no aumentar la tasa de política monetaria podría justificarse si se evalúa necesario una normalización más lenta a la contemplada en el escenario central de proyecciones, o incluso postergarla por un tiempo. Esto porque dos meses consecutivos sin aumentos no parecen coherentes con el ritmo utilizado como supuesto de trabajo en las proyecciones actuales, e incluso se alejan de lo implícito en las tasas de interés de mercado para el mediano plazo, salvo que se considere como probable hacer aumentos significativos de la tasa de política monetaria más adelante, lo cual es en principio poco deseable. Sin aumentos más bruscos más adelante, una estrategia de normalización postergada implicaría una proyección de inflación en el escenario central más elevada, por encima de 3% para el mediano plazo, lo que hace poco recomendable esta opción. 6. Por otro lado, se podría argumentar a favor de un aumento mayor a 25 puntos base, tomando en cuenta el dinamismo que está exhibiendo la economía, el que se acompaña con un considerable impulso monetario (refrendado en una tasa de interés real cercana a cero en un plazo de un año y un marcado crecimiento del crédito y de los agregados monetarios), y el hecho de que varios de los escenarios de riesgo configuran un balance posiblemente sesgado al alza hacia la inflación, especialmente en el mediano plazo. A ello se agrega que no es evidente que un aumento de esta magnitud sea contradictorio con el ritmo de normalización supuesto en las proyecciones, si más adelante hay pausas. Sin embargo, es discutible que un aumento como éste pueda entenderse como parte de un proceso pausado, especialmente después de que se mantuvo la tasa de política monetaria en condiciones que apuntaban a un panorama de mediano plazo similar al que se enfrenta en esta reunión. Por lo tanto, sería una dosis que, por coherencia temporal, parece excesiva. Además, en caso de estimarse como adecuada, es posible de repartir en más de una reunión. 7. Finalmente, un aumento de 25 puntos base en esta reunión es coherente con el ritmo de normalización considerado en las proyecciones, el que permite mantener la inflación proyectada en torno a 3% en el horizonte habitual de política.",0.962851
RPM-2005-02-10:136:1,RPM-2005-02-10,2005-02-10,2005,José De Gregorio Rebeco,Vicepresidente del Banco Central,hawkish,0.9341932223139154,0.9576904944645508,0.023497272150635316,0.018812233384813908,0.9927543180580866,unanime,decision_tpm,decision_tpm,"No obstante, un alza de la tasa de política monetaria podría inducir la percepción que estamos reaccionando a noticias de aceleración inflacionaria que el mercado no tiene, en especial cuando el mercado mayoritariamente no espera movimientos, lo que podría, a su vez, servir de base para proponer la mantención de la tasa de política monetaria.","Señala también, que es cierto que la evolución de los costos laborales y márgenes aún revelan holguras inflacionarias y que de persistir, probablemente, habría que tomar la velocidad de normalización de la tasa de política monetaria. Sin embargo, ese cree no es el mayor riesgo en esta oportunidad, en particular si se considera que la política monetaria es aún muy expansiva. El mayor riesgo, como se ha señalado en reuniones anteriores, es atrasarse en el ajuste, lo que requeriría de alzas más pronunciadas y más seguidas. Agrega, que es cierto que este mes y en los venideros se enfrenta un problema timing de la reducción del estímulo monetario. En primer lugar, estima, es importante señalar que la estrategia no es mecánica ni consiste en subir la tasa de política monetaria mes por medio. En segundo lugar, en el escenario base la normalización es algo menos pausada que la estimada por el mercado en su curva forward, por lo anterior, existen razones de carácter táctico que sugerirían subir la tasa en esta oportunidad. No obstante, un alza de la tasa de política monetaria podría inducir la percepción que estamos reaccionando a noticias de aceleración inflacionaria que el mercado no tiene, en especial cuando el mercado mayoritariamente no espera movimientos, lo que podría, a su vez, servir de base para proponer la mantención de la tasa de política monetaria. Como ya se mencionó, esto podría interpretarse como un cambio de la estrategia de normalización gradual, en particular en un mes en que el último registro puntual de IPC es negativo. En todo caso, en su opinión, estas consideraciones no le parecen un riesgo mayor, ya que, en primer lugar, no se subió la tasa en diciembre y sí en enero, lo que debe ser una señal suficientemente clara que nuestro objetivo inflacionario es respecto de un horizonte de entre 12 y 24 meses y por otra parte, cree que corresponde ser claro en nuestra comunicación con el mercado, en el sentido que no existe ninguna noticia inflacionaria particular a la que estamos reaccionando sino que es parte de una estrategia bien fundamentada en nuestro último Informe de Política Monetaria. Por lo tanto cree que el riesgo de una mala interpretación es menor y, en consecuencia, en su opinión, al igual que los señores Consejeros que lo precedieron, su voto es por subir la tasa de política monetaria en 25 puntos base.",0.955649
RPM-2005-04-07:214:4,RPM-2005-04-07,2005-04-07,2005,Rodrigo Valdés Pulido,Gerente de División Estudios,hawkish,0.9287321341803074,0.9505678182905172,0.021835684110209766,0.027596497599273094,0.9962433903269352,unanime,opciones_tpm,opciones_tpm,"La minuta de antecedentes preparada para esta reunión da cuenta de que la marcha de la economía continúa siendo similar a la prevista en el Informe de Política Monetaria, incluyendo un ritmo de crecimiento de la actividad mayor que el crecimiento potencial y una inflación de tendencia que gradualmente vuelve al rango meta.","Al respecto, el señor Gerente de División señala que: 1. En la reunión de política monetaria de marzo, el Consejo decidió mantener la tasa de interés de política en 2,75%. En esta decisión se consideró que la inflación y el crecimiento de la actividad tenían un comportamiento coherente con el panorama previsto en el último Informe de Política Monetaria. Por un lado, si bien las velocidades de expansión instantánea eran algo menores que en meses pasados, el crecimiento era sólido y mayor que el de tendencia, apoyado por un entorno internacional favorable y condiciones monetarias en Chile que continuaban siendo claramente expansivas. Por otro lado, más allá de los vaivenes que originaban los cambios de algunas tarifas reguladas, las distintas mediciones de la tendencia inflacionaria seguían aumentando gradualmente, en línea con las proyecciones. Se comunicó expresamente que la decisión de mantener la tasa de política monetaria en esa oportunidad no modificaba la expectativa de reducción pausada del impulso monetario. i 2. La minuta de antecedentes preparada para esta reunión da cuenta de que la marcha de la economía continúa siendo similar a la prevista en el Informe de Política Monetaria, incluyendo un ritmo de crecimiento de la actividad mayor que el crecimiento potencial y una inflación de tendencia que gradualmente vuelve al rango meta. 3. En efecto, los últimos antecedentes disponibles confirman que la inflación de tendencia sigue aumentando gradualmente, más allá de los vaivenes que provoca el alza del precio del petróleo sobre la inflación mensual, tanto por su incidencia directa como a través de las tarifas reguladas. A ello se agrega un aumento en la tasa de crecimiento anual de los salarios y la detención de la caída en doce meses de los costos laborales unitarios. Por su parte, más allá de fenómenos puntuales en algunos sectores de recursos naturales y efectos calendario, el crecimiento de la actividad continúa sólido. Al mismo tiempo, la atenuación de las inusitadas tasas de expansión instantánea que exhibían el empleo y las importaciones de bienes de capital en meses pasados, así como la moderación de las expectativas de hogares y empresas, hacen menos probable el escenario de riesgo de crecimiento muy por encima del escenario central. Las mayores diferencias con respecto al escenario base se siguen dando en los precios del cobre y del petróleo, que se han mantenido por encima de lo proyectado, lo que motiva nuevas revisiones al alza de sus trayectorias esperadas. 4. Con estos antecedentes, las opciones a analizar son aumentar la tasa de política monetaria, en una magnitud a evaluar, o mantenerla en su nivel actual. 5. Al mantener su sintonía con el último escenario de proyecciones, los antecedentes acumulados son coherentes con mantener la estrategia de normalización pausada de la política monetaria iniciada en septiembre pasado. Un escenario de crecimiento por encima del escenario central —que se analizó a fines del año pasado y que podía justificar un leve aumento del ritmo de normalización— parece ahora algo menos probable. 6. En el otro extremo, las novedades permiten descartar la idea de reducir el ritmo de normalización. Las distintas medidas de la tendencia inflacionaria han continuado aumentando gradualmente por más de nueve meses, y la inflación subyacente IPCX1 ha seguido un curso similar al previsto en las proyecciones. Considerando que la política monetaria sigue siendo claramente expansiva, es necesario continuar con su normalización para asegurar el control sostenible de la inflación y del crecimiento. A esto se agregan los inesperadamente altos precios a los que ha llegado el petróleo, que mecánicamente tienen una incidencia sobre el nivel de precios, pero cuyos efectos de segunda vuelta sobre la inflación requieren de especial atención. Si bien estos mayores precios constituyen un shock de oferta, cuya respuesta de política puede ser distinta a la de un shock de demanda cuando existe credibilidad, es difícil argumentar que debe acompañarse de una política más expansiva. 7. Como se ha analizado en otras ocasiones, la oportunidad precisa de los aumentos de la tasa de política monetaria dependen críticamente de la acumulación de antecedentes. En particular, en esta reunión se justifica aumentar la tasa de política monetaria si se considera que el escenario central se continúa validando y este escenario incluye la gradual normalización de la política monetaria. A esto se suma el mayor dinamismo que exhiben los salarios, los efectos que tienen los mejores términos de intercambio que está enfrentando la economía nacional gracias al mayor precio del cobre, y el hecho de que las tasas de interés en UF de mediano y largo plazo continúan en niveles bajos. Una decisión de este tipo, además, evita arriesgar la necesidad de alzas mayores en el futuro. 8. En principio, se podría argumentar a favor de mantener la tasa de política monetaria si se ponderara más que la velocidad de crecimiento de la economía ha disminuido en los últimos meses desde niveles elevados, que el PIB de tendencia parece estar creciendo más rápidamente gracias a la inversión y la mayor fuerza de trabajo, y que los costos laborales unitarios continúan bien contenidos, incluso considerando que el crecimiento de los salarios es mayor, pues siguen en niveles acotados. No obstante, como se ha discutido en otras oportunidades, el hecho de que las medidas de la tendencia inflacionaria vayan todas simultáneamente en aumento, no valida la hipótesis de que las holguras sean mayores. Adicionalmente, también se podría justificar la mantención en caso de que se deseara indicar que el ritmo pausado puede incluir pausas más prolongadas que un mes. 9. Respecto del monto del ajuste en la tasa de política monetaria, se estima que la opción más adecuada en esta oportunidad es de 25 puntos base. En efecto, es difícil justificar un alza mayor cuando los riesgos de un escenario de dinamismo “excesivo” han disminuido y las expectativas de inflación se mantienen bien contenidas. Asimismo, se estima que analizar un alza mayor a 25 puntos base, tiene más que ver con la posibilidad de señalar la decisión más probable de la próxima reunión, tema en sí mismo importante. La decisión efectiva, sin embargo, dependerá de los antecedentes nuevos que se acumulen hasta esa fecha, incluyendo el análisis que se realizará para el Informe de Política Monetaria. 10. Finalmente, cabe destacar que para esta reunión todas las encuestas indican una expectativa mayoritaria de alza de 25 puntos base, por lo que un alza de esa magnitud no debería tener consecuencias en la estructura de precios financieros.",0.954562
RPM-2005-05-12:275:1,RPM-2005-05-12,2005-05-12,2005,María Elena Ovalle Molina,Consejera,hawkish,0.9213974477106008,0.9457714322902762,0.02437398457967533,0.029854583130048552,0.9921790425907959,unanime,decision_tpm,decision_tpm,"Más bien, es una medida preventiva que pretende conciliar el panorama de crecimiento con la convergencia a nuestro objetivo inflacionario, en el horizonte que nos interesa. Por ello vota por un alza de la TPM de 25 puntos base.","La Consejera señora María Elena Ovalle señala que hemos visto que las condiciones macroeconómicas y financieras prevalecientes en el escenario internacional siguen siendo positivas para la economía chilena. En el ámbito interno el crecimiento de la actividad y el gasto consolidan la trayectoria positiva de la economía, a pesar de la debilidad reciente del sector industrial. A esto se suman los signos de mayor fortaleza que muestra el mercado laboral. La demanda interna ha seguido creciendo a tasas elevadas, con una inversión fija que se expande fuertemente y aparentemente con mayor acumulación de inventarios y crecimiento del consumo. En cuanto a la inflación, el registro mensual estuvo por sobre lo proyectado en la RPM anterior y la mayoría de las medidas subyacentes continúan exhibiendo un moderado incremento con una convergencia gradual al centro del rango meta en el horizonte habitual de política. Por ende, en base a los antecedentes del mes y las perspectivas más probables para el conjunto de variables relevantes para la política monetaria, concuerdo principalmente con los siguientes antecedentes que avalan la opción de alza de la TPM; la necesidad de mantener concordancia con nuestro escenario central de proyecciones que incluye una normalización pausada de la PM necesaria para mantener la convergencia de la inflación a 3%, las expectativas inflacionarias a distintos plazos han tendido más rápidamente al centro del rango meta, la trayectoria para la TPM implícita en los precios de activos y expectativas privadas apuntan a niveles por sobre los considerados en la reunión anterior, la expansión de los agregados monetarios y crediticios reflejan que la instancia monetaria actual es expansiva. Además, en nuestro escenario de mediano plazo están consideradas algo más de presiones inflacionarias asociadas al precio del petróleo y su propagación en otros precios de combustibles. En conjunto, esto hace recomendable continuar la normalización del impulso monetario, con el fin de velar por el control de la inflación. En esta oportunidad, cree que es especialmente importante aludir a elementos tácticos que también hacen recomendable un alza de la TPM en una magnitud acotada de 25 pb como la propuesta. Por una parte, la gran mayoría del mercado espera un movimiento en este sentido y magnitud. A esto se suma que la decisión de política que adoptemos hoy debe ser coherente con el análisis y proyecciones que serán presentados en el próximo IPoM. En este punto cabe destacar que una parte importante de las variables relacionadas con la inflación y el crecimiento, fueron corregidas al alza si lo comparamos con el IPoM de enero. Por lo tanto, sería muy complejo explicar la racionalidad de una decisión distinta a un alza, teniendo en cuenta los últimos antecedentes del mes y las perspectivas que serán presentadas en el próximo Informe. Finalmente, cree necesario transmitir en nuestro comunicado que dos alzas consecutivas no implican una aceleración del ritmo de normalización, ni un abandono de la estrategia de retiro pausado del estímulo monetario. Más bien, es una medida preventiva que pretende conciliar el panorama de crecimiento con la convergencia a nuestro objetivo inflacionario, en el horizonte que nos interesa. Por ello vota por un alza de la TPM de 25 puntos base.",0.951388
RPM-2005-10-11:446:1,RPM-2005-10-11,2005-10-11,2005,María Elena Ovalle Molina,Consejera,hawkish,0.9221947143380309,0.9424664211188458,0.020271706780814885,0.03726187210033935,0.993073318736837,unanime,decision_tpm,otros,"Las perspectivas de crecimiento mundial han mejorado en el margen, a pesar del aumento en las expectativas de normalización de la política monetaria en las principales economías, producto - en parte - de las mayores presiones inflacionarias existentes.","La Consejera señora María Elena Ovalle señala, que de los antecedentes analizados en la reunión de hoy se desprende que las condiciones macroeconómicas y financieras prevalecientes en el escenario internacional continúan mostrándose positivas para la economía chilena. Las perspectivas de crecimiento mundial han mejorado en el margen, a pesar del aumento en las expectativas de normalización de la política monetaria en las principales economías, producto - en parte - de las mayores presiones inflacionarias existentes. En tanto, en el escenario doméstico se observa que la actividad y el gasto interno están algo más bajo que lo previsto, lo que llevaría en el escenario más probable a una expansión anual del PIB en la parte baja del rango proyectado en el último IPoM. A pesar de esta eventual disminución en las perspectivas de actividad para el año se mantiene un elevado dinamismo en la inversión, el mercado laboral sigue exhibiendo una importante creación de empleos con tasa sobre el 4%, y la serie de tendencia cíclica de la actividad mensual permanece en 5% al igual que en los meses previos a lo que se suma el crecimiento de los agregados monetarios y crediticios. Por otro lado, no se puede dejar de mencionar la apreciación que sigue experimentando el tipo de cambio. Sin duda, la principal novedad del mes fue el registro para la inflación del IPC muy por sobre lo proyectado, donde parte importante de esta mayor cifra es atribuible a la incidencia de los ítems relacionados a alimentos y transporte. Esto se confirma al observar que las medidas subyacentes y de tendencia estuvieron en torno a lo previsto, aumentando de manera gradual y en línea con el rango meta. Respecto a otras variables relacionadas con la estructura de costos, le gustaría destacar en esta oportunidad que pese a permanecer en tasas de expansión negativas, los costos laborales unitarios han aumentado, lo que agrega algo de incertidumbre respecto a la evolución mostrada hasta ahora por la productividad. Esto sumado a que si bien la mayoría de las medidas de márgenes no mostraron cambios respecto a la reunión anterior, el cálculo puntual asociado al margen de alimentos mostró un incremento. Dados estos antecedentes, la Consejera señora María Elena Ovalle concuerda con lo analizado por la División de Estudios, en relación a que la opción de política más plausible, en esta oportunidad, es un aumento de 25 puntos base en la tasa de Política Monetaria. En este sentido, señala que se vuelve esencial velar porque las expectativas inflacionarias continúen ancladas al centro del rango meta a diferentes plazos y no se vean afectadas, ni se sobrerreaccione a registros puntuales como el observado en septiembre para el IPC. Por ello, resulta también relevante considerar los aspectos tácticos y estratégicos que parecen respaldar un alza en dicha magnitud, por cuanto es una medida esperada por gran parte del mercado y, además, permite continuar con un tránsito gradual hacia una instancia más neutral de política monetaria. A esto se suma lo ya señalado en relación al aumento de algunas variables que sugieren algo de mayores presiones inflacionarias y el cierre de holguras a una velocidad similar a la considerada en el último Informe de Política Monetaria. Por otra parte, destaca que no hay indicios claros que respalden la idea de acelerar el ritmo de normalización, lo que sin duda se debe seguir monitoreando con cautela en las siguientes reuniones. Así y a la luz de los antecedentes presentados anteriormente, considera que un alza de 25 puntos base en la tasa de Política Monetaria es consistente con el rango meta en el horizonte habitual de política y por ello vota en tal sentido.",0.951237
RPM-2005-05-12:267:1,RPM-2005-05-12,2005-05-12,2005,Camilo Carrasco Alfonso,Gerente General,hawkish,0.8517652975940846,0.8871247467626656,0.03535944916858099,0.07751580406875347,0.9874726544254514,unanime,mercados_financieros,otros,"Han transcurrido cuatro trimestres, siendo el que estamos el cuarto, donde hay una tasa de crecimiento de gasto interno inhabitualmente alto y, se supone, que ya a partir del tercer trimestre del año, se empieza a normalizar la tasa de crecimiento de la demanda interna.","El Gerente General, señor Camilo Carrasco, estima que la estrategia de una normalización gradual y pausada es un punto en que todos estamos de acuerdo. El problema es cómo vamos a operacionalizar esta estrategia. Señala que se atrevería a decir que si se utiliza una definición simple y práctica, la estrategia durante el presente año se implementaría, simplemente, recorriendo un camino de alzas no mayores de 25 puntos base por mes, teniendo en este momento el objetivo de llegar a una tasa de política monetaria del orden de 4,5%, en diciembre. Esto implica que habría que subir la tasa seis veces en un conjunto de ocho reuniones, incluyendo la reunión de hoy. Le parece que, dentro de esta estrategia se puede subir o mantener la tasa en esta oportunidad y no se va a romper la estrategia. Piensa que hay muchas combinaciones para seguir esta política de normalización gradual y pausada. La pregunta, en consecuencia, es determinar si es el mejor momento para no hacer la pausa, esto es, para subir la tasa. En su opinión, existen varios factores suficientemente importantes que le inclinarían por tomar este mes de mayo como apropiado para hacer una pausa, vale decir, mantener la tasa actual. Menciona en primer lugar que el modelo está proyectando un segundo semestre con una desaceleración bastante fuerte de la demanda interna. Han transcurrido cuatro trimestres, siendo el que estamos el cuarto, donde hay una tasa de crecimiento de gasto interno inhabitualmente alto y, se supone, que ya a partir del tercer trimestre del año, se empieza a normalizar la tasa de crecimiento de la demanda interna. Agrega, que esa normalización de la tasa de crecimiento de la demanda interna, a partir del próximo trimestre, es independiente de lo que se haga hoy día con la tasa de interés. En consecuencia, la pregunta es por qué no esperar, para tener algo más de evidencia de que la economía se va a comportar, en el muy corto plazo, efectivamente, de acuerdo a lo que se está proyectando. El otro aspecto que debe considerarse, en su opinión, es en el plano financiero, ya que el tema del comportamiento bastante anómalo de la tasa interbancaria está más complicado de solucionar que lo que se había previsto. Indica, que no tenemos ninguna certidumbre que lo podamos hacer con suficiente rapidez, lo que puede causar más ruido que lo trascendido hasta ahora. Puede causar problemas de credibilidad, lo cual se exacerbaría con un alza de la TPM en la reunión de hoy. Este factor le hace inclinarse por la proposición de esperar un mes y aprovechar este lapso para despejar el tema de alinear la tasa interbancaria. Estima que, fundamentalmente, el costo de mantener la tasa es no seguir las expectativas del mercado, que en un 100% está pensando que el Banco Central la va a subir. Cree, sin embargo, que si se logra ser suficientemente preciso en el comunicado, se puede superar ese supuesto costo, incluyendo, incluso, el tema de la tasa interbancaria.",0.916717
RPM-2005-08-11:357:1,RPM-2005-08-11,2005-08-11,2005,Klaus Schmidt-Hebbel Dunker,Gerente de Investigación Económica,hawkish,0.8509533452311978,0.8903362131354811,0.03938286790428323,0.07028091896023578,0.9905017039315547,unanime,apertura_cierre,otros,"Un alza de 25 puntos base en la tasa de política monetaria parece ser el piso para la actual coyuntura, en que los shocks favorables de demanda (real) dominan ampliamente el shock de oferta, en la evolución del producto y de la inflación de mediano plazo (no la de corto plazo).","El Gerente de Investigación Económica, señor Klaus Schmidt-Hebbel, señala que desde la reunión de política monetaria de julio se han producido significativas novedades internacionales e internas que, en términos netos, configuran el mejor escenario de condiciones exógenas que la economía chilena ha enfrentado en muchos años. Combinadas con el mejor marco de políticas macroeconómicas y financieras que este país ha sido capaz de adoptar en un siglo o más, estas óptimas condiciones llevan a un crecimiento de la demanda agregada, del producto y del empleo mayores a lo anticipado, con un cierre también más rápido de la brecha de producto de lo anticipado hace poco. Con ello se justifica una aceleración y/o intensificación de la normalización del carácter expansivo de la política monetaria. La tasa de política monetaria actual de 3,5% nominal es, en términos reales ex ante, cero o negativa en el horizonte de los siguientes meses, y está aún a 300 puntos base de lo que puede estimarse como su nivel neutral. En cambio, la brecha de producto está en torno a -0,5 o -1 punto porcentual y la brecha entre la tasa de desempleo nacional efectiva y la de promedio de largo plazo está quizás entre -1 y -2 puntos porcentuales. Más aún, el escenario base proyecta un cierre completo de la brecha, ocurriendo en algún momento durante el horizonte de política monetaria. Las proyecciones de inflación también se han corregido hacia el alza, empujadas por el shock inesperadamente intenso y persistente del petróleo, no obstante la influencia moderadora de la apreciación cambiaria y la continuación del crecimiento negativo de los costos laborales unitarios. A la luz de lo anterior, se justifican plenamente las dos opciones para la decisión de política monetaria de hoy. Un alza de 25 puntos base en la tasa de política monetaria parece ser el piso para la actual coyuntura, en que los shocks favorables de demanda (real) dominan ampliamente el shock de oferta, en la evolución del producto y de la inflación de mediano plazo (no la de corto plazo). Un alza de 50 puntos podría justificarse si se cumplieran cuatro condiciones: (i) la magnitud de los shocks favorables inesperados es muy intensa, (ii) una alta persistencia del nivel actual del precio del petróleo, sin reversión importante en el horizonte de política, (iii) un desanclaje de las expectativas inflacionarias de mediano y largo plazo, y (iv) una comprensión plena por el mercado del alza de 50 puntos base, después de muchos meses de comunicarse la necesidad de alzas pausadas y de actuación en que la gradualidad se aplicó como pausas en las alzas de 25 puntos base. Como estas condiciones no se cumplen, y menos aún en forma copulativa, sugiere considerar un incremento de 25 puntos base. También sugiere, sin embargo, que se comunique al mercado que el ritmo actual de normalización se ha acelerado en forma importante, siendo probable que lo siga siendo en el futuro mediato.",0.912409
RPM-2005-05-12:271:1,RPM-2005-05-12,2005-05-12,2005,Esteban Jadresic Marinovic,Gerente de División Internacional,hawkish,0.8676450673406166,0.9088468301318635,0.04120176279124687,0.049951407076889734,0.9919221020697225,unanime,otros,otros,"En segundo lugar, comparte la preocupación por la brecha que hemos visto en los últimos días entre la tasa de política monetaria y la tasa interbancaria y lo que significa si se sostuviera en el tiempo, en el sentido de debilitar el valor de la Tasa de Política Monetaria como una señal de lo que está usando el Banco Central como referencia y, por lo tanto, cree que es muy importante hacer lo posible para cerrarla.","El Gerente de División Internacional, señala que quiere referirse al tema de las opciones que se han planteado. En principio, entiende que todos están de acuerdo en la estrategia de normalización pausada de la política monetaria. Le parece que en la medida que se van cerrando las brechas eso justifica llevar la tasa de política monetaria a un nivel consistente con la tasa neutral de largo plazo, pero ello implica un ajuste gradual en la medida que se van cerrando las brechas y no un ajuste abrupto. Cree que el tema es la gradualidad y como bien lo planteó el señor Gerente General, a qué ritmo debe hacerse. En su opinión, los antecedentes que se han presentado no le dicen mucho respecto a las dos opciones propuestas. Señala que la actividad sigue dinámica, aunque algo más lenta, las condiciones financieras son expansivas y la inflación está creciendo, pero gradualmente. Adicionalmente, le parece que es importante el tema táctico, ya que el mercado está esperando un aumento de tasas y eso es consistente con las perspectivas que están implícitas en las proyecciones que se han efectuado. Por lo tanto, no incrementar la tasa de interés implica enfrentar el riesgo que se ha mencionado, de comunicar y de convencer el cambio de percepción respecto de lo que ha estado implícito en nuestras proyecciones y en aquéllas que se han considerado recientemente. Desde esa perspectiva, le parece que el escenario es apropiado para la opción de un aumento de tasas. A lo anterior, quiere agregar dos consideraciones. La primera es el tema del nivel de la tasa neutral. A medida que se ha ido subiendo la tasa de interés y por mucho que se esté por debajo de ella, todavía queda bastante margen. Es un tema que va a ir cobrando una mayor importancia y hay que seguir profundizándolo. En segundo lugar, comparte la preocupación por la brecha que hemos visto en los últimos días entre la tasa de política monetaria y la tasa interbancaria y lo que significa si se sostuviera en el tiempo, en el sentido de debilitar el valor de la Tasa de Política Monetaria como una señal de lo que está usando el Banco Central como referencia y, por lo tanto, cree que es muy importante hacer lo posible para cerrarla.",0.903931
RPM-2005-02-10:126:1,RPM-2005-02-10,2005-02-10,2005,Camilo Carrasco Alfonso,Gerente General,hawkish,0.8298460515231947,0.8804964531062746,0.05065040158307993,0.06885314531064554,0.9878999120099122,unanime,otros,otros,"Sin embargo, cree que en la actualidad esa situación ha cambiado, simplemente, porque están consolidadas las expectativas de un crecimiento fuerte, y en consecuencia no visualiza en este momento, riesgo alguno de efecto dañino sobre las expectativas de crecimiento si el Banco Central sube la tasa en 25 puntos base en dos meses consecutivos.","El Gerente General, señor Camilo Carrasco, señala que como consecuencia del intercambio de opiniones que se produjo en el mañana, le parece que es necesario reconocer que existe una cuota importante de desconocimiento respecto del comportamiento de algunas variables relevantes, que no se saben explicar o de las cuales no se tienen buenas explicaciones para su comportamiento, tales como el producto potencial, ciertos comportamientos en el mercado laboral, y el de las brechas. Estima que ello sería especialmente preocupante si se estuviera utilizando la política monetaria para hacer una sintonía fina, pero no es el caso actual. Estima que ahora no existe discusión respecto a la dirección que tendrán los cambios en la tasa de política monetaria durante los próximos meses y que a fines de año el mercado proyecta que estará entre unos 100 - 150 puntos base sobre la actual, por lo que la discusión hoy solamente podría estar en aspectos tácticos, de cómo aproximarse a esa cifra de la tasa de política monetaria más normalizada. La pregunta fundamental de esos aspectos tácticos, a su juicio, sería en esta ocasión, si se sorprenderá el mercado si el Banco Central sube la tasa durante dos meses consecutivos. Tal vez podría ser interpretado como un cambio significativo en la trayectoria de ritmo pausado que se ha anunciado. En su opinión hace dos o tres meses, habría sido importante no asustar al mercado con una señal que pudiera haber sido interpretada como una aceleración de ese ritmo pausado. Sin embargo, cree que en la actualidad esa situación ha cambiado, simplemente, porque están consolidadas las expectativas de un crecimiento fuerte, y en consecuencia no visualiza en este momento, riesgo alguno de efecto dañino sobre las expectativas de crecimiento si el Banco Central sube la tasa en 25 puntos base en dos meses consecutivos. Cree también que despejado ese riesgo de abortar la reactivación resulta conveniente aprovechar esta coyuntura para acercarnos un paso más a la normalización de la tasa que es algo en lo existe unanimidad. Por otro lado le parece que es una buena oportunidad para reforzar la idea de que el Banco Central de Chile hace política monetaria con un horizonte de mediano plazo y no en base al IPC del mes pasado y estima que de todas maneras, en algún momento, va a ser necesario romper esta especie de regla implícita de alzas de tasas de interés mes por medio. Por lo anterior, indica que su opinión es similar a la expuesta, como opción principal, por la Gerencia de División Estudios, vale decir, aumentar la tasa de política monetaria en 25 puntos base.",0.898293
RPM-2005-02-10:127:1,RPM-2005-02-10,2005-02-10,2005,Mario Marcel Cullell,Ministro de Hacienda (S),hawkish,0.8522222012531767,0.8732874936012973,0.021065292348120632,0.10564721405058226,0.9799522693236253,unanime,actividad_interna,opciones_tpm,"El señor Ministro de Hacienda Subrogante, don Mario Marcel, señala que a raíz de la discusión sostenida sobre el cuadro macro, el mayor ritmo de crecimiento se está apreciando en estos meses tiene que ver, especialmente, con el crecimiento de la inversión y tal como lo señaló en la mañana cree que no debiera preocupar un mayor crecimiento por sí mismo, sino cuales son los factores que se encuentran detrás del mismo y como ello incide sobre las presiones inflacionarias en el futuro.","El señor Ministro de Hacienda Subrogante, don Mario Marcel, señala que a raíz de la discusión sostenida sobre el cuadro macro, el mayor ritmo de crecimiento se está apreciando en estos meses tiene que ver, especialmente, con el crecimiento de la inversión y tal como lo señaló en la mañana cree que no debiera preocupar un mayor crecimiento por sí mismo, sino cuales son los factores que se encuentran detrás del mismo y como ello incide sobre las presiones inflacionarias en el futuro. Agrega, que le parece que en estos momentos la clarividencia respecto de aumento en la capacidad instalada, por el aumento de la inversión en maquinarias y equipos; por el aumento de actividad en la construcción y también por lo que presenta el funcionamiento del mercado del trabajo, hacen pensar que existe un margen amplio de capacidad instalada ociosa. Indica también, que tiene la impresión de que la normalización, si bien es adecuada, podría ir a un ritmo más lento. En ese sentido habiendo una clara opción por una normalización pausada de la tasa, le parece que es igualmente consistente con esa normalización aumentar la tasa en 25 puntos base en esta oportunidad, o bien mantenerla.",0.888773
RPM-2005-04-07:215:1,RPM-2005-04-07,2005-04-07,2005,María Eugenia Wagner Brizzi,Ministra de Hacienda (S),hawkish,0.7818076321060273,0.8250651595495114,0.04325752744348414,0.13167731300700442,0.9880258702255531,unanime,acuerdo_comunicado,acuerdo_comunicado,"Si bien un aumento en el precio del crudo provoca un alza directa transitoria sobre el nivel de precios, al mismo tiempo tiene un efecto contractivo sobre la demanda agregada que descomprime las presiones inflacionarias del efecto directo.","La Ministra de Hacienda Subrogante, señora María Eugenia Wager, señala que desde el tercer trimestre de 2004 el Banco Central ha adoptado una estrategia de normalización pausada hacia niveles más neutrales de la tasa de instancia monetaria. Si bien dicha estrategia apunta en la dirección correcta, es necesario y prudente evaluar en cada reunión, de acuerdo a los antecedentes que se dispongan, la velocidad a la cual esta normalización es conveniente que deba realizarse. Al respecto cabe señalar dos hechos que ciertamente influyen en el patrón de normalización. El primero de ellos se relaciona a la brecha productiva y a la velocidad a la que ésta se estaría cerrando. La mayor tasa de inversión, el mayor crecimiento de la fuerza de trabajo y la mayor productividad total de los factores en 2004 apuntan claramente a un aumento en el crecimiento y nivel del PIB potencial, el que hoy en día se encuentra por sobre al que se estimaba a principios de este año. Más aún, dada la adicidad inherente en la metodología de cálculo del PIB potencial y la reciente desaceleración que se observa en las cifras de producto, no es claro que la velocidad de cierre de la brecha productiva esté siendo rápida. Más bien, los antecedentes apuntan a que es más lenta de lo que se esperaba. Luego, el análisis anterior lleva a pensar que las presiones sobre la inflación derivadas de un supuesto rápido cierre de brechas han disminuido en el margen. El segundo hecho a señalar se refiere a los efectos del alza del precio del petróleo sobre la inflación y sus expectativas. Si bien un aumento en el precio del crudo provoca un alza directa transitoria sobre el nivel de precios, al mismo tiempo tiene un efecto contractivo sobre la demanda agregada que descomprime las presiones inflacionarias del efecto directo. Al respecto, la evidencia muestra que en los últimos 37 meses la inflación subyacente medida por el IPCX1 no ha sobrepasado nunca el centro del rango meta, mientras que la inflación medida sólo lo ha hecho en 5 oportunidades. Lo anterior sugiere que los efectos contractivo de la demanda del choque petrolero no han sido menores y que han incidido de forma importante en la evolución de la inflación. Asimismo, los efectos sobre las expectativas inflacionarias han sido escasos, cuestión que queda de manifiesto al observar que éstas han estado reiteradamente en línea con la meta de inflación del 3% del Banco. En suma, si bien la estrategia de normalización pausada de la tasa de instancia monetaria es la adecuada, la velocidad a la que ésta debiera ir implementándose debe analizarse mes a mes en línea con los antecedentes que se vayan recopilando. En particular, en esta ocasión, cree que sería mejor mantener la tasa de instancia monetaria, si bien estima que podemos vivir con un alza de tasa de 25 puntos base.",0.873318
RPM-2006-04-13:654:2,RPM-2006-04-13,2006-04-13,2006,Consejo del Banco Central de Chile,Consejo,hawkish,0.9271492957973249,0.9485180680129446,0.021368772215619676,0.030113159771435583,0.9886097292866942,unanime,acuerdo_comunicado,acuerdo_comunicado,"Por su parte, tanto la inflación subyacente IPCX1 (que además excluye algunos servicios regulados), como otros indicadores de la tendencia inflacionaria, y las distintas medidas de expectativas de inflación, continúan bien ancladas en torno al centro del rango meta.","En mérito de lo anterior, el Consejo, por la unanimidad de sus miembros, adopta el siguiente Acuerdo: 91-01-060413 - Tasa de Política Monetaria. En su reunión mensual de política monetaria, el Consejo del Banco Central de Chile acordó aumentar la tasa de interés de política monetaria en 25 puntos base hasta 5% anual. Comunicado “ En su reunión mensual de política monetaria, el Consejo del Banco Central acordó aumentar la tasa de interés de política monetaria en 25 puntos base hasta 5% anual. El entorno externo relevante para la economía chilena sigue siendo muy favorable, con un precio del cobre considerablemente mayor a lo proyectado. En el primer trimestre de este año la demanda interna habría moderado su elevada tasa de crecimiento, en línea con el escenario de proyecciones del último Informe de Política Monetaria. En igual período, la actividad habría crecido algo menos de lo esperado, influida por el bajo desempeño circunstancial de algunos sectores. La creación de empleo ha vuelto a incrementar su ritmo de expansión anual y, en particular, la ocupación asalariada continúa creciendo con fuerza. A su vez, las condiciones financieras internas siguen siendo expansivas. La inflación ha continuado con una trayectoria similar a la esperada en el último Informe de Política Monetaria. Las medidas de inflación anual IPC e IPCX (que excluye combustibles y perecibles) se ubican transitoriamente en la parte alta del rango meta. Por su parte, tanto la inflación subyacente IPCX1 (que además excluye algunos servicios regulados), como otros indicadores de la tendencia inflacionaria, y las distintas medidas de expectativas de inflación, continúan bien ancladas en torno al centro del rango meta. El Consejo estima que, en el escenario más probable, ajustes pausados de la tasa de interés siguen siendo necesarios para mantener la inflación proyectada en torno a 3% anual en el horizonte habitual de política. La oportunidad de estos ajustes dependerá de las implicancias de las noticias de actividad, tipo de cambio y precios, sobre la trayectoria esperada de la inflación.”",0.954052
RPM-2006-04-13:654:1,RPM-2006-04-13,2006-04-13,2006,Vittorio Corbo Lioi,Presidente del Banco Central,hawkish,0.9197109852521969,0.936756584598182,0.01704559934598519,0.04619781605583269,0.9897707568901634,unanime,acuerdo_comunicado,acuerdo_comunicado,"Indica el señor Presidente, que en el frente inflacionario, hasta ahora los aumentos en los precios del petróleo y de otros productos primarios han repercutido principalmente en la inflación total sin tener efectos claros en las distintas medidas de tendencia inflacionaria, a pesar de las reducidas holguras de capacidad.","El Presidente señor Vittorio Corbo, agradece el trabajo del staff y señala que el entorno externo relevante de la economía chilena sigue siendo muy favorable, con una economía mundial que continúa mostrando un gran dinamismo -el que ahora es más balanceado entre los principales países industriales- y condiciones financieras que se mantienen auspiciosas. Esto ha llevado a un aumento de los riesgos de un repunte en la inflación y un alza más pronunciada de las tasas de interés de los países industriales. Agrega, que la evolución de la economía mundial ha sido especialmente dinámica en los países que son los principales consumidores de cobre (Estados Unidos de América, China y la India), lo que ha redundado en precios del cobre muy por encima de los proyectados. En paralelo, el precio del petróleo ha alcanzado niveles por encima de los ya altos precios proyectados. El efecto neto de estos aumentos de precios son mejores términos de intercambio de lo que se proyectaban hace algunos meses, los que ahora se proyectan también serían más duraderos. En el frente interno, la demanda modera su crecimiento y ahora crece de acuerdo a lo proyectado con apoyo sólido del buen entorno externo, el dinámico mercado laboral y condiciones financieras expansivas. En contraste, la actividad crece algo por debajo de lo proyectado, debido especialmente a problemas puntuales en algunos sectores específicos que debieran revertirse. Indica el señor Presidente, que en el frente inflacionario, hasta ahora los aumentos en los precios del petróleo y de otros productos primarios han repercutido principalmente en la inflación total sin tener efectos claros en las distintas medidas de tendencia inflacionaria, a pesar de las reducidas holguras de capacidad. Hace presente el señor Presidente, que de hecho, nuestras proyecciones de inflación IPCX1 han estado en línea con las proyecciones del último IPoM, las cuales consideran también que a medida que se sigan copando las brechas de capacidad será necesario continuar con el proceso de normalización de la política monetaria, para mantener la tendencia inflacionaria en torno al centro del rango meta. Además, dadas las reducidas brechas de capacidad, se incrementa el riesgo de shocks adicionales en los precios del petróleo que pueden terminar afectando la tendencia inflacionaria. Por lo anterior, estima que lo apropiado es continuar con el proceso de normalización pausada de la política monetaria que se presentó en el último IPoM. Basado en ello, su voto es también por otro aumento de 25 puntos base en la tasa de política monetaria.",0.951552
RPM-2006-01-12:572:1,RPM-2006-01-12,2006-01-12,2006,José De Gregorio Rebeco,Vicepresidente del Banco Central,hawkish,0.884739610280287,0.9299811413018102,0.045241531021523146,0.02477732767666675,0.9949919760920007,unanime,decision_tpm,decision_tpm,"Señala, que de hacer una pausa, es posible que nos quedemos atrás de la curva si los efectos de segunda vuelta, los shocks del petróleo o las presiones sobre los precios de una actividad y demanda creciendo dudosamente, empiezan a repercutir sobre la inflación, antes de lo esperado.","El Vicepresidente señor José De Gregorio, señala que la decisión de hoy día es particularmente compleja. No por los costos que pueda tener una u otra decisión, sino porque a su juicio existen muy buenas razones tanto para mantener como para subir la tasa en 25 puntos base. Por otro lado, el Vicepresidente señor De Gregorio indica, que dada la información actual, lo más probable es que si en esta reunión no se suben las tasas se hará en una próxima. Agrega el señor De Gregorio, que en todo caso, las condiciones financieras hoy día son expansivas y en nuestro escenario base éstas se deben ir reduciendo gradualmente en nuestro horizonte de política. La actividad y el empleo han estado creciendo de manera saludable; el escenario internacional y sus perspectivas son mejores que algunos meses atrás y la única sombra, es el elevado precio del petróleo. Este escenario internacional es más inflacionario. Asimismo, el Vicepresidente don José De Gregorio indica que los costos laborales se han estado normalizando. Hace presente, que desde el punto de vista de la estrategia de reducción pausada del estímulo monetario, ésta resultó en una seguidilla de alzas de tasa, y el mes pasado se realizó una pausa. El señor Vicepresidente manifiesta que todo esto sugiere subir la tasa de política monetaria, para continuar con el proceso de normalización de tasas. También hace presente, que en todo caso es importante señalar, que esta estrategia independiente de la decisión que se tome hoy día, sigue vigente, aunque la oportunidad de las pausas, así como la velocidad de reducción de la expansividad de la política monetaria es algo que hay que ir viendo cada mes, y es aquí donde el juicio del Consejo es fundamental y no mecánico. Sin embargo, las noticias inflacionarias son muy positivas. Probablemente, algún mes la inflación superará el techo del rango meta, pero en una magnitud muy pequeña y por un período más breve que el que estimábamos hace un tiempo atrás. A pesar de la normalización de la inflación subyacente, ésta sigue avanzando a un ritmo moderado. Asimismo, la apreciación del peso también tiene implicancia respecto de una menor inflación, lo que abre espacios para mantener la tasa de interés. Recuerda el señor De Gregorio, que en el escenario base se espera una depreciación moderada, aunque no se puede descartar que dadas las buenas condiciones internacionales, esta depreciación no ocurra. Con la evolución de las tasas implícitas en nuestras proyecciones, la inflación convergerá al centro del rango meta, pero la convergencia más precisa se dará más allá de nuestro horizonte de política, probablemente hacia mediados del año 2008. En consecuencia, para cumplir con nuestra meta de inflación, expresada en términos de convergencia, nuestra proyección de inflación en un horizonte de 12 - 24 meses, la mantención de la tasa de política monetaria sería más consistente con este objetivo. Desde el punto de vista de las expectativas de mercado, éstas están divididas. Por su parte, los argumentos para subir tasas han tendido a enfatizar más la evolución de la actividad que su impacto sobre los precios y las perspectivas de inflación. Ciertamente, existe una relación entre actividad e inflación, pero esta última está también determinada por muchos otros factores, que hoy día estarían apuntando a una menor velocidad de convergencia de la inflación, hacia el centro del rango meta. Finalmente, el Vicepresidente señor De Gregorio hace presente, que siempre es posible y deseable apelar a los riesgos de mantener o subir las tasas para tomar una decisión. Señala, que de hacer una pausa, es posible que nos quedemos atrás de la curva si los efectos de segunda vuelta, los shocks del petróleo o las presiones sobre los precios de una actividad y demanda creciendo dudosamente, empiezan a repercutir sobre la inflación, antes de lo esperado. En este caso, la solución sería acelerar el paso más adelante. Sin embargo, este riesgo le parece poco probable, dado que no se han desviado del ajuste monetario previsto para este año. En el caso de subir y que las presiones inflacionarias cedan aún más, se corre el riesgo de comenzar a desviarse por debajo de nuestro objetivo inflacionario, lo que no le parece deseable dada la evolución de la inflación en el último par de años. Más aún, le parece que en el caso de mantener la tasa, es más fácil corregir una desviación con aceleración del aumento de tasa, que en caso de aumentar la tasa, terminar con pausas muy prolongadas. Insistiendo que en su opinión, los costos de equivocarse en subir o bajar la tasa son menores en esta oportunidad, y ambas decisiones tienen argumentos de peso. En consecuencia, cree que la mejor opción hoy día es mantener la tasa de política monetaria en 4,5% y vota en tal sentido.",0.933763
RPM-2006-02-09:591:1,RPM-2006-02-09,2006-02-09,2006,Enrique Marshall Rivera,Consejero,hawkish,0.8538475552254822,0.908881025191484,0.05503346996600174,0.0360855048425142,0.9962712547284076,unanime,acuerdo_comunicado,acuerdo_comunicado,"Menciona también, que se debe tener en cuenta que, con la reciente decisión adoptada por la Reserva Federal de los Estados Unidos de América, la tasa de interés en dicho país ha quedado al mismo nivel que la tasa de política monetaria de Chile.","El Consejero señor Enrique Marshall, agradece al staff, por los informes preparados para esta reunión. Agrega, que comienza destacando los antecedentes que le parecen relevantes para adoptar su decisión en esta oportunidad. En efecto, el escenario económico no ha experimentado cambios muy significativos desde la última reunión. Las condiciones externas siguen siendo favorables para nuestra economía, si se consideran las perspectivas Señala el señor Consejero, que en el ámbito interno, las condiciones financieras siguen siendo expansivas. Las tasas de interés de mediano y largo plazo se han normalizado, dejando atrás el ajuste ocurrido en el cuarto trimestre del año pasado, en tanto los agregados monetarios y crediticios continúan creciendo a tasas elevadas. Indica, que la demanda interna ha moderado su crecimiento, en general de acuerdo a lo previsto. Sin embargo, el consumo privado sigue mostrando un persistente crecimiento, que se relaciona con el optimismo que reflejan las encuestas de expectativas, la evolución del mercado laboral, y las favorables condiciones de acceso al crédito de consumo y vivienda aún prevalecientes en el mercado. Hace presente también el señor Consejero, que concordante con todo ello, la actividad interna prosigue en una senda de convergencia hacia una expansión de tendencia. En lo que se refiere a la inflación, la variación anual del IPC se ha vuelto a situar levemente por sobre el rango meta, en forma transitoria, y las proyecciones para los próximos meses se han ajustado levemente al alza. Sin embargo, señala, los indicadores de tendencia continúan mostrando una convergencia hacia los valores centrales del rango meta en el mediano plazo, y las expectativas permanecen ancladas. Los costos laborales exhiben tasas de variación más altas que en el pasado, pero ello es concordante con la evolución de la inflación y la actividad interna. En todo caso, le parece que los incrementos observados permanecen acotados. Asimismo, menciona el señor Consejero, que el peso chileno ha exhibido en promedio una moderada depreciación. En suma, el escenario económico no ha experimentado cambios importantes y, por tanto, lo que corresponde es seguir aplicando la estrategia de gradual normalización de la política monetaria. Agrega el Consejero, señor Marshall, que la ejecución de esta política debe considerar, necesariamente, la secuencia de los ajustes a través del tiempo. Por ello, un antecedente muy importante en esta oportunidad, son las dos pausas consecutivas efectuadas en diciembre y enero pasados. Señala también, que el mercado espera que el Banco Central prosiga con sus ajustes a las tasa de interés, y que efectúe 4 ó 5 alzas de 25 puntos base cada una, en el curso del año. En lo que se refiere a esta reunión, el mercado espera mayoritariamente un alza de 25 puntos base. Menciona también, que se debe tener en cuenta que, con la reciente decisión adoptada por la Reserva Federal de los Estados Unidos de América, la tasa de interés en dicho país ha quedado al mismo nivel que la tasa de política monetaria de Chile. Señala que con todos estos antecedentes, estima que la opción de subir la tasa en 25 puntos base es la que merece ser atendida. En tal sentido, coincide con lo señalado en la Minuta de la Gerencia de División Estudios. En su opinión, la decisión adoptada en enero pasado tenía plena validez en el Si la opción fuese mantener la tasa en su actual nivel por tercer mes consecutivo, estima que se asumirían riesgos mas allá de lo recomendable, se entregaría una señal equívoca sobre la estrategia en curso y ello podría afectar las expectativas del mercado. Así, podrían verse enfrentados a la necesidad de acelerar bruscamente el proceso de normalización, en los próximos meses. Indica, que tampoco le parece plausible la opción de subir la tasa en más de 25 puntos base en procura de acotar determinados riesgos, porque ello implicaría en buena medida abandonar la actual estrategia de normalización gradual, y entregaría al mercado una señal que, en su opinión, no se condice con el conjunto de antecedentes disponibles. En virtud de lo señalado, vota por subir la tasa de política monetaria en 25 puntos base.",0.918380
RPM-2006-02-09:593:1,RPM-2006-02-09,2006-02-09,2006,José De Gregorio Rebeco,Vicepresidente del Banco Central,hawkish,0.8801211836049385,0.9293752101695818,0.049254026564643234,0.021370763265774997,0.9949178603980485,unanime,mercados_financieros,mercados_financieros,"De hecho, la coyuntura de nuestras dos últimas reuniones, sugirió que era apropiado realizar pausas, y es así como la tasa de política monetaria se ha mantenido en Sin embargo, señala que la dirección de la política monetaria no ha cambiado, y a su juicio, debe seguir el curso de ir aumentando gradualmente la tasa de interés, lo que se argumentó precisamente en el último informe de política monetaria.","El Vicepresidente, señor José De Gregorio, señala que el Banco Central de Chile inició un proceso de ajuste gradual de la tasa de política monetaria en septiembre del año 2004, producto del positivo ciclo de actividad con sus consecuencias inflacionarias. Este proceso ha tenido por objetivo mantener ancladas las perspectivas inflacionarias en torno al centro del rango meta, en un horizonte de 12 a 24 meses. La evolución de la inflación así como sus perspectivas actuales, demuestran que este proceso ha sido exitoso, y ha permitido que la economía crezca de manera balanceada, en un contexto de estabilidad de precios. Por su parte, indica el señor Vicepresidente, que el compromiso antinflacionario en conjunto con un tipo de cambio flotante, han evitado aumentos excesivos e insostenibles del nivel de actividad que terminen en procesos de ajustes severos, los que impondrían costos desmedidos de actividad para cumplir con la meta inflacionaria. Señala, que una característica importante de este ajuste ha sido que contempla pausas, en la medida que se va retirando el impulso monetario y se aproxima a la tasa neutral, de cuyo nivel exacto naturalmente existe incertidumbre, pero ciertamente, estima que es mayor que la tasa actual. De hecho, la coyuntura de nuestras dos últimas reuniones, sugirió que era apropiado realizar pausas, y es así como la tasa de política monetaria se ha mantenido en Sin embargo, señala que la dirección de la política monetaria no ha cambiado, y a su juicio, debe seguir el curso de ir aumentando gradualmente la tasa de interés, lo que se argumentó precisamente en el último informe de política monetaria. Hace presente, que la evolución de la actividad económica, no ha mostrado sorpresas significativas que hagan variar nuestro escenario base. La economía mundial sigue creciendo con vigor, la actividad interna también, y más allá de vaivenes en la inflación del IPC las diversas medidas de inflación subyacente están contenidas dentro del rango meta al igual que sus proyecciones para el futuro cercano. Sin embargo, la evolución de la inflación y el cumplimiento de la meta contemplan una política monetaria que seguirá reduciendo su grado de expansividad, por lo tanto le parece prudente que este mes se siga subiendo la tasa de interés. Lo más probable es que los ajustes de la tasa de política monetaria no ocurran con la velocidad del segundo semestre del año pasado, lo que el mercado ha internalizado, por lo que se debe seguir con la estrategia de normalización de la política monetaria y una pausa de dos meses, le parece más que razonable. Agrega que en su opinión extender esta pausa podría dar señales muy confusas sobre nuestra política y al mismo tiempo podría requerir de ajustes más rápidos en el futuro. Por otra parte, la evolución de las tasas largas indicaría la necesidad de dar una señal que la normalización continúa y de no ser así se estaría arriesgando mantener condiciones financieras muy expansivas, las que podrían inducir presiones inflacionarias indeseadas. Es por ello, que cree que la mejor opción es subir la tasa de política monetaria en 25 puntos base y, en consecuencia, vota en tal sentido.",0.916212
RPM-2006-05-11:674:1,RPM-2006-05-11,2006-05-11,2006,Vittorio Corbo Lioi,Presidente del Banco Central,hawkish,0.851750351986505,0.8850926206496188,0.03334226866311388,0.08156511068726738,0.9925715600956583,unanime,acuerdo_comunicado,acuerdo_comunicado,"En el frente interno, de acuerdo a lo esperado, la demanda modera su crecimiento a partir de los elevados valores alcanzados a fines del año pasado, especialmente, en lo que se refiere a la inversión, y el crecimiento de la actividad se aproxima hacia valores de tendencia.","El Presidente señor Vittorio Corbo, señala que el entorno externo continúa muy favorable, con una economía mundial que sigue mostrando un gran dinamismo en forma cada vez más generalizada y condiciones financieras que se mantienen auspiciosas, a pesar del progreso en la normalización de la política monetaria en las principales economías industriales. Agrega, que los precios del cobre siguen marcando récord y los del petróleo se mantienen altos. En el frente interno, de acuerdo a lo esperado, la demanda modera su crecimiento a partir de los elevados valores alcanzados a fines del año pasado, especialmente, en lo que se refiere a la inversión, y el crecimiento de la actividad se aproxima hacia valores de tendencia. Sin embargo, en los meses recientes, la actividad crece algo por debajo de lo proyectado, debido especialmente a problemas puntuales de oferta en algunos sectores primarios. Señala el señor Presidente, que en contraste, el empleo sigue mostrando un importante dinamismo. Señala que aunque las condiciones financieras continúan siendo expansivas, su expansividad se ha atenuado en el margen, por el aumento en las tasas de interés de mediano y largo plazo, especialmente, para los instrumentos reajustables. Sin embargo, estima que la tasa de crecimiento del crédito sigue alta, aunque su velocidad se ha estabilizado. En el frente inflacionario, la inflación anual del IPC sigue afectada por los altos precios de los combustibles, y últimamente por las contribuciones, mientras que la inflación del IPCX1 sigue en línea con las proyecciones previas. De otra parte, las distintas medidas de expectativas de inflación se mantienen ancladas en torno al 3% anual. Hace presente, el señor Presidente, que con las proyecciones del IPoM de mayo, que este año y el próximo la actividad crecerá más que el PIB de tendencia, las holguras de capacidad se coparían este año mientras que el próximo habría una brecha positiva. En estas circunstancias, le parece que la política monetaria tiene que seguir su curso de normalización para que la inflación proyectada en un horizonte de 12 a 24 meses, converja al centro del rango meta. Del curso final que tome la inflación proyectada, la política monetaria dependerá de una serie de factores, los cuales se tienen que ir clarificando en los próximos meses. Entre estos factores, el señor Presidente destaca la evolución del precio del cobre, la tendencia de los costos laborales unitarios, precios de los combustibles, tipo de cambio y brechas de capacidad. Señala el señor Presidente, que como no hay noticias relevantes, excepto el abrupto aumento en el precio del cobre, en lo que se refiere a estas variables y dado el progreso ya observado en la reducción de la expansividad de la política monetaria hay espacio para hacer una pausa en el proceso de normalización, a la espera de nueva información. Además, estima que el mercado también espera una pausa. Por lo anterior, su voto es por mantener la tasa de política en 5.0%.",0.915994
RPM-2006-01-12:559:1,RPM-2006-01-12,2006-01-12,2006,Klaus Schmidt-Hebbel Dunker,Gerente de Investigación Económica,hawkish,0.7856723014409447,0.8417092070769516,0.056036905636006974,0.10225388728704136,0.9932308049133555,unanime,apertura_cierre,otros,"Indica, que cabe consignar que todavía la distancia entre la tasa de política monetaria actual y la tasa de política monetaria neutral estimada por el Banco excede de 250 puntos base, en una coyuntura en la cual la distancia entre el producto efectivo y el potencial es cercana a cero.","El Gerente de Investigación Económica, señor Klaus Schmidt-Hebbel, señala que, en relación a la reunión de diciembre de 2005 se han observado novedades significativas. Primero, en las condición externas, se revisó al alza el crecimiento mundial y de los socios comerciales; segundo, aumentó el precio de los dos commodities más importantes para Chile; tercero, se redujo el costo del financiamiento externo en forma importante, reflejado en el traslado casi horizontal de la curva de rendimiento de Estados Unidos de América y de la zona Euro, de entre 30 puntos base y 50 puntos base. Respecto de segundos momentos o riesgos externos, disminuyó el riesgo de aterrizaje brusco de los mercados financieros internacionales, por el déficit en cuenta corriente de los Estados Unidos de América, y, no obstante el alza de las proyecciones del nivel del precio del cobre para 2006-2007, existe un mayor riesgo de adicionales alzas futuras. Estas novedades externas se complementan con similares novedades positivas en lo interno. Primero; se deshizo el temor de una caída brusca en actividad y crecimiento, vale decir, ahora se percibe que el “soft patch” en crecimiento agregado e industrial tuvo un componente temporario más elevado de lo anticipado previamente, lo que quedó parcialmente reflejado en un alza en la proyección de crecimiento para el cuarto trimestre de 2005, desde un 5,1% a un 5,6%. Con ello se reafirma la proyección de crecimiento para 2006, en una estimación punto de 5,75% (en el IPoM). Estas estimaciones y proyecciones del PIB efectivo, consistentes con una proyección de crecimiento del PIB potencial en torno a 5%, implican que la brecha de producto se está tornando de negativa a positiva (en el algún momento de 2006), a un ritmo de un punto porcentual por año. Segundo; se agrega la depreciación del TCR efectivo de 2.8% (no obstante los continuos aumentos en el precio del cobre durante el último mes) desde la última Reunión de Política Monetaria. Tercero; hace presente la sorpresa de incrementos inesperados en el volumen de ventas de viviendas. Cuarto; siguiendo meses anteriores de sorpresas en la misma dirección, nuevamente los agregados crediticios y los agregados monetarios presentan tasas de crecimiento inesperadamente elevadas, lo que constituye condiciones monetarias muy expansivas por el lado de los quantum, que complementan los condiciones también muy expansivas por el lado de los precios financieros y las tasas de interés, que contribuirán a sostener un fuerte crecimiento del gasto agregado en el 2006. Quinto; agrega, que las proyecciones de inflación para el horizonte de política son - en promedio y para las distintas medidas del IPC total y subyacente en distintos plazos - muy cercanas a 3%, proyecciones que son consistentes con el alza en la tasa de política monetaria desde el nivel de esta mañana, en 4,5%, hasta un 7,3% en el año 2008. Sexto; las proyecciones de corto y mediano plazo de medidas alternativas de inflación están en un rango entre 2,8% a 4,5%. Séptimo; se mantiene (no disminuye) la significativa tasa de crecimiento del empleo asalariado, no obstante la caída del empleo por cuenta propia, pero este guarismo, consensuadamente se está descontado por el alto componente de ruido que presenta esta variable. Al mismo tiempo se observa un aumento del costo de la mano de obra a aproximadamente 6%, sin precedentes en los últimos 6 a 7 años. Finalmente, señala que se han observado aumentos en distintas medidas de expectativas de inflación y compensaciones por inflación, incluyendo las observadas en las últimas 48 horas, hacia niveles que están convergiendo, desde abajo, nuevamente al 3%. Indica, que cabe consignar que todavía la distancia entre la tasa de política monetaria actual y la tasa de política monetaria neutral estimada por el Banco excede de 250 puntos base, en una coyuntura en la cual la distancia entre el producto efectivo y el potencial es cercana a cero. Señala el señor Gerente de Investigación Económica, que el escenario central de proyecciones del Banco Central (reflejado también en el IPoM), supone un alza de 127 puntos base en la tasa de política monetaria, entre el primer trimestre de 2006 y el primer trimestre de 2007, lo que implica exactamente cinco alzas en la tasa de política monetaria en los siguientes doce meses, incluyendo la eventual decisión que se adopte en esta reunión. La proyección anterior se puede comparar con la tasa forward a 12 meses, cuyo último valor (6-10 de enero) está en un valor de 5,97%, lo que supone seis alzas de tasas en los siguientes doce meses, incluyendo la decisión que eventualmente se tome en esta ocasión. Finalmente le parece muy importante señalar que, después de una sucesión de cinco alzas de la tasa de política monetaria hasta el mes de noviembre 2005, se hizo una pausa en diciembre de 2005. Seguir ahora con una segunda pausa implicaría transmitir al público y a los mercados que el escenario central y las novedades han empeorado significativamente o transmitir la información que el Banco Central ha cambiado su función de política monetaria Además, una segunda pausa en la normalización de la política monetaria sería inconsistente con las expectativas mayoritarias del mercado. Concluye el Señor Schmidt-Hebbel manifestando que, a la luz de lo expuesto, es aconsejable que se proceda a un alza de 25 puntos base en la tasa de política monetaria.",0.877601
RPM-2006-05-11:660:2,RPM-2006-05-11,2006-05-11,2006,Igal Magendzo Weinberger,Gerente de Análisis Macroeconómico,hawkish,0.7693646042617822,0.817118180617624,0.047753576355841765,0.13512824302653423,0.998074443740431,unanime,acuerdo_comunicado,acuerdo_comunicado,"A la vez, mientras Estados Unidos de América parece estar cerca de completar su ciclo de normalización de la política monetaria, aumentan las expectativas de mercado respecto de alzas en las tasas de interés de corto plazo en la Zona Euro y Japón, reflejo del mayor crecimiento en estas regiones y su eventual impacto en la inflación.","El señor Magendzo, señala que la economía chilena continúa en un ciclo expansivo y relativamente ordenado, con condiciones externas especialmente favorables, en particular con términos de intercambio muy elevados por precios récord del cobre. El crecimiento de la actividad y de la demanda interna transita gradualmente hacia valores de tendencia, mientras las holguras de capacidad se copan progresivamente. Agrega, que pese al fuerte aumento en el precio internacional del petróleo, el actual ciclo expansivo no ha comprometido la estabilidad de precios, aunque sí involucra una inflación del IPC transitoriamente algo mayor. En los últimos meses, la inflación anual del IPC fluctuó en torno a 4% y la inflación subyacente IPCX1 se aproximó a 3%, ambas en línea con las proyecciones previas. Las expectativas de inflación se mantienen bien ancladas en 3%. Este escenario ha permitido que la normalización de la política monetaria continúe a un ritmo pausado, manteniéndose en la actualidad un sesgo expansivo que, en el escenario más probable, se espera seguir reduciendo, para asegurar la convergencia de la inflación a 3% dentro del horizonte habitual de proyección. Indica, que la oportunidad de estos ajustes dependerá de las implicancias de las noticias de actividad, tipo de cambio, salarios y precios, sobre la trayectoria proyectada de la inflación. Hace presente, que el panorama externo es excepcionalmente favorable para la economía chilena. El crecimiento mundial sigue dinámico, con un mayor equilibrio entre las distintas zonas económicas. Los términos de intercambio de Chile mejoran de la mano de los precios de productos básicos que, a diferencia de lo esperado, han seguido aumentando. El precio del cobre, por su parte, está en torno a US$ 3,5 la libra, tras alzas sustanciales en las últimas semanas, cuya magnitud y velocidad no son fáciles de conciliar con cambios recientes y esperados en los fundamentos de demanda y oferta. El precio del petróleo, también siguió aumentando, tanto por la fortaleza de la demanda mundial como por la mayor prima por riesgo frente a eventuales problemas geopolíticos. Las condiciones financieras para las economías emergentes se mantienen favorables, pese a las alzas significativas de las tasas de interés de largo plazo en las economías desarrolladas. A la vez, mientras Estados Unidos de América parece estar cerca de completar su ciclo de normalización de la política monetaria, aumentan las expectativas de mercado respecto de alzas en las tasas de interés de corto plazo en la Zona Euro y Japón, reflejo del mayor crecimiento en estas regiones y su eventual impacto en la inflación. Internamente, el Consejo del Banco Central ha continuado con el proceso de reducción gradual del estímulo monetario iniciado en la segunda parte del 2004, aumentando la Tasa de Política Monetaria (TPM), desde el último IPoM, en dos ocasiones, con lo que se ubica en 5%. En todo caso, se estima que la TPM aún se encuentra por debajo de niveles neutrales. El costo del financiamiento a hogares y empresas refleja paulatinamente el ajuste de la TPM, con tasas de interés de mercado del orden de 50 a 100 puntos base por sobre el promedio del año anterior. Asimismo, el crecimiento de los volúmenes de crédito sigue a tasas elevadas, aunque ya no se aprecia una aceleración. Los agregados monetarios estabilizan su tasa de incremento anual en niveles relativamente altos, luego del aumento de fines del 2005. Indica el señor Magendzo, que el peso ha fluctuado en los últimos meses, aunque comparado con el valor nominal vigente al cierre del IPoM de enero, no muestra una variación importante. Agrega, que tomando como referencia el promedio de las últimas dos semanas previas al cierre estadístico del Informe de Política Monetaria, se estima que el peso se ubicaría, actualmente, en niveles marginalmente por debajo de varias estimaciones para el tipo de cambio real coherentes con sus determinantes fundamentales de largo plazo, en particular los términos de intercambio. Como supuesto metodológico para las proyecciones del Informe de Política Monetaria, se considera una depreciación moderada del peso en términos reales en el horizonte de proyección, en línea con el escenario base de normalización gradual de las condiciones externas. Menciona el señor Gerente, que en el primer trimestre del año la demanda interna se enmarcó en un escenario de desaceleración, coherente con lo previsto en enero. Las proyecciones del Informe de Política Monetaria suponen que la política fiscal sigue enmarcada en la regla de superávit estructural, con un aumento en los valores de referencia del precio del cobre para el 2007, en línea con la evaluación que los elevados precios actuales no serían duraderos. La expansividad de la política fiscal dependerá, entre otros factores, del precio de referencia que finalmente se determine. Los escenarios para la inflación que se entregan a través de los gráficos de abanico, contemplan varias opciones para este precio de referencia, que resulta clave para proyectar las distintas variables macroeconómicas. Indica, que también surge como relevante, dados los montos involucrados, el efecto que los mayores ingresos provenientes de las ventas de cobre puedan tener en la valoración del peso en el corto plazo. La forma en que sean manejados, tanto respecto de su destino como su denominación, puede tener efectos sobre la economía local. La política anunciada por la autoridad fiscal, referida al manejo de estos excedentes ayuda a disminuir estos efectos. En todo caso, cabe señalar que, con una política fiscal menos austera, la apreciación del peso sería aún mayor. Señala el señor Magendzo, que el valor de las exportaciones alcanzó niveles récord en el primer trimestre del 2006, principalmente, por el alto precio del cobre. A ello se sumó que el volumen de envíos mineros revirtió las caídas anuales de gran parte del 2005. Agrega, que en cuanto a los envíos industriales, su volumen siguió dinámico, mientras el de los envíos agrícolas reflejó el impacto negativo de fenómenos climáticos del 2005 en la producción frutícola. Las importaciones están en niveles similares a los de fines del año pasado. La cuenta corriente cerró el 2005 con un superávit en torno a medio punto porcentual del PIB. Para el año 2006, se proyecta la existencia de un superávit mayor al del 2005. El PIB creció 6,3% en el 2005, similar a lo estimado en enero. En el primer trimestre del 2006 aumentó a una tasa menor, en torno a 5%, afectado por eventos puntuales en sectores específicos. La actividad agrícola cayó en términos anuales tanto por factores de tipo climático, como por elementos vinculados a la transición que parece estar ocurriendo en ciertos cultivos tradicionales. Así, medida por su velocidad de expansión instantánea, la actividad sufrió una desaceleración en el primer trimestre, que sería revertida en el cuarto en curso. Para el año 2006 en su conjunto se sigue esperando una expansión algo mayor a la tendencia. Esto supone que el crecimiento del segundo semestre sea considerablemente mayor al del primero, y que la desaceleración del primer trimestre fue puntual. Para el año 2007, se estima que el PIB crecería temporalmente por sobre su tendencia. Las escasas holguras de capacidad que se estima aún persisten terminarían de cerrarse en el 2006, con brechas levemente positivas en el resto del horizonte de proyección. Hace presente el señor Gerente de Análisis Macroeconómico, que el panorama global del mercado laboral muestra algunos cambios respecto de comienzos de año, destacando el sostenido incremento de la ocupación asalariada y el repunte de la participación laboral. En este contexto, la medida disponible de productividad del trabajo se desaceleró significativamente en los primeros meses del año, aunque no es evidente que sea un fenómeno de tendencia. Las remuneraciones nominales por hora han disminuido su tasa de crecimiento anual, tal como era de esperar una vez que saliera de la base de comparación el impacto de la reducción de la jornada laboral de comienzos del año 2005. Los costos laborales unitarios crecen a tasas anuales superiores a la de fines del 2005, aunque con velocidades de expansión que, de acuerdo con lo esperado, disminuyen. Cuánto de la mayor variación anual de los costos laborales responde a presiones genuinas de u Las distintas medidas de expectativas de inflación se mantienen bien ancladas en torno a 3%. La compensación inflacionaria a dos, cinco y diez años se ubican en promedio en torno a 3,0%, lo mismo que las expectativas de inflación informadas en la encuesta de expectativas económicas a 12 y 24 meses. Esto difiere de episodios previos de aumento del precio del petróleo en pesos, en que las expectativas de inflación tendían a incrementarse, al menos temporalmente. Durante el primer cuatrimestre, la inflación subyacente IPCX1 fue similar a la considerada en enero. La inflación mensual de IPC estuvo en gran parte determinada por los cambios en el precio de los combustibles. Así, la inflación anual del IPC, más allá de los vaivenes mes a mes, osciló en torno a 4%, en el primer cuatrimestre del año 2006. En el corto plazo, la inflación subyacente IPCX1, aunque con vaivenes, se mantendrá en niveles similares a los actuales. Durante el año 2007 y comienzos del año 2008, estará marginalmente por sobre 3%, dado un crecimiento transitoriamente superior al de tendencia en el año 2007 y, por el efecto del leve aumento del tipo de cambio real que supone el escenario base. La inflación IPC, en tanto, se estima se reducirá paulatinamente hacia valores incluso por debajo de 3% a fines del tercer y comienzos del cuarto trimestre del 2006, en parte importante por la alta base de comparación de igual período del 2005. En los últimos meses del año volvería a aumentar transitoriamente a cifras por encima de 3% anual, para luego mantenerse en torno al centro del rango meta hasta fines del horizonte de proyección. El mayor precio esperado para el petróleo en el escenario base, tiene su principal impacto sobre la inflación en el año 2006. Aunque más lentamente que en Informes de Política Monetaria anteriores, se espera una convergencia de este precio a niveles considerados de largo plazo, lo que lleva a una inflación del IPC menor que la del IPCX e IPCX1 el año 2007 y principios del año 2008. Este escenario es congruente con el supuesto metodológico que el impulso monetario declina gradualmente en los próximos trimestres, con una trayectoria comparable a la implícita en la estructura de tasas de interés de las últimas dos semanas.",0.864310
RPM-2006-02-09:589:2,RPM-2006-02-09,2006-02-09,2006,Esteban Jadresic Marinovic,Gerente de División Operaciones Financieras,hawkish,0.7701141908531834,0.8270539481536074,0.05693975730042394,0.11600629454596853,0.9716998510650509,unanime,inflacion,inflacion,"Ese ritmo fue interrumpido por el riesgo de inflación que se vivió la segunda mitad del año pasado, pero hoy la economía evoluciona de una manera parecida a lo que se tenía antes de enfrentarse a ese riesgo inflacionario y que finalmente, debe considerarse que la inflación subyacente se ha ubicado por encima de lo esperado.","El Gerente de Operaciones Financieras, don Esteban Jadresic, señala que concuerda con la recomendación que hace la Gerencia de División Estudios. Más allá de la incertidumbre que exista sobre la tasa neutral y que el momento de discutir ese nivel de a poco se va acercando, señala que la tasa de política monetaria sigue estando por debajo de ese nivel. Asimismo, agrega que con las dos pausas de los últimos meses ya se ha recuperado razonablemente el ritmo de normalización de la política monetaria que se había proyectado. Ese ritmo fue interrumpido por el riesgo de inflación que se vivió la segunda mitad del año pasado, pero hoy la economía evoluciona de una manera parecida a lo que se tenía antes de enfrentarse a ese riesgo inflacionario y que finalmente, debe considerarse que la inflación subyacente se ha ubicado por encima de lo esperado.",0.861744
RPM-2007-06-14:1306:1,RPM-2007-06-14,2007-06-14,2007,Jorge Desormeaux Jiménez,Consejero,hawkish,0.8649647260392109,0.9055818583444253,0.04061713230521439,0.05380100935036025,0.9954287935562187,unanime,acuerdo_comunicado,acuerdo_comunicado,"Agrega el señor Consejero, que no le cabe ninguna duda que las mayores presiones inflacionarias futuras que se han comentado, que resultan tanto de alzas de precios específicos, como de un cierre más rápido de las holguras, conducirán a una modificación de la trayectoria óptima de la tasa de política monetaria, adelantando su normalización.","El Consejero señor Jorge Desormeaux señala que también quiere agradecer el trabajo del staff del Banco en la preparación de los antecedentes para esta Reunión de Política Monetaria, así como los valiosos comentarios que se han entregado. Menciona el señor Consejero que los antecedentes para esta reunión, tal como han señalado quienes le antecedieron, muestran importantes cambios en el escenario interno como en el externo, en relación a las dos reuniones previas. En el plano externo, indica el señor Desormeaux, se ha comentado que sobresale un desempeño mejor a lo esperado en la economía de los Estados Unidos de América, mientras que el dinamismo en el resto del mundo se mantiene inalterado, lo que ha incrementado el riesgo inflacionario y ha dado lugar a aumentos significativos en las tasas de interés de largo plazo en el mundo desarrollado. Agrega que en el plano externo también se prevé que la normalización de los precios de los combustibles refinados será más gradual de lo estimado previamente. Menciona que estos dos desarrollos tienen claras consecuencias sobre la inflación interna. Comenta el Consejero señor Desormeaux, que en el plano nacional la economía muestra un mayor crecimiento de la actividad y particularmente del gasto en relación a lo proyectado. Agrega que tal como señala el informe de la Gerencia de División Estudios, el riesgo de un mayor dinamismo del consumo parecería estar materializándose, lo que sucede en el marco de condiciones monetarias y crediticias que si bien se han moderado en el margen, continúan siendo expansivas. Le parece que otro factor que puede afectar las perspectivas de la inflación futura son los anuncios presidenciales del 21 de mayo, en relación a la flexibilización de la regla fiscal; pero que no solo han aumentado las perspectivas de la inflación futura, puesto que la inflación también ha sorprendido al alza en el corto plazo, a raíz del impacto de la subida de precios de bienes específicos como el caso del rubro salud, alimentos y combustibles. Señala el señor Consejero que estos factores contribuirán, en opinión de la Gerencia de División Estudios, en aproximadamente medio punto porcentual adicional a la inflación del IPC hacia fines de este año. Estos desarrollos, tanto en el plano interno como externo, han dado lugar, como se ha comentado, a un desplazamiento de 20 a 50 puntos base en la estructura de tasas de interés. Dado el mayor incremento que han registrado las tasas de interés nominales en relación a las reajustables, se ha producido un aumento de la compensación inflacionaria forward, la que en todo caso, sigue centrada en torno a 3% en sus mediciones de mediano y largo plazo. Como resultado de todo lo anterior, señala el señor Desormeaux, el mercado ha modificado sus expectativas sobre el curso futuro de la Tasa de Política Monetaria, esperando hoy día entre 2 y 3 alzas de 25 puntos base en lo que resta de este año. Con estos antecedentes, estima que las únicas opciones a considerar en la reunión de hoy, evidentemente son un aumento de 25 puntos base, o la mantención de la Tasa de Política acompañada, en su opinión, de un cambio en el sesgo de la política. Agrega el señor Consejero, que no le cabe ninguna duda que las mayores presiones inflacionarias futuras que se han comentado, que resultan tanto de alzas de precios específicos, como de un cierre más rápido de las holguras, conducirán a una modificación de la trayectoria óptima de la tasa de política monetaria, adelantando su normalización. Estima que no cabe hacerse muchas ilusiones acerca de la persistencia de estas presiones, aunque se disponga hoy todavía de pocas observaciones. Sin embargo, también cree que el proceso de normalización de la Tasa de Política Monetaria no necesariamente debe iniciarse en la reunión de hoy; lo anterior por varias razones, algunas de las cuales ya han sido expuestas en esta ocasión. En primer lugar y muy importante, menciona el señor Desormeaux que el alza que han evidenciado las tasas de interés de mediano y largo plazo en el mercado, han contribuido significativamente en la tarea de reducir la expansividad de las condiciones monetarias y financieras. En segundo lugar, cree que ello ocurre en el marco de expectativas de inflación que se mantienen ancladas en el mediano y largo plazo. En tercer lugar, señala que el mercado espera mayoritariamente la mantención de la Tasa de Política Monetaria en el día de hoy, y un alza podría dar cuenta de un exceso de activismo por parte del Banco Central de Chile y exacerbar la volatilidad de las tasas de mediano y largo plazo. Sin embargo, considera que para no arriesgar un eventual desanclaje de expectativas, especialmente si se exacerban algunas de estas tendencias, el Comunicado de esta reunión debe dar cuenta de un cambio en el sesgo de la política, abandonando explícitamente el sesgo neutral, en favor de un sesgo al alza. El Consejero señor Desormeaux vota en consecuencia, por la mantención de la Tasa de Política Monetaria en 5,0%.",0.918662
RPM-2007-09-13:1468:1,RPM-2007-09-13,2007-09-13,2007,Vittorio Corbo Lioi,Presidente del Banco Central,hawkish,0.8660913424352057,0.8980949518911254,0.03200360945591972,0.06990143865295488,0.9893135176861352,unanime,decision_tpm,decision_tpm,"Sin embargo, indica el señor Presidente, que con el deterioro de los mercados financieros internacionales y el resultante aumento en el riesgo a la baja en el crecimiento mundial, lo más prudente en esta ocasión es condicionar el curso futuro de la política monetaria a la evolución de la economía internacional y sus implicancias para la inflación proyectada.","El Presidente señor Vittorio Corbo agradece el análisis del staff y menciona que la inflación anual del IPC se ha incrementado por sobre el 4%, debido a shocks inesperados en precios de alimentos y de combustibles. Shocks estos últimos que se han incrementado en el margen, especialmente por alzas adicionales en los precios de alimentos perecibles y de los combustibles. En paralelo, las distintas medidas de tendencia inflacionaria han seguido aumentando y algunas ya se ubican en torno al 4% anual. Señala que las condiciones financieras internas siguen favorables y los costos laborales toman más dinamismo. En el lado de la demanda, los indicadores parciales de consumo y de inversión mantienen un importante dinamismo y a pesar de la volatilidad habitual de los datos mensuales, las últimas cifras de actividad son consistentes con el escenario base del IPoM. Indica el señor Presidente que los desarrollos en el entorno externo han estado dominados por la intensificación de los problemas en los mercados monetarios y crediticios de los países industriales, desatados a partir de la crisis del mercado hipotecario subprime. Aunque evaluaciones de su extensión y sus eventuales consecuencias en las economías reales son aún prematuras, se argumenta que sus efectos en el crecimiento de Estados Unidos y de la economía mundial, no serían marginales. En el caso de Estados Unidos, la transmisión sería a través de una profundización del ajuste en la construcción de viviendas, menor dinamismo del consumo privado, y una más aguda restricción crediticia. El resto del mundo sufriría los efectos del menor crecimiento de Estados Unidos, de mayores primas por riesgo y una mayor restricción crediticia. En contraste, hasta ahora los precios de los productos primarios no han sido mayormente afectados por las turbulencias financieras, e incluso el precio del petróleo alcanza niveles de precio récord en dólares. Agrega el Presidente señor Corbo que con una inflación por encima del límite superior del rango de tolerancia, con un nivel de producto que prácticamente no difiere del producto de tendencia, con un crecimiento proyectado del PIB por encima del crecimiento de PIB de tendencia, y con proyecciones de inflación anual que continuarían aumentando en los próximos meses, sigue siendo necesario evitar una eventual propagación no habitual de esta alza en la inflación anual a otros precios y a las expectativas de inflación de mediano y largo plazo. Señala el señor Presidente que el reciente IPoM proyecta que en el escenario más probable será necesario continuar reduciendo el estímulo monetario, especialmente en el horizonte cercano, para que la inflación se mantenga en 3% en el horizonte de política. Por lo anterior, lo más adecuado es subir la tasa de política monetaria en 25 puntos base. Sin embargo, indica el señor Presidente, que con el deterioro de los mercados financieros internacionales y el resultante aumento en el riesgo a la baja en el crecimiento mundial, lo más prudente en esta ocasión es condicionar el curso futuro de la política monetaria a la evolución de la economía internacional y sus implicancias para la inflación proyectada. Por lo anterior, el Presidente señor Vittorio Corbo señala que su voto es por un aumento de 25 puntos base en la Tasa de Política Monetaria.",0.915568
RPM-2007-09-13:1469:1,RPM-2007-09-13,2007-09-13,2007,Consejo del Banco Central de Chile,Consejo,hawkish,0.8407812925261627,0.8894291391358358,0.048647846609673015,0.061923014254491204,0.9938084763140201,unanime,acuerdo_comunicado,acuerdo_comunicado,"En su reunión mensual de política monetaria, el Consejo del Banco Central de Chile, por unanimidad de sus miembros, acordó aumentar la Tasa de Interés de Política Monetaria en 25 puntos base, a 5,75% anual.","En mérito de lo anterior, el Consejo adopta el siguiente Acuerdo: 113-01 -070913 - Tasa de Política Monetaria. En su reunión mensual de política monetaria, el Consejo del Banco Central de Chile, por unanimidad de sus miembros, acordó aumentar la Tasa de Interés de Política Monetaria en 25 puntos base, a 5,75% anual. Comunicado “En su reunión mensual de política monetaria, el Consejo del Banco Central de Chile acordó aumentar la Tasa de Interés de Política Monetaria en 25 puntos base, a 5,75% anual. Esta decisión es necesaria para que el alza de la inflación anual de estos meses sea efectivamente transitoria y la inflación proyectada en torno a dos años se mantenga en 3%. Aunque el panorama externo relevante para la economía chilena sigue, en general, siendo positivo, han aumentado los riesgos de escenarios adversos. En efecto, en las últimas semanas los problemas en los mercados financieros internacionales se han intensificado. En otro plano, el precio del cobre se mantiene elevado, el del petróleo ha continuado aumentando y los precios de varios productos alimenticios siguen altos. En el ámbito interno, más allá del desempeño de algunos sectores específicos, la información disponible sugiere que la actividad sigue dinámica. El crecimiento de las importaciones indica que la demanda interna continuaría expandiéndose con relativa fuerza en el tercer trimestre. El empleo asalariado continúa aumentando y las condiciones financieras internas se mantienen favorables. La inflación anual del IPC se ha elevado por encima de 4%, afectada por una profundización de los inusuales aumentos de los precios de algunos alimentos, tanto perecibles como no perecibles. Estos últimos también han contribuido a incrementar la inflación subyacente IPCX1 (que excluye combustibles, perecibles y algunos servicios regulados). Las medidas alternativas de la tendencia inflacionaria se ubican por sobre 3% y la tasa de crecimiento de los costos laborales ha aumentado. Las expectativas de inflación dan cuenta de un panorama comparable al del último Informe de Política Monetaria, ubicándose en niveles elevados para el corto plazo y cerca de 3% a plazos más largos. El Consejo estima oportuno señalar que la trayectoria futura de la TPM dependerá de la nueva información que se acumule y de sus implicancias sobre la inflación proyectada. De particular importancia para esto será el desarrollo del escenario internacional, la eventual propagación de los recientes shocks inflacionarios a otros precios y la evolución de las brechas de capacidad”.",0.904420
RPM-2007-07-12:1349:1,RPM-2007-07-12,2007-07-12,2007,Jorge Desormeaux Jiménez,Consejero,hawkish,0.8202405619428564,0.8697088135933125,0.04946825165045608,0.08082293475623135,0.9947034347890764,unanime,mercado_laboral,mercado_laboral,"Junto a esta aceleración en el crecimiento del PIB, la economía ha sido sometida a un significativo shock sobre los precios de los alimentos y los combustibles, lo que ha afectado todas las mediciones de inflación, así como las expectativas de inflación de corto plazo.","El Consejero señor Jorge Desormeaux señala que también quiere agradecer el muy completo análisis del staff de la Gerencia de División Estudios en la preparación de los antecedentes para esta Reunión de Política Monetaria. Menciona el señor Consejero que en la pasada Reunión de Política Monetaria de junio, el Consejo optó por mantener inalterada la Tasa de Política Monetaria, introduciendo un sesgo al alza, pese a que la economía mostraba ya un dinamismo superior al proyectado y las diferentes medidas de inflación mostraban un repunte. Indica que esta decisión se basó esencialmente en la necesidad de acumular mayores antecedentes acerca de la persistencia de estos desarrollos. Señala que los desarrollos de los últimos treinta días han tendido a consolidar estas tendencias. En el plano externo, indica el señor Desormeaux, que los precios de los combustibles y de los alimentos han seguido aumentando y se prevé además que la normalización va a ser más gradual de lo que se estimaba previamente. Manifiesta que en el plano interno, la actividad ha mostrado un crecimiento superior al proyectado, lo que ha dado lugar a un cierre más rápido de las holguras de capacidad que el previsto en el IPoM de mayo pasado. El fuerte crecimiento del empleo y la reducción de las tasas de desempleo prevalecientes confirman este diagnóstico. Indica que se prevé que este cuadro se mantendrá en lo que resta del año, pese al impacto adverso que tendrá o podría tener el alza en el precio de los combustibles sobre el ingreso disponible del sector privado. Junto a esta aceleración en el crecimiento del PIB, la economía ha sido sometida a un significativo shock sobre los precios de los alimentos y los combustibles, lo que ha afectado todas las mediciones de inflación, así como las expectativas de inflación de corto plazo. Sin embargo, señala el Consejero Desormeaux las expectativas de inflación de más largo plazo siguen ancladas en 3%, lo que sugiere que el mercado considera los efectos de estos shocks como esencialmente transitorios. Señala que un elemento positivo en este cuadro es que los costos laborales se mantienen creciendo dentro de rangos acotados, lo que configura un cuadro favorable para la acción del Banco Central de Chile. Comenta el señor Consejero que los mercados financieros han reaccionado frente a este panorama de menores holguras y mayor inflación de corto plazo, elevando las tasas de interés de los instrumentos nominales, de lo cual se deduce una trayectoria más empinada para la Tasa de Política Monetaria futura esperada. Agrega que como señala el informe de la Gerencia de División Estudios, el mercado proyecta tres alzas de 25 puntos base en lo que resta de este año, y otras dos alzas en el primer semestre del año 2008. Frente a este panorama y considerando que la tasa de política monetaria se encuentra hoy lejos de la neutralidad, cree que las opciones a considerar en la reunión de hoy son un aumento de 25 puntos base o de 50 puntos base. Comenta el señor Consejero que descarta la opción de mantener inalterada la Tasa de Política Monetaria en 5%, porque ello en primer lugar, como señalaba el Consejero señor Enrique Marshall, no sería coherente con el mensaje que se entregó en la Reunión de Política Monetaria de junio y arriesgaría un desanclaje de expectativas. Manifiesta que coincide con el diagnóstico de la Gerencia de División Estudios en el sentido de que la opción más apropiada es la de aumentar la Tasa de Política Monetaria en 25 puntos base. En primer M ’ lugar, porque el grueso de la mayor inflación que se está experimentando se explica por shocks de oferta. En segundo lugar, porque las expectativas de inflación de mediano y largo plazo siguen ancladas en torno al 3%, lo que es condicional a que las tasas de política monetaria se incrementen alrededor de 125 puntos base en los próximos doce meses. En tercer lugar, es coherente con el ejercicio de actualización parcial del escenario base que se realizó para esta reunión, y que se hace cargo del cierre de holguras que está experimentando la economía. Y por último, coincide con las expectativas del mercado, que espera en forma unánime un alza de esta magnitud. Finalmente, agrega el señor Consejero que un incremento de 50 puntos base podría mal entenderse, en el sentido de reflejar una visión más negativa de la que tiene el propio mercado sobre las perspectivas inflacionarias o un riesgo manifiesto de desanclaje de expectativas. El Consejero señor Desormeaux vota en consecuencia, por un alza de la tasa de política monetaria de 25 puntos base y estima conveniente agregar la mantención del sesgo al alza que se introdujo en la reunión pasada.",0.900391
RPM-2007-09-13:1465:1,RPM-2007-09-13,2007-09-13,2007,Manuel Marfán Lewis,Consejero,hawkish,0.7951908032353519,0.861589221098571,0.06639841786321905,0.07201236103821002,0.9875202544294982,unanime,acuerdo_comunicado,acuerdo_comunicado,"En consideración a las razones expuestas, el Consejero señor Manuel Marfán señala que vota por elevar la tasa de política en 25 puntos base y propone, sugiere y apoya la idea de eliminar cualquier sesgo respecto de movimientos futuros de la tasa de política monetaria.","El Consejero señor Manuel Marfán señala que como siempre agradece el análisis del staff. Indica que en esta oportunidad el Banco se benefició con la cercanía de la entrega del último IPoM, y su análisis se centrará en las eventuales desviaciones, respecto de ese Informe y no, como es habitual, respecto de la Reunión de Política Monetaria anterior. En lo esencial, menciona el Consejero señor Marfán, el escenario base sigue siendo el más probable. Indica que la inflación de agosto fue solo marginalmente superior a la prevista en el IPoM, con sorpresas menores en perecibles y combustibles. Señala que el bajo IMACEC de julio, en tanto, tiene una explicación casuística por efecto calendario, electricidad, gas y agua y minería, y no hay un trasfondo macroeconómico preocupante, pero aún manteniendo el escenario base, la probabilidad de ocurrencia de escenarios de riesgo alternativos ha cambiado y ha cambiado más. En primer lugar, menciona el señor Consejero que los bancos de inversión ya están revisando a la baja, aunque marginalmente, sus proyecciones de crecimiento mundial; en segundo lugar, la discusión internacional actual se centra en que el ajuste de las turbulencias financieras puede ser más prolongado de lo previsto; como tercer punto indica que la forward de la tasa de política monetaria en los Estados Unidos tiene un sesgo a la baja claramente más pronunciado, especialmente para el próximo año; como cuarto punto menciona que los problemas de liquidez se han acentuado en los Estados Unidos, a juzgar por el mayor spread entre la Federal Funds Rate y la Tasa Libor a tres meses, y también, como se discutió, con algún rebote en el mercado forward chileno. Como quinto punto menciona que los efectos del flight to safety están incidiendo en el riesgo soberano chileno aunque la economía chilena continúa sólidamente como la de menor riesgo de la región. Indica el señor Marfán que estos son cinco puntos de diferencia respecto del IPoM. Agrega que paradójicamente, los precios de los commodities siguen elevados, no internalizando aparentemente, un escenario mundial más débil. Quizás la paradoja se explica porque el origen de la mayor debilidad económica internacional radicaría en Estados Unidos, mientras que la principal causa, aunque no exclusiva, de los elevados precios de commodities radica en la fortaleza del crecimiento de Asia. Con todo, el señor Consejero estima correcto pensar en un escenario alternativo de mayor debilidad de la economía mundial, más allá que correcciones marginales al escenario base, como se discutió en la reunión de la mañana. Agrega que cabe aclarar que el escenario base sigue siendo el más probable y el que debiera guiar la decisión de hoy, pero le parece prudente plantearse escenarios alternativos con una mayor desaceleración de la economía de Estados Unidos. Por todo lo anterior, el Consejero señor Manuel Marfán considera que las opciones más plausibles hoy son las de elevar la Tasa de Política Monetaria en 25 puntos base, o mantenerla. Indica que la justificación para esa segunda opción tiene que ver más con el escenario de riesgos, que con el escenario base. Por lo ya señalado, estima que lo correcto parece ser subir en 25 puntos base la Tasa de Política Monetaria en la reunión de hoy. Agrega que no se entendería una decisión distinta dado el informe que se acaba de presentar, pero considera altamente inconveniente mantener el sesgo al alza en el comunicado. A lo más, opina el señor Consejero, de consolidarse el escenario base, se debiera reintroducir el concepto de pausa, indicando que el próximo movimiento sería al alza, pero sin comprometerse con que ésta tendría lugar en la próxima reunión de política monetaria. Alternativamente, menciona el señor Marfán, de seguir aumentando la probabilidad de un escenario externo más débil, el sesgo debiera ser neutral. De entre estas alternativas comunicacionales, considera que el error de tipo dos, es decir, el costo de tomar la decisión equivocada, es más bajo, si se omite cualquier sesgo de movimientos futuros en el comunicado. En consideración a las razones expuestas, el Consejero señor Manuel Marfán señala que vota por elevar la tasa de política en 25 puntos base y propone, sugiere y apoya la idea de eliminar cualquier sesgo respecto de movimientos futuros de la tasa de política monetaria.",0.885608
RPM-2007-09-13:1466:1,RPM-2007-09-13,2007-09-13,2007,Jorge Desormeaux Jiménez,Consejero,hawkish,0.787615234198529,0.850792972482069,0.06317773828354005,0.0860292892343909,0.995942334715892,unanime,acuerdo_comunicado,acuerdo_comunicado,"En el plano de las expectativas de inflación, por otro lado, indica que no hay cambios en relación al escenario base del IPoM, esto es, las expectativas de inflación de largo plazo siguen ancladas en torno a la meta del Banco Central.","El Consejero señor Jorge Desormeaux señala que en los últimos meses el panorama inflacionario ha estado dominado por tres desarrollos, algunos en el plano interno, y otros en el plano externo. En primer lugar, menciona un mayor dinamismo de la economía que llevó a un cierre más temprano del previsto de las brechas de capacidad; en segundo lugar, señala una inflación interna más elevada de lo anticipado, asociada a aumentos significativos de precios específicos, particularmente de alimentos; y en tercer lugar, destaca un desarrollo vinculado al episodio de turbulencia que está afectando a los mercados financieros internacionales desde la última semana de julio. En las últimas semanas menciona el señor Consejero, se ha profundizado precisamente este tercer desarrollo, y la crisis en los mercados de la vivienda en Estados Unidos se ha extendido a otros sectores en la forma de condiciones crediticias menos favorables. De este modo, indica, se estaría materializando un riesgo a la baja para la actividad mundial que contemplaba el IPoM de septiembre. Agrega que ello se ha traducido, hasta ahora, en leves correcciones a la baja en las perspectivas de crecimiento de Estados Unidos en 2007 y 2008, en caídas en las tasas de interés de largo plazo, y en expectativas de tasas de política monetaria más reducidas a futuro, particularmente en los Estados Unidos de América. No obstante, agrega el Consejero señor Desormeaux, no puede descartarse que el escenario externo muestre un deterioro mayor a futuro, como lo señaló en la reunión de la mañana. En cuanto a los dos desarrollos restantes, indica que los cambios han sido menos significativos. En el plano interno agrega el Consejero señor Desormeaux, la actividad del mes de julio creció menos de lo esperado, pero en ello habrían incidido factores puntuales, tales como el efecto calendario y un menor desempeño de la minería y del sector electricidad, gas y agua. En suma, agrega, después de considerar estos factores, se mantiene vigente plenamente el escenario central de IPoM que plantea una economía sin holguras de capacidad y que crecerá a un ritmo similar a su tendencia en los próximos trimestres. Indica el señor Consejero que todo esto es condicional a una trayectoria de la Tasa de Política Monetaria que converja progresivamente a la tasa neutral, con un alza de cincuenta puntos base en lo que resta del año y otros veinticinco puntos base en 2008. Por otra parte, agrega, en el plano inflacionario la inflación del mes de agosto volvió a sorprender, superando las proyecciones privadas y las del propio IPoM, debido a sorpresas fundamentalmente en los precios de los alimentos perecibles y la gasolina. Sin embargo, estima que pese a esta sorpresa, el panorama futuro sigue encuadrado dentro del escenario base o central del IPoM, con tasas de inflación solo ligeramente más elevadas en los próximos meses. Señala que la sorpresa más bien ha venido por el lado de los costos laborales, donde pese a que se esperaba una aceleración de éstos, debido al efecto de cláusulas de indexación, algunos indicadores de costos laborales crecieron más allá de lo que puede explicarse por este factor. En el plano de las expectativas de inflación, por otro lado, indica que no hay cambios en relación al escenario base del IPoM, esto es, las expectativas de inflación de largo plazo siguen ancladas en torno a la meta del Banco Central. Con estos antecedentes, el Consejero señor Desormeaux concuerda con el diagnóstico de la Gerencia de División Estudios y de quienes le han precedido, en el sentido de que es difícil argumentar una opción diferente a la de aumentar la Tasa de Política Monetaria en 25 puntos base en la reunión de hoy. Agrega que en un marco como el actual, en que el país enfrenta un severo shock de oferta, sin holguras de capacidad, existe el evidente riesgo de que dichas alzas de precios se traspasen a otros precios y que con ello se arriesgue un desanclaje de expectativas. Menciona que como el propio escenario central del IPoM contempla un ajuste de la tasa de política monetaria similar al del mercado en los próximos meses, un ajuste de 25 puntos base en la reunión de hoy permite acotar los riesgos y ello coincide además, con las expectativas del mercado que, para esta reunión, en su gran mayoría, espera uno similar. En consecuencia, el Consejero señor Jorge Desormeaux vota por un alza de 25 puntos base en la Tasa de Política Monetaria, y apoya también la idea de reemplazar el sesgo al alza de la tasa de política en el comunicado, por uno neutral.",0.880477
RPM-2007-09-13:1459:2,RPM-2007-09-13,2007-09-13,2007,Rodrigo Valdés Pulido,Gerente de División Estudios,hawkish,0.7527798745863501,0.8314236699409717,0.07864379535462165,0.08993253470440665,0.9973976218861823,unanime,acuerdo_comunicado,acuerdo_comunicado,"Asimismo, y como referencia, las proyecciones identificadas como escenario base incluían como supuesto de trabajo aumentos de la tasa de política monetaria que en esta ocasión resultan similares a las expectativas de mercado e incluyen un par de aumentos de la tasa de política monetaria en un plazo relativamente cercano.","Expone el Gerente de División Estudios señor Rodrigo Valdés, que en la reunión de política monetaria de agosto, el Consejo acordó aumentar la tasa de interés de política monetaria en 25 puntos base hasta 5,5% anual, luego de iguales incrementos en los dos meses anteriores. Indica que se estimó necesaria esa decisión para que la inflación proyectada en torno a dos años se mantuviera en 3%, considerando que la información disponible confirmaba un importante dinamismo en el segundo trimestre, la inflación del IPC se elevaba hasta casi 4%, muy por encima de lo proyectado, y las medidas alternativas de la tendencia inflacionaria estaban algo por sobre 3%. Señala el Gerente de División que se consignó que las expectativas de inflación de corto plazo del sector privado habían aumentado significativamente, aunque las de largo plazo permanecían en torno a 3%. También se consideró que, si bien el escenario externo relevante para la economía chilena continuaba positivo, había mayor volatilidad en los mercados financieros internacionales y condiciones crediticias algo más restrictivas. Agrega el señor Gerente de División que desde la reunión anterior, período en el que también se publicó el IPoM de septiembre, las principales novedades son las siguientes: • En el lado externo, se han intensificado los problemas en los mercados financieros internacionales, incluyendo condiciones crediticias menos favorables, situación que ha comenzado a mermar las proyecciones de crecimiento del mundo. Esto mismo ha fortalecido las perspectivas de menores tasas de interés de política monetaria en las principales economías desarrolladas, y ha reducido las tasas de interés de largo plazo. El premio soberano de Chile aumentó de manera apreciable el último mes. • El precio del cobre ha disminuido algo (hasta US$ 3,3 - 3,4), evolución coherente con el escenario base, y el del petróleo ha aumentado, ubicándose bastante por encima de lo esperado (hasta cerca de US$ 80 el barril). Indica que el precio del trigo ha continuado aumentando de manera significativa. Sorprendentemente, las turbulencias financieras y riesgos asociados no parecen estar teniendo mayores efectos sobre el precio de los principales productos primarios. • En el mercado financiero interno, se han asentado expectativas de un par de alzas en la Tasa de Política Monetaria en lo que resta de este año. Señala que el nivel de las tasas de interés de mediano y largo plazo de los documentos del Banco Central de Chile, las tasas de interés de colocaciones, el crecimiento del crédito y de los agregados monetarios dan cuenta de condiciones financieras que siguen apoyando el crecimiento de la demanda interna. El tipo de cambio mostró una volatilidad algo mayor durante el mes pasado, y en los últimos días tuvo una reducción más notoria, hasta $ 516 (menos de 1% desde la última reunión, si se consideran los últimos tres días hábiles). El TCM mostró una disminución algo mayor. • El crecimiento de la actividad en julio fue de 4%, afectada por el efecto calendario y el desempeño de los sectores minería y EGA. Más allá de sus efectos directos sobre la actividad del trimestre, las cifras son insuficientes para modificar el escenario base del IPoM. Manifiesta el señor Gerente de División que continúa así la evaluación que el nivel del PIB sin Recursos Naturales sería similar a su tendencia y hacia delante crecería a un ritmo similar al de tendencia. • Indica que en agosto, la inflación volvió a ser elevada y mayor que la proyectada, también por aumentos inesperados de los precios de algunos alimentos, en especial de los perecibles. Respecto del IPoM, las sorpresas fueron menores y se concentraron en alimentos perecibles y gasolina. El panorama de inflación de corto plazo se corrige algo al alza y se ubica marginalmente por encima del proyectado en el escenario base del IPoM, liderado por el mayor precio de los combustibles. Las medidas alternativas de tendencia inflacionaria volvieron a aumentar y algunas se ubican hoy en torno a 4%. • Los indicadores salariales tuvieron una aceleración importante el último mes, mientras la discrepancia entre CMO e IREM se acentuó. Aunque cabía esperar un mayor crecimiento de los salarios nominales por los efectos habituales de la indexación salarial a la inflación pasada, el panorama relativamente benigno por el lado de los costos laborales estaría quedando atrás. • Los indicadores de expectativas de inflación del sector privado son coherentes con el escenario de inflación descrito en el IPoM. Esto es, inflación anual elevada en el corto plazo y no muy distinta de 3% a plazos largos. El Gerente de División Estudios agrega que con los antecedentes acumulados en el último mes, y considerando la reciente publicación y presentación del IPoM de septiembre, es difícil argumentar a favor de una opción diferente a la de aumentar la tasa de política monetaria en 25 puntos base para la reunión de hoy. Señala el señor Rodrigo Valdés que en el IPoM recién presentado, el Consejo comunicó que en el escenario más probable sería necesario aumentar la tasa de política monetaria en los meses siguientes. Detrás de ello está la evaluación que en el cuadro actual de brechas y tendencia inflacionaria es necesario reducir el estímulo que provee la política monetaria, de manera que la inflación proyectada a dos años se mantenga en 3%. Indica que este ajuste permite también moderar los riesgos de efectos de segunda vuelta de los fuertes shocks de precios específicos de los últimos meses, shocks que además inciden en que la inflación actual esté muy por encima de la meta. Asimismo, y como referencia, las proyecciones identificadas como escenario base incluían como supuesto de trabajo aumentos de la tasa de política monetaria que en esta ocasión resultan similares a las expectativas de mercado e incluyen un par de aumentos de la tasa de política monetaria en un plazo relativamente cercano. Comenta el señor Gerente de División que los antecedentes acumulados desde el cierre del IPoM no modifican el escenario base o los riesgos asociados a éste, descritos en el Informe. Las cifras de actividad y demanda interna son mixtas, sin una implicancia evidente para las proyecciones. Las mayores noticias a la baja se concentran en el sector de recursos naturales, menos relevante desde el punto de vista de las presiones inflacionarias. De igual manera, algunos indicadores que han resultado más débiles, como las ventas de viviendas y el desempeño del comercio, se contraponen con otros más dinámicos, como las importaciones de bienes de consumo y de capital. En el lado de la inflación, hay novedades en el precio del petróleo que hacen prever un curso para los próximos meses marginalmente por encima del considerado en el IPoM. A pesar de lo anterior, señala el señor Gerente de División se podría justificar mantener la tasa de política monetaria hoy si se estimara que, junto al deterioro en el margen del escenario internacional, los riesgos a la baja se han exacerbado de manera considerable, con posibles implicancias de primer orden sobre las brechas esperadas en Chile. La mantención, en este sentido, sería una acción preventiva ante un riesgo mayor. Sin embargo, hasta la fecha las proyecciones de crecimiento que hacen los bancos de inversión han sufrido variaciones acotadas, mientras que, sorprendentemente, el precio de los principales bienes primarios no ha disminuido e incluso ha aumentado en algunos casos. Es evidente que el sesgo de las proyecciones de crecimiento mundial del escenario base del IPoM es a la baja, pero no está claro de cuánto será la corrección final. Además, no se puede descartar que un deterioro externo venga acompañado de un empeoramiento de las condiciones financieras relevantes para Chile y un movimiento cambiario que atenúe los efectos deflacionarios de una actividad más débil. Finalmente, indica que no hay evidencia clara que la situación financiera global esté afectando las condiciones crediticias internas en Chile, y de esa manera, a la demanda interna. Más allá del leve aumento del premio por riesgo país implícito en las tasas de los bonos soberanos y de una mayor tasa de interés en dólares onshore, la que podría explicarse por otros factores, los agregados monetarios y crediticios se siguen expandiendo, ha habido colocaciones de bonos y los spreads corporativos han aumentado solo levemente y se mantienen bajos. En el extremo opuesto, y como se ha planteado en las últimas reuniones, se podría argumentar a favor de un aumento de la tasa de política monetaria de 50 puntos base, considerando que la inflación anual está en la actualidad muy por encima de la meta y hay riesgos que, en un escenario de holguras reducidas, se materialicen efectos de segunda vuelta por encima de los proyectados en el escenario central, postergando el regreso de la inflación a 3% e incluso afectando las expectativas de inflación a plazos mayores. De hecho, como se analizó en el IPoM, la preocupación por la inflación que muestran las encuestas de expectativas de consumidores y empresas da cuenta de este riesgo, lo cual se ha exacerbado en el último dato. En este cuadro, señala que un ajuste mayor de 25 puntos base podría enviar una señal más decidida de compromiso con la estabilidad de precios, en particular cuando el mercado espera mayoritariamente un aumento de 25 puntos base. Sin embargo, un aumento de la tasa de política monetaria de magnitud inusual cuando las expectativas de inflación de largo plazo se mantienen en torno a 3% no parece necesaria. Más aún, podría ser contradictoria con las decisiones de política de los últimos meses, considerando que se enfrentaba un escenario macroeconómico parecido al de hoy, la tasa de política monetaria era menor y se decidieron aumentos de 25 puntos base cada vez. Asimismo, un aumento de 50 puntos base también arriesga ser poco coherente con la propia presentación del IPoM, que consignó que el Banco Central de Chile trataría de evitar acciones que pudieran arriesgar una sobrerreacción. Por último, cabe señalar que la situación financiera internacional pone una fuerte nota de cautela respecto de la conveniencia de un alza de tasas agresiva. En suma, señala el Gerente de División la opción de aumentar la tasa de política monetaria en 25 puntos base es la más coherente con el IPoM recién presentado. Además, desde el punto de vista de la implementación, no debería generar mayores sobresaltos porque es un ajuste ampliamente esperado. Finalmente, menciona el Gerente de División Estudios señor Rodrigo Valdés que dada una decisión sobre el nivel de la Tasa de Política Monetaria, cabe evaluar la conveniencia de moderar o no el sesgo que ha tenido el comunicado en los últimos dos meses. Por un lado, mantener el mismo sesgo da continuidad y consolidaría expectativas de alzas adicionales. En principio, además, los principales argumentos que motivaron este sesgo siguen presentes — brechas agotadas, inflación elevada y tasa de política monetaria expansiva. Por otro lado, sin embargo, mantener la misma comunicación puede entenderse como que lo más probable sea un nuevo aumento consecutivo de la tasa de política monetaria, algo que podría resultar un poco agresivo en el escenario central, dado que ya se acumularían cuatro alzas consecutivas. Señala el señor Rodrigo Valdés que incluso, un sesgo muy evidente puede resultar indeseado ex post si el escenario externo se deteriora de manera significativa.",0.860093
RPM-2007-12-13:1606:2,RPM-2007-12-13,2007-12-13,2007,Beltrán de Ramón Acevedo,Gerente de Mercados Financieros Nacionales,hawkish,0.7164726078252125,0.7905378421660654,0.07406523434085284,0.1353969234930817,0.9934295850446603,unanime,mercados_financieros,mercados_financieros,"Con todo, y con todas las incertidumbres que se tienen hacia delante, en particular si la situación externa empeora más y termina afectando el panorama interno de crecimiento e inflación, considera que lo más plausible es subir la Tasa de Política Monetaria en 25 puntos base y esa es su recomendación.","Indica el señor De Ramón que, tal como lo presentó la Gerencia de División Estudios, en el último mes se ha observado un deterioro de la situación externa, junto a una actividad interna menor a la esperada. Por su parte, agrega, y ese ha sido un hecho muy notorio, la inflación de noviembre estuvo entre 0,6% y 0,4% por sobre lo esperado. Señala el señor Gerente que los antecedentes presentados indican que con la información de octubre, el consumo estaría mostrando una resistencia mayor a la prevista, a la caída del ingreso disponible real. Coherente con lo anterior, también se señaló que se mantiene el dinamismo de los créditos de consumo, aunque algo más atenuado que en meses anteriores. Por el lado financiero, destaca el señor Gerente, se ha visto un aumento de 15 puntos base en las Tasas Promedio Cámara, lo que lleva a configurar que el mercado anticipe, con un porcentaje por sobre el 50, un alza de la Tasa de Política Monetaria para esta Reunión, a pesar que la encuesta sólo indica que una minoría de un 17% estima que el Banco Central de Chile va a subir la tasa hoy. Por otra parte, añade, el aumento de casi 60 puntos base en las tasas prime y bolsa de 30 días en el mercado monetario, es atribuible más bien a coletazos de la crisis subprime que ha hecho que los bancos locales sean más conservadores con la liquidez, básicamente que las líneas de crédito externas estén más estrechas, así como también es atribuible a la inminente salida de las Administradoras de Fondos de Pensiones por el aumento de límites de inversión en el exterior con un 5% adicional. Todo lo anterior ha llevado a que los bancos estén dispuestos, incluso hoy día, a pagar por depósitos prime el equivalente a 80 puntos a un mes y promedio cámara, más 70 puntos a un año, versus un promedio de 30 puntos, que es lo normal en meses anteriores o en los últimos dos años. Menciona el señor De Ramón que las expectativas de inflación, medidas como compensación inflacionaria, han reaccionado a la luz de estas noticias. En efecto, si se mide desde el año 1 hasta el año 10, las que conocemos como 1 en 1, 3 en 2, 5 en 5, promedian desde hace un mes y medio, una cifra en torno a 3,38%, pero con un alza en los últimos días. Si bien esta estructura de alza en los plazos largos está afectada por operaciones de agentes financieros que están aprovechando la oportunidad de altos spreads en bonos de compañías en Estados Unidos de América y hacen un swap de tasas y de monedas concentradas en la parte larga de la curva, estas operaciones se hacen USD-UF, en vez de USD-$, lo que refleja que los agentes están viendo inflación sobre 3% hacia adelante. Con todo, agrega, una cifra de compensación inflacionaria de 3,38% anual, si bien es alta, no se puede concluir que hoy día exista un desanclaje de las expectativas, considerando que parte de esa cifra, al menos unos 10 a 15 puntos base, se pueden explicar por prima de inflación. Sin embargo, añade, el riesgo que existe es que en los próximos meses esa cifra de 3.38% se eleve más. Por otra parte, comenta el señor Gerente, la Encuesta de Operadores de Mesa y la Encuesta de Expectativa Económica, indican que los agentes están considerando una inflación para los próximos 12 meses, entre 3,70% y 3,60%, respectivamente, pero con algunos factores de riesgo al alza como los mencionados en la Reunión de la mañana, asociados al petróleo. Todo lo anterior señala el señor Gerente, configura un escenario preocupante que debe considerar expectativas de inflación que, si bien se mantienen ancladas, están al límite de lo normal. Con todo, y con todas las incertidumbres que se tienen hacia delante, en particular si la situación externa empeora más y termina afectando el panorama interno de crecimiento e inflación, considera que lo más plausible es subir la Tasa de Política Monetaria en 25 puntos base y esa es su recomendación.",0.838854
RPM-2008-09-04:2094:1,RPM-2008-09-04,2008-09-04,2008,Manuel Marfán Lewis,Consejero,hawkish,0.8107271347633931,0.871529711195263,0.060802576431869884,0.0676677123728671,0.9899782960767443,unanime,acuerdo_comunicado,acuerdo_comunicado,"Indica que las expectativas privadas de inflación superan las proyecciones del Banco Central, y que las expectativas de crecimiento de la actividad, en el mediano plazo, también superarían las nuevas proyecciones de la Institución.","El Consejero señor Manuel Marfán agradece como siempre el análisis efectuado por el staff. Indica que en esta ocasión se cuenta con menos información que la habitual, ya que solo hoy se dieron a conocer importantes datos de la coyuntura, no siendo posible evaluar en profundidad la reacción del mercado y de los analistas. Indica, en particular, que no se cuenta con una Encuesta de Expectativas Económicas actualizada, respecto de la Reunión anterior. A la vez, sin embargo, indica que nos beneficiamos de la cercanía del próximo IPoM y del escenario central allí contenido. Agrega el señor Consejero que, respecto de la Minuta de Opciones, hace suyo el listado de antecedentes relevantes a considerar desde la Reunión de Política Monetaria anterior, contenido en el párrafo dos de la misma, que da por reproducido, a lo cual agregaría tres elementos importantes. Primero, que la evidencia confirma que se ha acentuado la propagación de los shocks inflacionarios hacia otros precios. Segundo, que la compensación inflacionaria implícita en los precios de los activos ha aumentado respecto de la Reunión de Política Monetaria anterior, dando cuenta que las expectativas se mantendrían desalineadas con la meta y el horizonte de política. Y tercero, que el mercado financiero reaccionó con fuerza a la decisión de hace un mes de elevar por segunda vez consecutiva la Tasa de Política Monetaria en 50 puntos base y de hecho espera mayoritariamente que la decisión de hoy sea la misma. Comenta el Consejero señor Manuel Marfán, que en este conjunto de antecedentes hay algunas contradicciones potenciales que espera se resuelvan pronto y para bien. Indica que las expectativas privadas de inflación superan las proyecciones del Banco Central, y que las expectativas de crecimiento de la actividad, en el mediano plazo, también superarían las nuevas proyecciones de la Institución. Agrega, que el Banco Central de Chile, en tanto, ha señalado que hará todo lo que esté a su alcance para alinear la inflación hacia 3% en dos años, y el mercado sí parece creer que el Banco será proactivo, es decir, espera un Banco Central que esté delante de la curva. Agrega el Consejero señor Marfán que el problema de esta combinación, es que mientras más demoren las expectativas en alinearse con la meta, mayores serán los costos reales, en términos de crecimiento y empleo, de la política de estabilización. Hace presente el Consejero señor Manuel Marfán, que desde esta perspectiva solo cabe reiterar que el Consejo hará todo lo que esté a su alcance para alinear la inflación hacia el 3% en dos años, aunque ello implique costos reales superiores a los esperados. Aún así, estima que esos mayores costos reales son menores que los que habrían si se hubiera sido contemplativo con la inflación. Señala que la moderación de la propagación inflacionaria requiere una economía más bien fría, es decir, una economía creciendo moderadamente por debajo del producto de tendencia durante un plazo más o menos equivalente al horizonte de política. En su opinión, este es un componente aún no internalizado por los agentes privados y por los analistas. Indica el Consejero señor Marfán que por cuarta vez consecutiva, hace presente que cambios en la Tasa de Política Monetaria de 50 puntos base deben reservarse para ocasiones espacialísimas y le parece que la actual coyuntura sigue siéndolo. Agrega que descarta, por ahora, un aumento de 75 puntos base, ya que su justificación sería más bien preventiva, en el caso que se diera uno de los escenarios de riesgo. Menciona que en la antesala del próximo IPoM, la decisión debe ser consistente con el escenario base que se dará a conocer, y cuyo eje pasa por alinear las expectativas de inflación con la meta de política y que mientras antes se dé ese alineamiento, los costos reales de la estabilización serán menores. En consecuencia, por las razones expuestas, el Consejero señor Manuel Marfán vota por subir la Tasa de Política Monetaria en 50 puntos base, manteniendo un tono hawkish en el Comunicado.",0.886640
RPM-2008-06-10:1909:1,RPM-2008-06-10,2008-06-10,2008,Manuel Marfán Lewis,Consejero,hawkish,0.8324871515869204,0.8874690967780428,0.05498194519112233,0.05754895803083493,0.9906451883064145,unanime,acuerdo_comunicado,acuerdo_comunicado,"En cuarto lugar, menciona la preocupación creciente de los bancos centrales de las principales economías del mundo por evitar la propagación de los shocks internacionales hacia mayores niveles de inflación futura en sus respectivas economías; y, quinto, la mayor dispersión en la respuesta de las encuestas de expectativas económicas, tanto respecto de la tasa de política monetaria proyectada, como de la tasa de inflación esperada a distintos horizontes, lo cual da cuenta de las dificultades que impone la coyuntura actual para la formación de expectativas.","El Consejero señor Manuel Marfán agradece el análisis del staff. Señala que respecto de la Minuta de Opciones hace suyo el listado de antecedentes relevantes a considerar desde la anterior Reunión de Política Monetaria que se contiene en su párrafo dos. Señala que han surgido como noticias relevantes adicionales las siguientes, varias de las cuales aparecen mencionadas en otras partes de esa Minuta, pero que le parece que son lo suficientemente importantes como para incluirlas en su voto. En primer lugar, menciona el señor Consejero que el anuncio del Gobierno de suplementar en US$ 1.000 millones el Fondo de Estabilización de Precios de los Combustibles. En segundo término, indica que la normalización de las lluvias que afectaría favorablemente la inflación del producto hacia adelante. En tercer lugar, señala el mayor crecimiento de la demanda final, o sea la que excluye la variación de inventarios durante el primer trimestre, respecto de lo que se había anticipado y, sus implicancias sobre una demanda interna que será más dinámica que lo que se preveía en el Informe de Política Monetaria. En cuarto lugar, menciona la preocupación creciente de los bancos centrales de las principales economías del mundo por evitar la propagación de los shocks internacionales hacia mayores niveles de inflación futura en sus respectivas economías; y, quinto, la mayor dispersión en la respuesta de las encuestas de expectativas económicas, tanto respecto de la tasa de política monetaria proyectada, como de la tasa de inflación esperada a distintos horizontes, lo cual da cuenta de las dificultades que impone la coyuntura actual para la formación de expectativas. El Consejero señor Manuel Marfán indica que al respecto quiere señalar que viendo algunas variables de dispersión, el 3% a 24 meses plazo en todas las últimas encuestas se ha estado transformando en el piso de proyección de los encuestados y que, por lo tanto, cuando la mediana empieza a aumentar, como ha estado ocurriendo recientemente, es un síntoma claro no solamente que está aumentando la mediana, sino que también está aumentando la dispersión de las proyecciones. Comenta el Consejero señor Marfán que lo más relevante del conjunto de noticias señalado, corresponde al precio internacional del petróleo que ha continuado sorprendiendo con alzas muy por sobre las previstas y que parte de la sorpresa inflacionaria de mayo, parece explicarse por efectos no contemplados en el escenario central, como se desprende de las medidas de inflación subyacente más confiables. Por ello, señala que el análisis debe basarse más en los escenarios de riesgo que se contemplaron en el último Informe de Política Monetaria, que en el escenario central respectivo. Agrega el señor Consejero que tanto los analistas como los precios financieros anticipan una trayectoria de la tasa de política monetaria por sobre la de ese escenario central. En este contexto, señala que coincide con la Minuta de Opciones en descartar la mantención de la Tasa de Política en su nivel actual. Señala el Consejero señor Manuel Marfán que dentro de las opciones que propone esa Minuta se inclina claramente a favor de elevar la Tasa de Política Monetaria en 50 puntos base por varias razones. La primera de ellas, es que la inflación anual se mantendrá por sobre lo previsto en lo que resta del año. La convergencia al centro del rango meta en ocho trimestres requiere de tasas nominales de inflación más elevadas por puro efecto del llamado principio de Taylor. Segundo, el mayor crecimiento de la demanda agregada que se prevé a partir de las cifras del primer trimestre, torna más difícil la convergencia en el horizonte habitual de política. Tercero, la forma menos costosa de producir esa convergencia es que las expectativas estén alineadas con la meta dentro del horizonte de política. Agrega que una señal clara hoy, que reduzca la varianza de las expectativas de inflación, ayudará a reducir los costos reales de esa convergencia. Cuarto, menciona que como señala la Minuta, el mercado espera mayoritariamente un aumento de 25 puntos base, pero no debiera sorprenderse con un aumento de 50 puntos base. Finalmente, señala que aumentos de 50 puntos base deben reservarse para ocasiones especialísimas, donde el Banco debe actuar para señalizar coyunturas de mayor incertidumbre y cree que ese es el caso en esta oportunidad. Se trata de una situación especialisíma que requiere de una señal fuerte. Respecto del sesgo, cree que más eficaz que ponerlo, es señalizar que el Banco Central de Chile hará todo lo que estime necesario para cumplir con su meta dentro del horizonte habitual de política. Agrega, que si realmente pensara que el próximo movimiento debiera ser al alza, entonces votaría por un aumento mayor en esta misma oportunidad. Por las razones expuestas, el Consejero señor Manual Marfán vota por un aumento de 50 puntos base sin sesgo en el Comunicado, pero sí con un tono claramente hawkish respecto de la inflación.",0.877987
RPM-2008-09-04:2097:1,RPM-2008-09-04,2008-09-04,2008,José De Gregorio Rebeco,Presidente del Banco Central,hawkish,0.8427663060513108,0.8741223044305663,0.031355998379255554,0.09452169719017808,0.958946538881713,unanime,decision_tpm,decision_tpm,"Por todo lo anterior, el Presidente señor José De Gregorio vota por subir la Tasa de Política Monetaria en 50 puntos base hasta 8,25% y mantener el sesgo al alza.","El Presidente señor De Gregorio indica que si bien le parece razonable descartar un alza de 25 puntos base, y su opción preferida es subir 50 puntos base, no es obvio descartar un alza de 75 puntos base, adelantando futuros ajustes. No obstante, dicha comunicación sería extremadamente compleja, ya que si no se hizo en ocasiones anteriores, no hay una razón especial para hacerlo hoy, por lo tanto podría entregar una señal muy confusa al público y a los mercados, a no ser que se quiera indicar que el ajuste viene mucho más severo aún de lo que espera el mercado. Por todo lo anterior, el Presidente señor José De Gregorio vota por subir la Tasa de Política Monetaria en 50 puntos base hasta 8,25% y mantener el sesgo al alza. A continuación, el Presidente señor José De Gregorio consulta al Vicepresidente señor Jorge Desormeaux, si en definitiva su voto también es por subir la tasa en 50 puntos base.",0.870393
RPM-2008-09-04:2092:1,RPM-2008-09-04,2008-09-04,2008,Sebastián Claro Edwards,Consejero,hawkish,0.7334324912865602,0.8374981269375843,0.10406563565102411,0.05843623741139168,0.9958419869758879,unanime,acuerdo_comunicado,acuerdo_comunicado,"Asimismo señala el Consejero señor Claro, que la trayectoria de la Tasa de Política Monetaria implícita en los precios de los activos financieros y en las encuestas, coincide con niveles de actividad algo inferiores a los esperados para este año, y con tasas de inflación sustancialmente por sobre el objetivo de estabilidad de precios.","El Consejero señor Sebastián Claro manifiesta que el panorama inflacionario es altamente preocupante. Por un lado, el registro de inflación de agosto es muy alto, y nuevamente refleja que la inflación actualmente es un fenómeno bastante generalizado y que ya no es algo puntual a ciertos productos directamente vinculados con precios internacionales. Por otro lado, señala que la actividad y la demanda continúan mostrando un alto dinamismo, lo que es una noticia positiva, pero al mismo tiempo refleja que el terreno es fértil para que los incrementos pasados en costos, se sigan propagando al resto de la economía. Indica que aparentemente ello se está reflejando en los registros de inflación. Señala el Consejero señor Claro que, finalmente las expectativas de inflación siguen altas y al alza, en diferentes plazos y en todas sus posibles medidas. Comenta el señor Claro, que lo anterior debe ser la causa de principal preocupación, no solo porque refleja un importante debilitamiento del ancla nominal, sino por que se da en un contexto donde los precios de los commodities - que habrían sido el detonador inicial de la alta inflación - muestran alguna tendencia a normalizarse, y donde la Tasa de Política Monetaria ha aumentado de manera importante en las últimas Reuniones. Manifiesta el señor Consejero que, en su opinión, las decisiones de política monetaria deben tener en cuenta dos elementos. Por un lado, se debe subir la Tasa de Política Monetaria hasta un nivel de tasas reales que restrinja el crecimiento de la demanda hasta hacerla consistente con el objetivo de generar una caída significativa en la inflación. Indica que hoy las tasas de interés relevantes son bajas, especialmente en el segmento corto de la curva, y el crecimiento de la demanda es muy alto. Por otro lado, señala que se deben afectar las expectativas, de manera de hacerlas volver a un nivel coherente con el cumplimiento de la meta. Señala que la velocidad con que se logren los incrementos de tasas y el mensaje general que se de, resultan claves para lograr éxito. Agrega el Consejero señor Claro que los análisis internos, las expectativas del mercado, y la estructura de tasas de interés muestran que la Tasa de Política Monetaria debe subir bastante en los próximos meses, de manera de alcanzar niveles coherentes con la convergencia de la inflación a la meta y como él lo ha mencionado en otras oportunidades, piensa que este incremento debe ser rápido. Indica que en la medida que el comunicado sea claro respecto de la evolución futura de las tasas, es probable que un incremento de 50 ó 75 puntos base no tenga mayor diferencia. Para el Consejero señor Claro más preocupante, sin embargo, es la evolución de las expectativas. Menciona que los aumentos de tasas de los últimos meses no han logrado disminuirlas, lo que sugiere que el mensaje no ha sido lo suficientemente claro. La dinámica actual de las expectativas de inflación refleja, en su opinión, que no existe conciencia que el Banco Central de Chile está en un serio esfuerzo por afectar el dinamismo de la economía como principal mecanismo para llevar la inflación a su meta. Le parece que los altos registros de actividad y demanda, significativamente por sobre lo esperado por el mercado aún cuando no necesariamente mayores que los esperados por el Banco Central, sugieren que los niveles de tasas de interés necesarios para lograr una caída importante en la inflación son significativamente mayores que los actuales. Indica el Consejero señor Claro que aún cuando el mercado ha aumentado sus expectativas de la evolución de las tasas, esta trayectoria no es suficiente para lograr la convergencia a la meta de 3%. Lo anterior, en opinión del señor Consejero, refleja que el mercado todavía no internaliza la trayectoria de política monetaria adquirida para llevar la inflación a 3% en 2 años. Asimismo señala el Consejero señor Claro, que la trayectoria de la Tasa de Política Monetaria implícita en los precios de los activos financieros y en las encuestas, coincide con niveles de actividad algo inferiores a los esperados para este año, y con tasas de inflación sustancialmente por sobre el objetivo de estabilidad de precios. Manifiesta el Consejero señor Claro que es fundamental cambiar esa trilogía para afectar las expectativas de manera significativa, y enfatizar que la estructura de tasas deberá ser mayor que la actualmente esperada por el mercado y que el crecimiento deberá ser menor que el esperado. Indica que el IPoM es un escenario adecuado para enfatizar este mensaje, y piensa que tiene un rol clave para afectar las expectativas. Manifiesta que su decisión de hoy se enmarca en este contexto. Señala que si el único objetivo es llevar la Tasa de Política Monetaria en los próximos meses a un nivel consistente con la convergencia inflacionaria en un contexto de expectativas ancladas, quizá no exista mayor diferencia entre subir 50 ó 75 puntos base, sujeto a que quede claro en el Comunicado que en el futuro serán necesarios aumentos adicionales de similar magnitud. Sin embargo, estima que se requiere además una comunicación que logre afectar las expectativas. Comenta el Consejero señor Claro que el escenario base discutido en la Minuta de Opciones supone que las expectativas de inflación son consistentes con su convergencia a la meta en el horizonte habitual, pero en las circunstancias actuales, le parece que este supuesto no es válido, y el IPoM debe ser claro en lograr esa convergencia. Un aumento de 75 puntos base favorece este efecto aunque por sí solo es insuficiente, y fortalece el mensaje del IPoM. Por otro lado, si ese Informe es suficientemente claro y contundente en su mensaje, en el sentido que se requiere un ajuste de demanda mayor al que el mercado espera, y que eso tiene asociado una trayectoria de tasas también superior a la implícita en los precios de los activos, entonces puede ser adecuado esperar la reacción del mercado al IPoM. Por las razones expuestas, el Consejero señor Sebastián Claro expresa que vota por subir la Tasa de Política Monetaria en 50 puntos base, en el marco de un mensaje claro y nítido sobre la trayectoria futura de la política monetaria. Indica que en la medida que el mensaje del IPoM no logre generar un cambio en la trayectoria esperada para la inflación, serán necesarios ajustes aún mayores en la tasa de manera de afectar las expectativas de inflación y acercarse al escenario base considerado en la Minuta de Opciones.",0.846377
RPM-2008-02-07:1679:1,RPM-2008-02-07,2008-02-07,2008,Sebastián Claro Edwards,Consejero,hawkish,0.6994210070757564,0.7750516555046081,0.07563064842885171,0.1493176960665402,0.9889488135344301,unanime,acuerdo_comunicado,acuerdo_comunicado,"Indica que en Europa, la preocupación fundamental es el alza en la inflación, y tal como lo señala el comunicado de hoy del Banco Central Europeo, los riesgos de mayor inflación en el mediano plazo son importantes, en el contexto del crecimiento del dinero y crédito muy fuertes y con fundamentos económicos sólidos.","El Consejero señor Sebastián Claro agradece a la Gerencia de División Estudios por el trabajo realizado y destaca que, personalmente, se siente muy interpretado por los comentarios entregados en la Minuta de Opciones. Señala el Consejero señor Claro, que el último mes ha sido particularmente abundante en datos novedosos. Sin embargo, indica que tiene dudas respecto al contenido informativo de éstos. Agrega que los principales antecedentes desde la última Reunión son: un registro de inflación de enero menor al esperado; una baja cifra del IMACEC en diciembre; una apreciación considerable del peso, evidencia clara de una desaceleración en Estados Unidos de América, aunque la incertidumbre sobre la amplitud y duración de ésta se mantiene en incógnita. Le parece que sigue habiendo incertidumbre sobre el efecto de la desaceleración en Estados Unidos de América sobre otros países desarrollados o países emergentes, pero hasta ahora no existe evidencia que indique una desaceleración generalizada y mucho movimiento bursátil. Por otra parte, menciona que la baja inflación de enero parece obedecer principalmente a factores puntuales: la caída del tipo de cambio nominal mas allá de lo que la evolución de la política monetaria predice; la caída en el precio del petróleo, e inyección fiscal al Fondo de Estabilización de Precios de los Combustibles. En su opinión, controlando esta situación y con supuestos razonables respecto de la evolución futura de estos shocks, la dinámica de la inflación no presenta mayores novedades. Comenta asimismo, que la cifra del IMACEC también tiene componentes puntuales, pero que las mayores novedades respecto de la evolución futura del producto tienen su origen, hasta ahora, en elementos de oferta, y al respecto piensa especialmente en el tema de la energía que difícilmente pueden y deben ser compensados con política monetaria. Agrega que las proyecciones de crecimiento de la demanda interna siguen altas, y la política monetaria sigue contribuyendo a su expansión. Manifiesta que las mayores restricciones crediticias, que no se reflejan significativamente en menores cantidades, son parte deseada del ajuste iniciado a mediados de 2007 y por lo tanto, en su opinión, no serían preocupantes. Por otro lado, en el ámbito internacional, el Consejero señor Claro menciona que la sorpresiva reacción de la Fed, por lo menos en el timing y también en el tamaño del ajuste, no es fácil de interpretar. Asimismo, dicha reacción confirmó o anticipó las malas cifras que se conocieron con posterioridad, pero por otro lado podrían atenuar en parte una contracción importante. Señala que en todo caso, parece claro que el crecimiento en Estados Unidos de América el 2008 será menor que el considerado originalmente. Indica que en Europa, la preocupación fundamental es el alza en la inflación, y tal como lo señala el comunicado de hoy del Banco Central Europeo, los riesgos de mayor inflación en el mediano plazo son importantes, en el contexto del crecimiento del dinero y crédito muy fuertes y con fundamentos económicos sólidos. Agrega también que, por el lado del producto, se argumenta que la situación todavía es muy comentada. Hace presente el Consejero señor Claro, que en China la preocupación creciente es la inflación, que es consecuencia de que la flexibilización cambiaria no vino acompañada de una moderación en la expansión monetaria y del crédito, en el contexto de un sistema financiero bastante discreto. En todo caso, los spreads de riesgo soberano y los precios de los commodities no parecen estar evidenciando efectos fuertes sobre países en desarrollo, y no puede descartarse efectos mayores en el corto y mediano plazo. En consecuencia, le parece al Consejero señor Claro que las novedades del mes, siendo numerosas, no representan un cambio significativo en el escenario previsto, por lo que no ve razones para desviarse de la proyección de política monetaria planteada en la Reunión anterior, la que consideró adecuada. Por tanto, vota por mantener la Tasa de Política Monetaria en 6,25%, y que el comunicado tenga un sesgo alcista.",0.827420
RPM-2008-01-10:1629:1,RPM-2008-01-10,2008-01-10,2008,Pablo García Silva,Gerente de División Estudios,hawkish,0.6784711736984923,0.7852518768158733,0.10678070311738093,0.10796742006674587,0.9956688388044374,unanime,escenario_internacional,escenario_internacional,"El Gerente de División Estudios señala que en la última Reunión de Política Monetaria, el Consejo decidió aumentar la Tasa de Política Monetaria en 25 puntos base, decisión que se motivó en la necesidad de prever una propagación indeseada de los shocks inflacionarios recientes a los precios de otros bienes y a las expectativas de inflación.","El Gerente de División Estudios señala que en la última Reunión de Política Monetaria, el Consejo decidió aumentar la Tasa de Política Monetaria en 25 puntos base, decisión que se motivó en la necesidad de prever una propagación indeseada de los shocks inflacionarios recientes a los precios de otros bienes y a las expectativas de inflación. Indica el señor García que desde la Reunión anterior, las principales noticias que se han acumulado son las siguientes: • En el ámbito internacional, los indicadores del mes dan cuenta de un panorama más debilitado para la economía mundial, reflejado en las cifras efectivas de Estados Unidos de América y en las expectativas de consumidores y empresas de las principales zonas económicas. Frente a las turbulencias financieras recientes, el consumo en Estados Unidos de América hasta ahora se ha ajustado solo moderadamente, y se espera que su crecimiento se reduzca más marcadamente a futuro. Los precios de los commodities siguen altos, entre los que destacan el precio del petróleo que se ubica en casi US$ 100 el barril y el del cobre, que se ha sostenido nuevamente por sobre los US$ 3 la libra. Los principales mercados bursátiles han mostrado correcciones relevantes en el curso de las últimas semanas. Las tensiones financieras en los mercados interbancarios globales no se han acentuado. El riesgo de iliquidez de fin de año se evitó con las intervenciones anticipadas y coordinadas de los bancos centrales de los principales países desarrollados. La preocupación por una desaceleración más pronunciada de lo anticipado en el crecimiento de Estados Unidos de América ha fortalecido las expectativas de relajamientos adicionales en la política monetaria de esa economía. De hecho, las tasas de interés de largo plazo, especialmente en Estados Unidos de América, han caído de manera significativa. Este escenario se ha configurado a pesar que la inflación en el mundo continúa siendo motivo de preocupación, con sorpresas inflacionarias recientes en muchas economías desarrolladas y emergentes. En Chile, las principales novedades han sido una muy significativa sorpresa inflacionaria y un ritmo de actividad económica algo superior a lo esperado. • Con esto, la estructura de tasas en pesos y en UF se ha alterado de manera importante en los últimos días, con trayectorias implícitas forward para la inflación y la Tasa de Política Monetaria superiores a las observadas hace un mes. Otros indicadores de expectativas privadas han reaccionado de forma más tenue. El peso ha mostrado una apreciación relevante en los días recientes. Comenta el Gerente de División Estudios señor Pablo García que adicionalmente, esta Reunión de Política Monetaria coincide con la preparación del IPoM de enero, el cual contiene como elementos principales un importante incremento en la proyección de inflación anual de corto plazo, que se refleja en una variación proyectada sobre 7% del IPC promedio durante el año 2008. Sin embargo, indica que se prevé que la inflación anual alcanzará el rango de tolerancia hacia principios del 2009. Señala el señor García que estas proyecciones son coherentes con un ritmo de expansión económica cercana a la tendencia, así como con una gradual normalización de la expansión de la demanda interna. Además, se contemplan aumentos adicionales de la Tasa de Política Monetaria en los próximos trimestres, cuyo grado de transitoriedad dependerá de la velocidad del retorno de la inflación hacia la meta, considerando una Tasa de Política Monetaria neutral de mediano plazo de 6%. Agrega el señor García que dados los antecedentes acumulados desde la última Reunión de Política Monetaria, se considera que las opciones más plausibles para esta ocasión corresponden a un incremento de la Tasa de Política Monetaria de 25 puntos base, similar a los efectuados en circunstancias anteriores, o un incremento mayor de 50 puntos base. Manifiesta que la opción de considerar un aumento de la Tasa de Política Monetaria en esta ocasión, se justifica fundamentalmente por el escenario macroeconómico contenido en el Informe de Política Monetaria que está en proceso. En particular, las perspectivas de inflación para los próximos trimestres se han modificado de manera significativa respecto, tanto del IPoM de Septiembre, como de las consideradas en la Reunión de Política Monetaria anterior, revelando que el diagnóstico de la Gerencia de División Estudios es que las sorpresas inflacionarias de los últimos meses tendrán una persistencia mayor que la anticipada en los registros anuales de inflación venideros. En este contexto, indica que un incremento de la Tasa de Política Monetaria es el mecanismo mediante el cual la política monetaria permite que la inflación del IPC retorne a la meta dentro del horizonte habitual de política. Manifiesta el señor Gerente de División que la mantención de la Tasa de Política Monetaria en su nivel actual no se justifica, puesto que en el escenario más probable ello conllevaría a aumentos posteriores, probablemente más agresivos de forma de lograr cumplir con la meta de inflación. Asimismo, señala que la significativa magnitud y persistencia de la desviación de la inflación con respecto al rango de tolerancia, implica que la mantención de la Tasa de Política Monetaria en su nivel actual, aumenta el riesgo que la convergencia de la inflación al rango meta se materialice más allá del horizonte de política monetaria, lo que sería incongruente con la forma como el Banco Central de Chile ha decidido implementar su política monetaria de metas de inflación. Indica el señor García que solo en el caso de que se tuvieran antecedentes firmes que se producirá un deterioro cíclico significativo en los próximos trimestres, fundamentalmente provocados por el impacto de un escenario global menos favorable, se podría sugerir una mantención de la Tasa de Política Monetaria a la espera de más antecedentes, pero señala que en las discusiones internas y en la evaluación del IPoM, esta eventualidad aún parece acotada. Indica que además, en caso de materializarse este escenario internacional deteriorado, la Tasa de Política Monetaria podrá reaccionar, debido a que un incremento en esta ocasión no inhibe acciones futuras en otra dirección, si las circunstancias así lo ameritan. Agrega el señor García que un incremento de 25 puntos base probablemente sea el adecuado para enfrentar el escenario de mayor inflación contenido en el IPoM. De hecho, señala que un incremento de esta magnitud permite estar a la espera de mayores antecedentes respecto de la marcha de la economía mundial y su eventual efecto en economías emergentes y en Chile. Sin embargo, señala que en la configuración de riesgos al escenario base, sigue estando presente, con mayor relevancia que en meses anteriores, la necesidad de evitar que la propagación de las sorpresas inflacionarias recientes se manifieste excesivamente en precios y costos futuros, lo que puede sugerir una instancia de política monetaria más restrictiva que solo un incremento de 25 puntos base. De manera similar, aunque aún no se perciben antecedentes al respecto, una aceleración salarial excesiva, desencadenada por la elevada inflación reciente, también podría poner en cuestión la convergencia inflacionaria en el mediano plazo. Indica el señor García que esta eventualidad podría acotarse con un incremento mayor de la Tasa de Política Monetaria. Finalmente, menciona el Gerente de División señor García que no se estima que haya evidencia concluyente que las expectativas de inflación privadas de largo plazo se hayan alejado de la meta. Señala que si bien las compensaciones inflacionarias forward a partir de contratos swap peso/UF muestran un aumento relevante en períodos más allá del horizonte de proyección, así como un efecto amplificado de la sorpresa de diciembre en plazos cortos, es probable que estos fenómenos obedezcan a una recomposición de portafolio y mayores primas asociadas a la volatilidad de los precios y no a un cambio genuino en las expectativas de inflación de largo plazo. De hecho, medidas alternativas de expectativas han reaccionado de manera más transitoria y moderada a las noticias.",0.814696
RPM-2008-09-04:2086:1,RPM-2008-09-04,2008-09-04,2008,Pablo García Silva,Gerente de División Estudios,hawkish,0.6719124176751508,0.7995945324145767,0.12768211473942587,0.07272335284599739,0.9966797755206407,unanime,acuerdo_comunicado,acuerdo_comunicado,"Si bien esto es significativamente superior al nivel actual de la Tasa de Política Monetaria, es un nivel coherente con el carácter transitorio del aumento de la inflación, con expectativas de mediano plazo que contemplan un retorno a la meta en los horizontes habituales, y mayores holguras que apacigüen la propagación de los mayores costos y precios de meses recientes a la inflación.","El Gerente de División Estudios señala que en la última Reunión de Política Monetaria, el Consejo acordó aumentar la Tasa de Interés de Política Monetaria en 50 puntos base, hasta 7,75% anual, dado el deterioro que había experimentado el panorama inflacionario, y para asegurar la convergencia de la inflación hacia el 3%. Asimismo, indica que se reafirmó el compromiso de conducir la política monetaria de manera de reducir la elevada inflación vigente hacia el 3% en el horizonte de política, señalando que ello resultaba esencial para alinear la dinámica inflacionaria con el objetivo de estabilidad de precios. Indica el Gerente de División Estudios señor García que en la Reunión pasada señaló que, en el escenario más probable, serían necesarios ajustes adicionales para asegurar la convergencia de la inflación a la meta. Agrega el señor Gerente de División Estudios, que desde dicha Reunión, las principales noticias que se han acumulado son las siguientes: • En el ámbito internacional, siguen las preocupaciones por la elevada inflación mientras las perspectivas de crecimiento mundial se mantienen sin cambios relevantes gracias al dinamismo de las economías emergentes. Indica que aunque el crecimiento de Estados Unidos de América en el segundo trimestre fue mayor que lo previsto, ello no altera significativamente el panorama de bajo crecimiento hacia el mediano plazo en esa economía. Las cifras coyunturales en la Euro Zona y Japón confirman un panorama de crecimiento debilitado. Con ello, se siguen descartando cambios evidentes en las políticas monetarias de las economías desarrolladas en el corto plazo y el dólar ha tendido a fortalecerse. • Señala el señor Gerente de División Estudios, que el precio del petróleo ha caído de manera importante en los días más recientes, pero los precios a futuro se mantienen más altos. Agrega que el resto de los productos básicos muestran algunas tendencias al alza. • Por su parte, los mercados financieros internacionales se han visto nuevamente tensionados, lo que ha afectado las valoraciones bursátiles y las primas por activos más riesgosos en diversos mercados. • Comenta el Gerente de División Estudios señor García que las cifras nacionales de actividad y demanda reafirman el panorama de un crecimiento para el año de entre 4% y 5%. De hecho, la proyección puntual contenida en las versiones preliminares del IPoM alcanza a 4,6%, dos décimas por encima de lo proyectado en el Informe de mayo. Asimismo, el empleo ha continuado creciendo a tasas elevadas. • El peso no ha mostrado tendencias evidentes después de la última Reunión de Política Monetaria, oscilando entre $ 525 y $ 510. • Menciona también, que la inflación de agosto estuvo cerca de lo previsto, incluyendo las cifras de inflación subyacente. Los salarios nominales crecieron a una tasa superior a la de meses anteriores. Las medidas de expectativas privadas previas a la divulgación del IPC y del IMACEC, consideran tendencias inflacionarias algo por debajo de las Encuestas de Expectativas Económicas y algo por encima (compensaciones) de las del escenario base contenido en las versiones preliminares del IPoM. Las expectativas de crecimiento de la Encuesta de Expectativas Económicas son en todo caso mayores para el 2009 y menores para el 2008. Señala el señor García que el principal antecedente tras las opciones de política, en esta ocasión, es el escenario central y sus riesgos asociados que se han discutido en versiones preliminares del IPoM. El panorama de corto y mediano plazo contenido en el escenario central de dicho Informe indica un escenario de crecimiento de la actividad y la demanda durante este año por encima de perspectivas previas, pero con una desaceleración durante los próximos dos años, principalmente en la demanda interna. De esta forma, hace presente el señor Gerente de División Estudios, que el crecimiento de la actividad en el bienio 2009-2010, llegaría a cifras hasta un punto por debajo del crecimiento de tendencia de la economía. Indica que proyecciones alternativas indican una desaceleración incluso mayor para el 2009. Comenta el señor Gerente de División Estudios que la ampliación de holguras vinculada a estas perspectivas de crecimiento son el ingrediente esencial para lograr la reducción de las tendencias inflacionarias y así alcanzar una variación del IPC de 3% en el horizonte habitual, en torno a dos años. Por el lado de los costos importados, señala que las perspectivas del escenario central no contienen fuerzas desinflacionarias relevantes como para reducir por sí mismas los registros inflacionarios actuales. A su vez, estima que de acuerdo con las visiones de consenso, el escenario internacional seguirá siendo relativamente benigno por el lado del crecimiento. Agrega que así, queda radicado en la política monetaria el generar el suficiente efecto en las holguras como para permitir una convergencia a la meta en el horizonte planteado de dos años. Manifiesta el señor García que en el escenario central, las proyecciones consideran alzas adicionales de la Tasa de Política Monetaria en éste y quizá el próximo trimestre, hasta niveles del orden de 8,75%-9,25%. Si bien esto es significativamente superior al nivel actual de la Tasa de Política Monetaria, es un nivel coherente con el carácter transitorio del aumento de la inflación, con expectativas de mediano plazo que contemplan un retorno a la meta en los horizontes habituales, y mayores holguras que apacigüen la propagación de los mayores costos y precios de meses recientes a la inflación. Comenta el señor Gerente de División Estudios, que de esta manera, en este escenario la dinámica inflacionaria comienza a ceder hacia fines del cuarto trimestre. Indica el señor Gerente de División Estudios que lo anterior lleva a que se considere, al igual que en Reuniones previas, como las opciones más plausibles alzas de 50 ó 75 puntos base. Indica que evidentemente, una secuencia de acciones de política monetaria puede contemplar ajustes sucesivos de una u otra magnitud, pero se debe considerar que el escenario base tiene como punto de referencia un nivel máximo para la Tasa de Política Monetaria del orden de 8,75%-9,25%. Indica el señor García que en ese sentido, y bajo el criterio de que los ajustes de la Tasa de Política Monetaria deberían converger de manera suave al nivel deseado. Hace presente que no le parece conveniente efectuar un aumento de 75 puntos base, ya que luego debería proseguirse, en el escenario base, con aumentos de menor magnitud. Agrega que esa implementación de la política monetaria resultaría, sin duda, confusa desde el punto de vista comunicacional. Por ello, el señor García considera que las razones para optar por un aumento de 75 puntos base radican en una ponderación relativamente mayor de los escenarios de riesgo posibles y una menor ponderación para el escenario base. Comenta que en los próximos meses pueden materializarse eventos que apunten a la necesidad de incrementar la Tasa de Política Monetaria por encima, quizá considerablemente, de los niveles implícitos en el escenario base. En primer lugar, cree que es posible que el reciente dinamismo de la actividad y la demanda continúe sorprendiendo, empujando el crecimiento del PIB más cerca de 5% para este año y presionando las holguras de capacidad. En segundo lugar, la dinámica inflacionaria puede no ceder como se anticipa, debido a presiones de costos laborales o costos importados mayores que los previstos. En este sentido, señala el Gerente de División Estudios señor García que las recientes cifras de salarios deben tomarse con cuidado. Aunque un aumento de la Tasa de Política Monetaria de 75 puntos base, en esta ocasión, difícilmente puede acotar la probabilidad de que estos riesgos se materialicen en el corto plazo, sí podría mitigar su impacto en las frágiles expectativas de mediano plazo, dejando a la política monetaria en un mejor pie para realizar los ajustes necesarios con el fin de conducir la inflación a la meta. Menciona el señor Gerente de División Estudios que al igual que en ocasiones anteriores, en este proceso de desinflación la comunicación global de la política monetaria es tan relevante como la decisión misma. Agrega que en términos del Comunicado, dado que el mercado considera un nivel de tasas aun superior al que se alcanzaría con alzas de 50 ó 75 puntos base, le parece que la exclusión de un sesgo sería muy sorpresiva. Con respecto a un alza de 75 puntos base, señala el señor García que algunos analistas no la descartan del todo, lo que junto con la inclusión de esta opción en minutas de Reuniones de Política Monetaria anteriores haría que un alza de esa magnitud fuese menos sorpresiva que en meses recientes. En todo caso, señala que dada la discusión anterior, una opción de ese tipo debería señalizar una preocupación mayor con las perspectivas inflacionarias de mediano plazo, lo que tendría que incluirse con un sesgo más preciso que en meses anteriores en el Comunicado. Indica que sin un mensaje nítido, un aumento de 75 puntos base puede ser confuso en cuanto a señalizar la dirección futura de la política monetaria. Finalmente, hace presente el señor Gerente de División Estudios que la divulgación del Informe de Política Monetaria de septiembre da la oportunidad de comunicar, en términos más precisos, la orientación general de la política monetaria, particularmente en la comparación de la trayectoria con lo que espera el mercado, el sesgo en las proyecciones y las trayectorias proyectadas de inflación y crecimiento.",0.806230
RPM-2010-12-16:3641:1,RPM-2010-12-16,2010-12-16,2010,Consejo del Banco Central de Chile,Consejo,hawkish,0.8809196862296693,0.9204844078491771,0.03956472161950775,0.039950870531315096,0.9804322720246763,unanime,acuerdo_comunicado,acuerdo_comunicado,"En virtud de lo anterior, el Consejo adoptó el siguiente Acuerdo: 163-01-101216 - Tasa de Política Monetaria En su reunión mensual de política monetaria, el Consejo del Banco Central de Chile acordó aumentar la tasa de interés de política monetaria en 25 puntos base, hasta 3,25% anual.","En virtud de lo anterior, el Consejo adoptó el siguiente Acuerdo: 163-01-101216 - Tasa de Política Monetaria En su reunión mensual de política monetaria, el Consejo del Banco Central de Chile acordó aumentar la tasa de interés de política monetaria en 25 puntos base, hasta 3,25% anual. Comunicado “En su reunión mensual de política monetaria, el Consejo del Banco Central de Chile acordó aumentar la tasa de interés de política monetaria en 25 puntos base, hasta 3,25% anual. En el ámbito externo, continúan las señales de crecimiento moderado en las economías desarrolladas, que contrasta con el dinamismo de las economías emergentes. En los mercados financieros internacionales, en las últimas semanas se mantienen las preocupaciones respecto del riesgo de algunas economías europeas. La lenta recuperación de los países desarrollados continúa siendo un factor importante de riesgo para las economías emergentes. Asimismo, se ha acentuado el aumento de los precios internacionales de materias primas, incluyendo alimentos y energía, lo que está impactando en los registros de inflación de algunas economías. 16.12.2010 26.- En el plano interno, las cifras de actividad, demanda y empleo continúan evolucionando positivamente. La inflación ha estado algo por debajo de lo esperado, ante una menor inflación de los bienes importados. Las expectativas privadas se mantienen alineadas en torno a 3% dentro del horizonte relevante para la política monetaria. El peso se ha apreciado con respecto al dólar desde la última reunión. El Consejo continuará reduciendo gradualmente el estímulo monetario, lo que dependerá de la evolución de las condiciones macroeconómicas internas y externas. Con ello, reitera que seguirá usando sus políticas con flexibilidad para que la inflación proyectada se ubique en 3% en el horizonte de política.”",0.930338
RPM-2010-11-16:3574:1,RPM-2010-11-16,2010-11-16,2010,Luis Óscar Herrera Barriga,Gerente de División Estudios,hawkish,0.8744116215061635,0.9257221284809358,0.05131050697477239,0.022967364544291696,0.9940905631097939,unanime,escenario_internacional,escenario_internacional,"En este contexto, es de opinión que la política monetaria debe propiciar condiciones financieras más restrictivas, o de menor estímulo, para lograr la convergencia del crecimiento económico hacia tasas sostenibles, ya que, de esta manera, se evita incubar presiones inflacionarias futuras o desalinear las expectativas privadas.","El señor Luis Óscar Herrera manifiesta que este conjunto de antecedentes lleva a proponer como opciones un incremento de 25 puntos base de la tasa de política monetaria, hasta 3%, o realizar una pausa transitoria, manteniéndola en su nivel actual de 2,75%, e indicando que la recomendación de la Gerencia de División Estudios es por la primera opción, lo que pasa a justificar a continuación. En primer lugar, plantea que la estrategia de política monetaria contempla aumentos graduales de la tasa interés objetivo, balanceando las presiones inflacionarias provenientes del dinamismo de la demanda interna y el cierre de brechas, con los efectos de la apreciación cambiaria y un entorno externo aún incierto. En su opinión, esta estrategia de corrección gradual ha sido recogida adecuadamente por las expectativas privadas. En segundo término, sostiene que si bien esta estrategia podría ser compatible con cualquiera de las opciones señaladas, en esta oportunidad no parece prudente alejarse de la expectativa de consenso, es decir, de un aumento de 25 puntos base de la TPM, para no generar sorpresas e inducir una revisión de la trayectoria esperada para la tasa de interés. Como tercer punto, expresa que la opción de continuar aumentando la TPM está sustentada en que el actual nivel de la tasa aún es expansivo, que las brechas de capacidad continúan cerrándose como consecuencia del dinamismo de la demanda interna, y que los términos de intercambio han continuado mejorando. En este contexto, es de opinión que la política monetaria debe propiciar condiciones financieras más restrictivas, o de menor estímulo, para lograr la convergencia del crecimiento económico hacia tasas sostenibles, ya que, de esta manera, se evita incubar presiones inflacionarias futuras o desalinear las expectativas privadas. Al respecto, hace notar que las recientes alzas de los precios internacionales de energía, alimentos y otras materias primas agregan un factor de riesgo que apoya la decisión de subir la tasa. Por otra parte, considera que la opción de realizar una pausa transitoria podría justificarse a la luz de la evolución reciente de la inflación, reconociendo que su normalización avanza con menor velocidad que lo previsto, influida por la apreciación del peso y la menor inflación de bienes importados. Añade que aunque la incidencia de estos factores sobre la inflación doméstica es transitoria, como lo avala la estabilidad de las expectativas inflacionarias privadas en 12 y 24 meses, esto ciertamente ayuda a reducir los riesgos de esperar para ver cómo se desenvuelve el escenario internacional y las vulnerabilidades asociadas a la debilidad de las economías desarrolladas. En todo caso, señala que es importante recalcar que, si bien se puede argumentar por una pausa transitoria, los antecedentes no garantizan una detención más permanente. En este sentido, advierte que la decisión de mantener la TPM hoy, al alejarse del consenso, podría ser interpretada erróneamente como una pausa más duradera o, incluso, como una detención del proceso de normalización monetaria, llevando a revisiones no deseadas en expectativas y precios financieros. Considerando lo anterior, estima que es conveniente validar el consenso de mercado, en circunstancias que este captura adecuadamente la expectativa de gradualidad en la normalización de la política monetaria. Finalmente, indica que es necesario mencionar por qué se descarta la alternativa de subir la tasa en 50 puntos base. Al respecto, sostiene que esta opción podría justificarse a la luz del dinamismo del consumo privado y la demanda interna; los rezagos con los que actúa la política monetaria sobre la demanda agregada; el cierre de las brechas de capacidad; y la expectativa de una aceleración de los registros inflacionarios, una vez que se diluyan los efectos de la apreciación del peso y otros factores puntuales, como el vestuario, a lo que se agregan los riesgos provenientes de los precios internacionales de alimentos, energía y otras materias primas. Sin embargo, plantea que, aun cuando estos riesgos son legítimos, todos ellos estaban presentes un mes atrás y no se han intensificado durante el último mes, por lo que no justifican retomar el ritmo previo de normalización de la TPM. En conclusión, el señor Luis Óscar Herrera hace presente que la recomendación de la Gerencia de División Estudios es aumentar la TPM en 25 puntos base y mantener el mensaje que la política monetaria aún es expansiva, por lo que probablemente será necesario continuar retirando estímulo monetario de la economía. Agrega que la calibración de este proceso requerirá tomar en cuenta la experiencia histórica y las perspectivas de crecimiento de la economía chilena, así como también la evolución del escenario internacional y el menor nivel que se anticipa para las tasas externas, reales y nominales, en relación con sus promedios históricos.",0.929385
RPM-2010-12-16:3632:1,RPM-2010-12-16,2010-12-16,2010,Luis Óscar Herrera Barriga,Gerente de División Estudios,hawkish,0.821769550297017,0.868902394434482,0.04713284413746503,0.08396476142805287,0.9926431738982474,unanime,escenario_internacional,escenario_internacional,"El señor Luis Óscar Herrera hace presente que la estrategia de política monetaria contempla aumentos graduales de la tasa interés objetivo, balanceando las presiones inflacionarias provenientes del dinamismo de la demanda interna y el cierre de brechas, con los efectos de la apreciación cambiaria y los riesgos de un entorno externo aún incierto.","El Gerente de División Estudios señor Luis Óscar Herrera comienza su intervención, mencionando los principales antecedentes acumulados desde la última RPM. Indica que en la economía internacional destacan las señales positivas en Estados Unidos, que incluyen un nuevo paquete de impulso fiscal, los mayores precios de activos financieros de riesgo y el aumento de las tasas nominales y reales de largo plazo; la estabilidad del dólar en los mercados internacionales; la acentuación del aumento de los precios de materias primas, incluyendo el cobre, alimentos y energía; y la mantención de los riesgos relacionados con la situación fiscal en Europa y la mayor inflación en Asia. Menciona que, en Chile, el Imacec de octubre registró un crecimiento más moderado por el menor aporte de los sectores de oferta e industria; el empleo continuó aumentando con vigor; se mantuvo el impulso en el consumo, por las mejoras en el empleo, los salarios y la disponibilidad de crédito; aparecieron señales de moderación en las intenciones de compra de durables y la acumulación de existencias; la inversión en construcción se mantuvo •4.; rezagada, pero las ventas de viviendas continuaron aumentando; la inflación continuó contenida, marcada por la menor inflación de los bienes importados; las expectativas privadas y los premios financieros se mantuvieron alineados con la meta de 3%; las tasas de largo plazo no presentaron cambios relevantes, como tampoco las expectativas para la trayectoria de la TPM; para esta Reunión, la mayoría de los analistas y operadores anticipan un aumento de 25 puntos base en la TPM, pero algunos esperan que se mantenga; y, por último, que el peso acumuló una apreciación del orden de 2% respecto del dólar y de los socios comerciales de Chile. El Gerente de División Estudios señor Luis Óscar Herrera plantea que estos antecedentes llevan a proponer como opciones, un incremento de 25 puntos base de la TPM, hasta 3,25%, o una pausa transitoria, manteniendo la TPM en su nivel actual de 3,0%. Al respecto, hace presente que la recomendación es por la primera opción, por los motivos que expone a continuación. El señor Luis Óscar Herrera hace presente que la estrategia de política monetaria contempla aumentos graduales de la tasa interés objetivo, balanceando las presiones inflacionarias provenientes del dinamismo de la demanda interna y el cierre de brechas, con los efectos de la apreciación cambiaria y los riesgos de un entorno externo aún incierto. Agrega que esta estrategia de corrección gradual ha sido recogida adecuadamente por las expectativas privadas. Precisa que la opción de continuar aumentando la TPM está sustentada en que el actual nivel de la tasa aún es expansivo, que las brechas de capacidad continúan cerrándose, y que los términos de intercambio han continuado mejorando. Sostiene que la política monetaria debe propiciar condiciones financieras menos estimulativas para lograr la convergencia del crecimiento económico hacia tasas sostenibles, ya que, de esta forma, se evitará incubar presiones inflacionarias futuras o desalinear las expectativas privadas. Añade que la acentuación de las alzas de los precios internacionales de energía, alimentos y otras materias primas apoya la decisión de subir la tasa. En cuanto a la opción de realizar una pausa transitoria, manifiesta que podría justificarse a la luz de la evolución reciente de la inflación. Indica que si bien los factores que explican su lenta normalización son transitorios, como la apreciación del peso y la menor inflación de bienes importados manufacturados, dan tiempo para acumular información sobre la evolución del escenario externo. Señala, además, que desde la última RPM, los datos de actividad internacional son marginalmente mejores y las tasas externas presentan un aumento. El Gerente de División Estudios señor Luis Óscar Herrera expresa que, al igual que en la Reunión anterior, en esta oportunidad parece recomendable cumplir con la expectativa de consenso, esto es, un aumento de 25 puntos base de la TPM, para no generar sorpresas e inducir una revisión de la trayectoria esperada para la tasa de interés. Asimismo, plantea que se estima apropiado mantener el mensaje de que la política monetaria aún es expansiva, por lo que probablemente será necesario continuar retirando estímulo monetario de la economía, y hace notar que la calibración de este proceso requerirá tomar en cuenta las perspectivas de crecimiento de la economía chilena, así como la evolución del escenario internacional y las tasas externas, reales y nominales.",0.895229
RPM-2010-09-16:3429:1,RPM-2010-09-16,2010-09-16,2010,Enrique Marshall Rivera,Consejero,hawkish,0.7988899656201065,0.8733963865990182,0.07450642097891165,0.05209719242207024,0.9973500289028294,unanime,acuerdo_comunicado,acuerdo_comunicado,"Agrega que los precios de las materias primas permanecen en niveles elevados, pero que con la trayectoria anticipada para la actividad, la inflación a nivel mundial se visualiza baja y acotada.","El señor Enrique Marshall plantea que en el frente externo, la volatilidad en los mercados financieros no se ha reducido en forma apreciable y que los problemas estructurales que han estado en el origen de estas tensiones siguen presentes. Menciona que si bien las cifras de crecimiento, con marcadas diferencias entre regiones, siguen siendo relevantes, todo apunta a cierta desaceleración en el segundo semestre y en el curso del próximo año. Agrega que los precios de las materias primas permanecen en niveles elevados, pero que con la trayectoria anticipada para la actividad, la inflación a nivel mundial se visualiza baja y acotada. En su opinión, coherente con estos antecedentes, las tasas de largo plazo de los países industrializados se ubican en niveles muy bajos y que lo más probable es que permanezcan en dichos niveles por algún tiempo. En el frente interno, destaca que la economía sigue mostrando un marcado dinamismo. Al respecto, indica que el último Imacec sorprendió nuevamente al alza y que el impulso proviene, principalmente, de la demanda interna, en que los sectores que exhiben una mayor fuerza son el comercio y los servicios en general, no así la industria y la construcción, que muestran rezagos. Coherente con lo anterior, comenta que el empleo crece en forma apreciable y que la tasa de desocupación disminuye. A su juicio, la demanda debería moderar su expansión en adelante, como ya lo sugieren las cifras más recientes, pero que, con todo, las proyecciones apuntan a que la economía mantendrá un ritmo de crecimiento vigoroso en los próximos trimestres. Añade que las condiciones crediticias se siguen normalizando y parecen brindar apoyo a la expansión de la demanda interna. Sin embargo, señala que persiste alguna incertidumbre sobre la evolución de la actividad en el mediano plazo, por lo que el riesgo de que adquiera una velocidad mayor que la visualizada está presente y debe ser monitoreado con atención. En materia de inflación, el señor Enrique Marshall hace presente que los registros mensuales siguen afectados por factores puntuales y que la última cifra de inflación sorprendió a la baja, pero más allá de ello, sostiene que la inflación anual continúa aumentando de acuerdo con lo previsto y que las proyecciones sugieren que seguirá subiendo en los próximos meses y que se ubicará transitoriamente en la parte superior del rango meta, para luego converger al 3%. Por el lado de costos, menciona que las presiones parecen bastante acotadas. Agrega que las remuneraciones se expanden moderadamente y que el tipo de cambio permanece afectado por fuerzas apreciativas, que se han intensificado en lo más reciente. Destaca que la evolución del tipo de cambio constituye un factor de preocupación. Al respecto, manifiesta que si persisten las tendencias observadas, ello podría ubicar al Banco en un escenario distinto del proyectado, con implicancias para la política monetaria. El señor Enrique Marshall prosigue, indicando que el mercado supone que el proceso de normalización continuará, esperando para esta Reunión un alza de 50 puntos base. En este contexto, estima que lo que corresponde es proseguir con la normalización contemplada en el último IPoM, por cuanto la TPM permanece aún a una distancia apreciable de la tasa neutral. El Consejero aludido coincide con que las opciones plausibles son un alza de 25 puntos base y una de 50 puntos base. Sin embargo, considera que la opción de un alza de 50 puntos base es la más coherente con el diagnóstico y las señales se han entregado en el último tiempo y, particularmente, con el último Informe. A su juicio, la opción de un alza de 25 puntos base tiene inconvenientes, ya que sorprendería al mercado y marcaría un cambio respecto de lo anunciado en el IPoM, en circunstancias que ha sido recién presentado. Además, estima que dejaría menos grados de i libertad para revisar el ritmo al cual debe proseguir la normalización de la política monetaria en las próximas reuniones, en función de los antecedentes que se acumulen. Por todo lo anterior, el Consejero señor Enrique Marshall vota por subir la TPM en 50 puntos base, para dejarla en 2,5%.",0.879018
RPM-2010-08-12:3333:2,RPM-2010-08-12,2010-08-12,2010,Luis Felipe Céspedes Cifuentes,Gerente de Investigación Económica,hawkish,0.8220549407331834,0.8858399043822086,0.06378496364902521,0.050375131968766196,0.9955877108449862,unanime,escenario_internacional,escenario_internacional,"En ese sentido, advierte que si se mantiene una trayectoria como la delineada en el IPoM pasado, no se podría descartar que la normalización no sea lo suficientemente intensa para asegurar la convergencia de la inflación a la meta en el horizonte de proyección, ya que procesos de este tipo vienen, por definición, acompañados de pérdidas de credibilidad de la política monetaria y, por lo tanto, de mayores costos para lograr el control de la inflación y la competitividad de la economía.","El Gerente de Investigación Económica señor Luis Felipe Céspedes inicia su intervención señalando que el escenario internacional parece ser uno de extremos, por cuanto el escenario central no ha cambiado mayormente con respecto a la RPM pasada, pero sí da cuenta de una mayor incertidumbre. Sostiene que en el escenario más probable todo sigue muy parecido, pero emerge uno alternativo que considera una significativa desaceleración del crecimiento mundial. Por el lado de la actividad doméstica, el señor Luis Felipe Céspedes destaca el mayor vigor de la economía, pero con una inflación muy contenida. Al respecto, señala que la interrogante es si acaso la aparente desconexión entre la dinámica de precios y la dinámica de la economía son una razón para estar más seguros. En su opinión, no solo no lo es, sino que no es posible descartar un incremento en la inflación en el futuro mayor que el esperado actualmente por varias razones, entre otras, porque la economía se encuentra en un proceso de recuperación del ciclo económico con importantes niveles de incertidumbre. El señor Céspedes plantea que lo anterior puede llevar a que las condiciones agregadas de la economía sean menos relevantes hoy en el proceso de formación de precios de los agentes económicos. No obstante, manifiesta que una vez que la incertidumbre disminuya o que la acumulación de noticias en el agregado de la economía sea lo suficientemente importante, se podrán observar rápidos ajustes en los precios que lleven a la inflación a niveles por sobre las estimaciones. De hecho, indica que se puede argumentar que una situación similar se vivió en el período 2007-2008. A su juicio, existen razones fundadas para suponer que el riesgo de un escenario internacional alternativo muy negativo ha aumentado. Por una parte, sostiene que la combinación del escenario doméstico y el escenario internacional descritos puede implicar un importante desafío en materia de estrategia de normalización de la política monetaria. En ese sentido, advierte que si se mantiene una trayectoria como la delineada en el IPoM pasado, no se podría descartar que la normalización no sea lo suficientemente intensa para asegurar la convergencia de la inflación a la meta en el horizonte de proyección, ya que procesos de este tipo vienen, por definición, acompañados de pérdidas de credibilidad de la política monetaria y, por lo tanto, de mayores costos para lograr el control de la inflación y la competitividad de la economía. Por otra parte, plantea que no se puede descartar que si el deterioro de la economía mundial ocurre en un momento en el que la economía lleva una dinámica de desaceleración muy marcada, los costos en términos de actividad y precios sean mayores. En su opinión, aún hay espacio para agregar más información que permita acelerar la marcha en los próximos meses, si es necesario, a un costo relativamente bajo, lo que implica subir la tasa en 50 puntos base en esta ocasión. Agrega que, a su juicio, existe espacio para intensificar el front loading de la política monetaria en los próximos meses, por lo que no descartaría la opción de subir la tasa en 75 puntos base. No obstante, estima que el escenario internacional es muy incierto y que lo concreto es que se han venido cerrando brechas de capacidad a una velocidad mayor que la esperada, acumulando, de esta forma, y tal como argumentó previamente, presiones inflacionarias para el futuro. Para finalizar, el señor Luis Felipe Céspedes señala que, en los hechos, la brecha producto debiese estar cerrada este año, mientras que la tasa promedio estará aún muy lejos de cualquier estimación de tasa neutral. En su opinión, esa distancia de la tasa neutral permite acelerar el tranco en los próximos meses, si es que se requiere, manteniendo, al mismo tiempo, un adecuado seguro para enfrentar una situación internacional menos favorable.",0.875084
RPM-2010-09-16:3423:1,RPM-2010-09-16,2010-09-16,2010,Pablo García Silva,Gerente de División Estudios,hawkish,0.7596739039873341,0.8475578702759771,0.08788396628864287,0.06455816343538007,0.9961122190157796,unanime,acuerdo_comunicado,acuerdo_comunicado,"El Gerente de División Estudios señor Pablo García indica que en su reunión mensual de política monetaria de agosto, el Consejo del Banco Central de Chile acordó aumentar la tasa de interés de política monetaria en 50 puntos base, hasta 2,0% anual, y declaró, en ese momento, que continuaría reduciendo el significativo estímulo monetario prevaleciente a un ritmo que dependería de la evolución de las condiciones macroeconómicas internas y externas.","El Gerente de División Estudios señor Pablo García indica que en su reunión mensual de política monetaria de agosto, el Consejo del Banco Central de Chile acordó aumentar la tasa de interés de política monetaria en 50 puntos base, hasta 2,0% anual, y declaró, en ese momento, que continuaría reduciendo el significativo estímulo monetario prevaleciente a un ritmo que dependería de la evolución de las condiciones macroeconómicas internas y externas. A continuación, el señor Pablo García da cuenta de los principales antecedentes desde la última RPM. En primer término, menciona que los mercados financieros internacionales han continuado mostrando volatilidad y que persisten las dudas sobre la situación bancaria en el mundo desarrollado; que no se ha despejado la incertidumbre sobre el ritmo de recuperación que mostrará la economía de Estados Unidos y que las tasas de interés de largo plazo en las principales zonas económicas se mantienen en niveles reducidos; pero que, con todo, los precios de los productos básicos continúan altos y el precio del trigo volvió a aumentar. En este contexto, plantea que el dólar se ha tendido a debilitar, tensionando la situación cambiaria en diversas economías, varias de las cuales han adoptado medidas de intervención, entre las que destaca la intervención del Gobierno de Japón para debilitar el yen, siendo la primera en seis años. Menciona que, siguiendo la tendencia global, el peso se ha apreciado desde la última Reunión en torno a 3%, algo menos que 1% respecto de la fecha de divulgación del IPoM, y que la Encuesta de Expectativas considera que una parte relevante de esta apreciación es transitoria. A nivel local, subraya que las cifras de actividad y demanda sorprendieron al alza, con efectos que se consideran transitorios para llegar al escenario base del IPoM, y que la inflación de agosto estuvo por debajo de lo previsto, debido a factores específicos. Añade que, luego de la divulgación de dicho Informe, los analistas esperan, de forma casi unánime, un incremento de la TPM de 50 puntos base en esta Reunión y que el mercado swap también incorporó expectativas de niveles para la TPM mayores que los implícitos antes del IPoM. El señor Pablo García expresa que para esta Reunión, la principal consideración es la estrategia de política monetaria contenida en el IPoM de septiembre, los antecedentes coyunturales, así como aspectos tácticos y comunicacionales, los que llevan a considerar que las opciones más plausibles para esta ocasión sean un incremento de 25 o de 50 puntos base. Hace presente que la estrategia de política monetaria contenida en el último IPoM contemplaba, por un lado, incrementos de la TPM hasta niveles del orden de 5% hacia septiembre del 2011 y un nivel de TPM promedio para el cuarto trimestre de este año de 3%, y que, al igual que en Reuniones pasadas, esta trayectoria considera un perfil cóncavo, es decir, que en algún momento se transitará desde incrementos de 50 puntos base a incrementos de 25 puntos base, para, con posterioridad, realizar pausas en el proceso de normalización. Informa, además, que, tomando literalmente el supuesto de trabajo para las proyecciones, este incluye al menos un incremento adicional de 50 puntos base, por lo que, al igual que el mes pasado, se podría considerar que dicha alternativa es la más plausible. Por otro lado, manifiesta que los antecedentes coyunturales si bien no son muchos, son relevantes y podrían justificar la adopción de un incremento menor para la TPM. Especial mención hace de las expectativas de inflación de corto plazo del mercado, que reaccionaron a la cifra de inflación del mes de agosto y consideran un panorama de incrementos en el IPC del orden de medio punto por debajo de las proyecciones contempladas en el IPoM. Plantea que si bien es posible que ello se deba a factores específicos que no están bien capturados por las proyecciones privadas, también puede ser que, efectivamente, las presiones inflacionarias que se estén enfrentando sean más reducidas, debido, por ejemplo, a la percepción de que la brecha de capacidad es más amplia o a que las presiones de precios importadas son menores. Entre estos últimos factores, menciona que es posible que la apreciación cambiaria esté induciendo efectos desinflacionarios superiores a los previstos, o que el mercado anticipe una trayectoria cambiaria de mayor apreciación que la que se recoge de las medidas de expectativas de analistas. Sostiene que, a pesar de que estos aspectos no son evidentes, si efectivamente el tipo de cambio se mantiene más apreciado de manera significativa y persistente con respecto al supuesto de trabajo utilizado para las proyecciones, se pueden deducir menores presiones de precios. Como referencia, señala que el coeficiente de traspaso de un movimiento cambiario persistente a inflación es del orden de 20 a 30% a dos años plazo, todo lo demás constante. El señor Pablo García continúa, haciendo presente que por el lado de las perspectivas de actividad y demanda, el escenario contemplado en el IPoM tiene implícita una desaceleración en los próximos meses, luego de la fuerte expansión del segundo trimestre. Al respecto, informa que no se dispone aún de elementos que permitan calificar si dicho escenario está desenvolviéndose dentro de lo previsto, pero que ciertamente existe el riesgo de que la actividad y la demanda continúen con la dinámica previa, por sobre lo proyectado. Desde el punto de vista táctico y comunicacional, destaca que hay dos aspectos que son relevantes. Por un lado, expresa que la reciente divulgación del IPoM permitió presentar los contornos generales del escenario macroeconómico de la economía chilena para lo que queda de este año y todo el próximo, lo que motivó a que los analistas y el mercado consideraran, de manera prácticamente unánime, que la TPM se incrementará en 50 puntos base en esta Reunión. A su juicio, como no es mucha la información coyuntural disponible en esta ocasión, respecto de la que se tenía al momento de elaborar dicho Informe, una decisión de política distinta de la esperada por el mercado señalizaría con bastante intensidad el peso relativo que el Consejo le da a la escasa información nueva. Por otro lado, y para finalizar, hace presente que en las próximas semanas se conocerá el escenario fiscal planteado por la Autoridad para los próximos años, información que es relevante para evaluar el grado de estímulo que la política fiscal le imprimirá a la economía en el curso del año 2011, permitiendo, además, clarificar al mercado los antecedentes respecto de su forma de financiamiento.",0.849419
RPM-2010-10-14:3480:1,RPM-2010-10-14,2010-10-14,2010,Luis Felipe Céspedes Cifuentes,Gerente de Investigación Económica,hawkish,0.7296337003048479,0.8122786801744075,0.08264497986955968,0.10507633995603287,0.9755427869858828,unanime,inflacion,inflacion,"Destaca, además, que las brechas de capacidad se están cerrando a un ritmo similar al delineado en el IPoM y que este ritmo de cierre de brechas es un elemento clave en la estrategia de front loaded, toda vez que la política monetaria actúa con rezago en la economía.","El Gerente de Investigación Financiera señor Luis Felipe Céspedes inicia su intervención, enfatizando un aspecto que, a su juicio, es relevante en la presente decisión de política monetaria y que dice relación con la validez o conveniencia del aumento más rápido de la TPM al inicio del ciclo de normalización o front loaded. Sobre el particular, señala que, dependiendo de la tasa neutral que se considere, el ajuste realizado a la fecha es menor que el que restaría por realizar para devolver la TPM a su tasa neutral. Sostiene que como dicha tasa puede haber sufrido modificaciones a la baja, dados los eventos recientes, no se puede descartar que ese camino sea más corto, por lo que debe ser discutido en mayor detalle. En tal sentido, considera importante mantener una continuidad en el aumento de tasas para asegurar una dinámica futura de la inflación en línea con la meta. Destaca, además, que las brechas de capacidad se están cerrando a un ritmo similar al delineado en el IPoM y que este ritmo de cierre de brechas es un elemento clave en la estrategia de front loaded, toda vez que la política monetaria actúa con rezago en la economía. En su opinión, lo anterior implica descartar la alternativa de mantención de tasas, ya que entrar en una dinámica de este tipo, en que en algunas ocasiones se sube la tasa y en otras se mantiene, debiese ocurrir cuando se esté en terreno en el que la tasa real sea mayor que la actual. El señor Luis Felipe Céspedes plantea que la existencia de menores registros inflacionarios en relación con los esperados en meses recientes, es un antecedente que debe ser considerado, por cuanto constituye un elemento central en la conducción de la política monetaria, lo que ha quedado establecido en ciclos pasados. Expresa que lo anterior implica, a su juicio, realizar un ajuste en la TPM dentro de sus potenciales escenarios del IPoM pasado, ponderando los menores registros inflacionarios recientes, lo que implica considerar, como alternativa, un ajuste menor en la TPM, en relación a meses anteriores, descartándose la eliminación del ritmo de normalización, sea en esta oportunidad o en el muy corto plazo, ya que la efectividad de la política monetaria y las acciones complementarias que el marco de política monetaria considera, depende de un accionar coherente con los objetivos inflacionarios.",0.845017
RPM-2010-07-15:3271:2,RPM-2010-07-15,2010-07-15,2010,Rodrigo Álvarez Zenteno,Ministro de Hacienda (S),hawkish,0.7240176486851024,0.781036875676097,0.057019226990994654,0.16194389733290832,0.9789832041349612,unanime,decision_tpm,decision_tpm,"En cuanto a las expectativas económicas de julio, el señor Ministro de Hacienda Subrogante indica que las expectativas de inflación continúan dentro del rango de tolerancia del Banco Central, esperándose que llegue a 3,5% este año y a 3,2% en el 2011, de lo cual se desprende que las expectativas de inflación siguen contenidas, incluso a plazos más largos.","En primer término, el Ministro de Hacienda Subrogante señor Rodrigo Álvarez, transmite el saludo del Ministro de Hacienda señor Felipe Larraín, quien se encuentra en Nueva York participando en Chile Day 2010, y hace propicia la ocasión para agradecer, en nombre de ese Ministerio y, en particular, del Jefe de Asesores de esa Secretaría de Estado señor Rodrigo Cerda, el excelente trabajo realizado por el staff del Banco Central, que ha quedado de manifiesto en la presentación de la coyuntura interna y externa que el país enfrenta en la actualidad. El señor Rodrigo Álvarez inicia su exposición, señalando que para el Ministerio de Hacienda, la cifra de inflación de junio, de 0% mensual y 1,2% en doce meses, estuvo bajo lo esperado y que parte importante del resultado estuvo influido por la caída en los precios de combustible, como la gasolina y el diesel. Agrega que el IPCX registró un alza de 0,3% mensual y el IPCX1, de 0,2%, por lo que las mediciones en doce meses se ubican en 0,1 y -0,7%, respectivamente. Asimismo, destaca la caída de 4,1% mensual de la gasolina, debido fundamentalmente a los menores precios del petróleo a nivel internacional derivados de la crisis fiscal que atraviesa Europa, así como la caída de los precios de los combustibles y otros productos, que han permitido contrarrestar importantes alzas, como la de los precios de los cigarrillos, el servicio de transporte multimodal y diversas frutas y verduras de la estación. Hace notar que aun cuando la inflación a junio de 2010 alcanza a 1,7%, el IPCX1 acumula 0,2% en igual período, lo que se debe a que los aumentos de precios observados durante estos últimos meses obedecen, esencialmente, a fenómenos puntuales, no existiendo, por ende, un alza de precios generalizada, al menos hasta ahora. Plantea, en consecuencia, que las cifras revelan que, a la fecha, las presiones inflacionarias se encuentran contenidas. En cuanto a las expectativas económicas de julio, el señor Ministro de Hacienda Subrogante indica que las expectativas de inflación continúan dentro del rango de tolerancia del Banco Central, esperándose que llegue a 3,5% este año y a 3,2% en el 2011, de lo cual se desprende que las expectativas de inflación siguen contenidas, incluso a plazos más largos. El señor Rodrigo Álvarez prosigue, señalando que los salarios nominales tuvieron un aumento moderado en el mes de mayo y que, de hecho, las remuneraciones crecieron 3,5% en doce meses, mientras que el costo de la mano de obra lo hizo en 4,4%. Por otra parte, comenta que el peso se ha mantenido fluctuando respecto del dólar desde la Reunión de junio, en línea con los vaivenes de la economía internacional de este período, por lo que los factores salario y tipo de cambio no parecen estar provocando presiones sobre la trayectoria inflacionaria. En términos de actividad económica, subraya que el Imacec de mayo sorprendió al mercado, al mostrar un aumento interanual de 7,1% y superar ampliamente las expectativas, contribuyendo, de esta forma, a mejorar las perspectivas de crecimiento para la economía chilena en el 2010. No obstante, hace notar que, a pesar de ser una muy buena cifra, es preciso recordar que se enfrenta una bajísima base de comparación, por lo que no se pueden sacar conclusiones basadas en las cifras de un mes en particular. Plantea, además, que se debe tener presente que aún subsiste la incertidumbre sobre la evolución de la economía internacional, ya que la situación fiscal en varios países europeos continúa generando un grado considerable de incertidumbre externa, ensombreciendo las perspectivas de crecimiento mundial y, por ende, también de Chile. Sostiene, además, que la materialización del escenario internacional adverso, en el que ocurre un reajuste abrupto y doloroso en los créditos fiscales, podría poner en riesgo la recuperación, aunque los riesgos de este último escenario parecen aún acotados. Especial mención hace a que el Ministerio de Hacienda ha diseñado medidas que persiguen la consecución de un proceso de reconstrucción macroeconómicamente balanceado, buscando que se minimicen los efectos indeseables sobre el tipo de cambio, la inflación y las tasas de interés. En este contexto, y para finalizar, el señor Rodrigo Álvarez hace presente que, como Ministerio de Hacienda, estima que lo más adecuado es continuar con el proceso de normalización de la política monetaria, para evitar posteriormente alzas abruptas que signifiquen un freno importante a la actividad.",0.835267
RPM-2011-06-14:4118:1,RPM-2011-06-14,2011-06-14,2011,Consejo del Banco Central de Chile,Consejo,hawkish,0.9024018971343067,0.9339959004875317,0.03159400335322492,0.03441009615924361,0.9861640707781477,unanime,acuerdo_comunicado,acuerdo_comunicado,"En virtud de lo anterior, el Consejo adoptó el siguiente Acuerdo: 171-01-110614 - Tasa de Política Monetaria En su reunión mensual de política monetaria, el Consejo del Banco Central de Chile acordó aumentar la tasa de interés de política monetaria en 25 puntos base, hasta 5,25% anual.","En virtud de lo anterior, el Consejo adoptó el siguiente Acuerdo: 171-01-110614 - Tasa de Política Monetaria En su reunión mensual de política monetaria, el Consejo del Banco Central de Chile acordó aumentar la tasa de interés de política monetaria en 25 puntos base, hasta 5,25% anual. Comunicado “En su reunión mensual de política monetaria, acordó aumentar la tasa de interés de política monetaria en 25 puntos base, hasta 5,25% anual. En el ámbito externo, se observa una reducción en el ritmo de crecimiento de las economías desarrolladas. La preocupación respecto del riesgo financiero en Europa se ha acentuado. Se observa un aumento en las primas de riesgo de diversos activos. A nivel global, los registros de inflación han continuado aumentando, pero otros indicadores señalan una moderación de las expectativas inflacionarias. Las expectativas respecto de la normalización de las tasas de interés en las economías avanzadas se han aplazado. Por otra parte, varias economías emergentes han continuado reduciendo su impulso monetario. Los precios de materias primas se mantienen en niveles elevados. En el plano interno, las cifras de actividad, demanda y del mercado laboral dan cuenta del dinamismo de la economía. Los registros anuales de inflación del IPC se han mantenido en torno a 3% y los de inflación subyacente permanecen acotados. Las expectativas inflacionarias privadas muestran un descenso, aunque algunas de ellas se mantienen por sobre la meta. El Consejo estima que, en el escenario más probable, serán necesarios aumentos adicionales en la tasa de política monetaria, cuya oportunidad dependerá de la evolución de las condiciones macroeconómicas internas y externas. Con ello, seguirá usando sus políticas con flexibilidad para que la inflación proyectada se ubique en 3% en el horizonte de política.”",0.942955
RPM-2011-01-13:3703:1,RPM-2011-01-13,2011-01-13,2011,Luis Óscar Herrera Barriga,Gerente de División Estudios,hawkish,0.8356447530347672,0.8949989759616749,0.05935422292690769,0.045646801111417536,0.9971727310517267,unanime,mercados_financieros,mercados_financieros,"Hace presente que si bien los aumentos son más intensos para las medidas de expectativas de corto plazo, esto es, hasta un año plazo, en línea con lo que serían los efectos transitorios de la depreciación del peso sobre la inflación, es necesario advertir también que se observan incrementos en las medidas de expectativas de inflación de mediano y largo plazo.","El Gerente de División Estudios señor Luis Óscar Herrera comienza su intervención, mencionando los principales antecedentes acumulados desde la última RPM. En relación con la economía internacional, indica que continúan las señales positivas de actividad en Estados Unidos y en otras economías desarrolladas, pero con una baja creación de empleos. Informa que si bien se han producido alzas adicionales en los precios de activos riesgosos, se han detenido los aumentos de las tasas de largo plazo, tanto nominales como reales, mientras que los precios de las materias primas, que incluyen cobre, alimentos y energía, siguen aumentando, exacerbando las presiones inflacionarias en economías emergentes. Agrega que el dólar muestra movimientos mixtos en los mercados internacionales, depreciándose en las dos últimas semanas de diciembre y apreciándose en las dos primeras de enero; y advierte que continúan los riesgos relacionados con la situación fiscal en Europa y que han surgido preocupaciones respecto de otras economías con alto nivel de deuda pública o déficit fiscal, como son Bélgica e Italia. En cuanto a Chile, señala que tras el anuncio de las medidas de compra de divisas, el peso acumula una depreciación del orden entre 4 y 5% respecto del dólar y sus socios comerciales. Subraya que el Imacec mostró mayor dinamismo en el mes de noviembre, compensando la moderación del mes previo, y que las expectativas privadas de crecimiento para los años 2010 y 2011, así como las proyecciones de la Gerencia de División Estudios, no presentan cambios relevantes a la luz de estos desarrollos. Destaca, asimismo, que el empleo continúa aumentando con vigor y se reduce la tasa de desempleo, y que el consumo mantiene su impulso gracias a las favorables condiciones laborales y crediticias. Hace notar, además, que la inflación de diciembre superó levemente las expectativas de mercado, así como las proyecciones internas y que, a diferencia de meses anteriores, todas las medidas subyacentes mostraron incrementos en el último mes. Siempre en el ámbito interno, manifiesta que las encuestas y los premios financieros muestran un aumento de las expectativas inflacionarias, situándose en la mitad superior del rango de tolerancia para la inflación. Hace presente que si bien los aumentos son más intensos para las medidas de expectativas de corto plazo, esto es, hasta un año plazo, en línea con lo que serían los efectos transitorios de la depreciación del peso sobre la inflación, es necesario advertir también que se observan incrementos en las medidas de expectativas de inflación de mediano y largo plazo. Al respecto, llama la atención particularmente sobre la evolución al alza que han tenido las expectativas a dos años plazo a lo largo de los últimos meses y también en el mes de enero. Menciona que otro antecedente relevante dice relación con las proyecciones internas de IPC de corto plazo, es decir, de aquí a 6 meses, que se corrigen al alza en 90 puntos base, desde 2,6 a 3,5%, incorporando las novedades de inflación de diciembre, así como los efectos de la depreciación del peso y el mayor precio de combustibles y alimentos internacionales. Agrega que las proyecciones de inflación subyacente se ajustan marginalmente al alza, en 40 y 20 puntos base en el caso del IPCX e IPCX1, respectivamente. Comenta, asimismo, que tras los anuncios de emisión de deuda interna del Fisco y del Banco, las tasas de los bonos de largo plazo, nominales y reales, mostraron aumentos significativos. Hace notar que, a pesar de ello, las encuestas de los analistas y operadores no indican un cambio relevante en las expectativas para la política monetaria, ni al alza, en concordancia con la evolución de los bonos, ni tampoco a la baja, por un cambio en la interpretación respecto de la trayectoria futura de la política monetaria. A título de último antecedente relevante a mencionar desde la última Reunión, hace presente que para esta ocasión en particular, las opiniones de los analistas y operadores respecto de la TPM están divididas, ya que una leve mayoría anticipa un aumento de 25 puntos base, en tanto que una fracción importante del mercado espera la mantención de la tasa. El Gerente de División Estudios señor Luis Óscar Herrera manifiesta que estos antecedentes llevan a proponer como opciones relevantes un incremento de la TPM en 25 puntos base, hasta 3,5%; o una pausa transitoria en este proceso, manteniendo la TPM en su nivel actual de 3,25%, pero señalando que continúa el sesgo restrictivo o al alza para la trayectoria de tasas de los próximos meses. Al respecto, expresa que la recomendación en esta oportunidad es por la segunda opción, esto es, mantener la tasa, por los fundamentos que mencionará a continuación. El señor Luis Óscar Herrera indica que la estrategia de política monetaria delineada en el IPoM de diciembre último contemplaba continuar retirando gradualmente el estímulo monetario, a un ritmo similar al incorporado por las expectativas de mercado en este momento, incluyendo la posibilidad de realizar pausas transitorias durante este proceso de normalización de la tasa. Explica que esta gradualidad refleja el balance necesario entre las presiones inflacionarias asociadas al cierre de holguras en la economía nacional y condiciones monetarias que aún son estimulativas, aunque en menor grado que hace algunos meses y, por otra parte, los riesgos deflacionarios asociados a un eventual deterioro del escenario externo, como consecuencia de los severos problemas fiscales y financieros por los que aún atraviesan las economías avanzadas y/o un ajuste más pronunciado del crecimiento en China y otras economías emergentes. Agrega que también es necesario señalar que en las condiciones actuales existe un mayor grado de incertidumbre sobre cuál es el nivel de la tasa neutral por la inusual situación de tasas y ciclo de las economías avanzadas. Destaca que esta estrategia de normalización monetaria continúa vigente y que, en principio, es compatible con ambas opciones, esto es, una pausa o un aumento de la tasa en 25 puntos base. Menciona que la principal novedad desde la Reunión anterior es la depreciación del peso tras el anuncio del plan de compra de divisas por parte del Banco Central, y que los efectos de esta medida aún son recientes para sacar conclusiones respecto del nivel en el que se asentará la moneda y sus consecuencias inflacionarias. En su opinión, si el peso se mantuviera en los valores recientes, su impacto sobre la inflación debería ser transitorio y acotado, tal como lo refleja la evolución reciente de las expectativas privadas y la revisión de las proyecciones internas. En este contexto, plantea que la opción de continuar aumentando la TPM podría justificarse, porque el actual nivel de la tasa aún es expansivo, las brechas de capacidad continúan cerrándose y los términos de intercambio continúan mejorando. Indica que a ello se agregan, además, los mayores riesgos de eventuales shocks de oferta por alzas internacionales en los precios de materias primas, incluyendo alimentos y energía, así como la reciente depreciación del peso, subrayando que una preocupación fundamental para la política monetaria es que este tipo de shocks, de producirse, no generen efectos de segunda vuelta sobre el resto de los precios. En todo caso, manifiesta que si bien el entorno para la política monetaria se ha tornado más desafiante, no altera el escenario central descrito en el IPoM y no justifica una revisión de la estrategia delineada para la política monetaria. Sin embargo, a su juicio, una reacción de la política monetaria a la depreciación del dólar y el aumento de las perspectivas de inflación de corto plazo podrían entregar un mensaje errado respecto de la relevancia de esta corrección para las perspectivas inflacionarias, particularmente porque esta situación cambiaria continúa fluida y es incierto en qué nivel se asentará el peso. Por otra parte, indica que la opción de realizar una pausa transitoria se justifica a la luz de la evolución reciente de la inflación, que si bien en diciembre mostró tasas algo mayores que en los meses anteriores, son tasas aún moderadas en términos de su variación mensual, especialmente en sus mediciones subyacentes. Hace notar, asimismo, que se mantienen vigentes los riesgos negativos del escenario externo, por cuanto la incertidumbre respecto de la situación fiscal y bancaria en Europa no se ha moderado, sino, por el contrario, se han sumado nuevos focos de preocupación: los registros inflacionarios han continuado aumentando en China y otras economías emergentes, y estas han adoptado medidas adicionales de restricción crediticia y monetaria. Finalmente, manifiesta que también es necesario considerar que la expansividad de la política monetaria se ha ido reduciendo paulatinamente en los últimos meses, lo que ha llevado a moderar la velocidad de corrección de la tasa de interés. Más aún, señala que si la tasa de corto plazo permaneciera estable en las circunstancias actuales, el aumento observado en las tasas de los bonos de largo plazo luego del anuncio de esterilización vía bonos contribuye a restar estímulo a la demanda interna, al menos en el corto plazo. Con respecto a las consideraciones tácticas, expresa que, a diferencia de las reuniones anteriores, en esta oportunidad parece recomendable alejarse de la opción levemente mayoritaria de mercado y mantener la TPM en 3,25%. Respecto de esta alternativa, estima que esta decisión no gatilla una revisión significativa de la trayectoria esperada para la tasa de interés, y ha estado entre las opciones que se han discutido en los últimos meses, lo que es conocido por los agentes de mercado; la trayectoria de normalización esperada por el mercado tiene implícitas pausas intermedias dentro del año; y las opiniones de la encuesta presentan un mayor grado de dispersión que lo habitual, encontrándose divididas las expectativas entre las alternativas de mantención de la TPM y alza de 25 puntos base. Sin embargo, para evitar riesgos o confusiones de esta decisión que pudieren derivar en una revisión de la trayectoria de tasas o, peor aún, de las expectativas inflacionarias, plantea que es fundamental que la decisión de no subir la TPM, si se adopta, vaya acompañada de un pronunciamiento que indique que se mantiene el sesgo restrictivo o alcista para la trayectoria de la política monetaria en los próximos meses. Con estas consideraciones, el Gerente de División Estudios señor Luis Óscar Herrera manifiesta que la recomendación es por mantener la TPM en 3,25%, pero señalando que se trata de una pausa transitoria y que el Banco contempla continuar retirando estímulo monetario en los meses venideros, en línea con lo anticipado en el último IPoM.",0.897780
RPM-2011-05-12:4049:1,RPM-2011-05-12,2011-05-12,2011,Rodrigo Vergara Montes,Consejero,hawkish,0.8231776269679107,0.894494590518967,0.07131696355105627,0.034188445929976816,0.9955090893658894,unanime,acuerdo_comunicado,acuerdo_comunicado,"Agrega que las expectativas de inflación se han ido moderando, entre otros aspectos, por los menores registros efectivos de inflación, por los menores precios de las materias primas y por la política de normalización monetaria del Banco Central.","El Consejero señor Rodrigo Vergara inicia su intervención, agradeciendo al staff por su excelente presentación. Indica, en primer término, que en el frente externo ha aumentado la incertidumbre con respecto a la fortaleza de la recuperación mundial, y que si bien las mayores preocupaciones provienen de Europa, se extienden también a Estados Unidos. Por otra parte, menciona que los precios de las materias primas han empezado a ceder, lo que puede tener importantes implicancias para las economías emergentes como la chilena. En su opinión, todos estos eventos postergan las alzas de tasas de interés de política monetaria en economías desarrolladas. De hecho, destaca que las tasas de largo plazo en dichas economías han mostrado una baja respecto a la RPM anterior. En segundo lugar, señala que en Chile, la actividad interna se ha mantenido dinámica, de acuerdo con las proyecciones; que el gasto sigue creciendo a tasas elevadas, sin dar señales hasta ahora de desaceleración; que el mercado laboral mantiene su dinamismo y que los salarios han continuado acelerándose. Por su parte, plantea que la inflación ha sido inferior a lo esperado por el mercado, al igual que su medición subyacente, precisando al respecto que el IPCX1 está creciendo apenas 0,7% en doce meses. Agrega que las expectativas de inflación se han ido moderando, entre otros aspectos, por los menores registros efectivos de inflación, por los menores precios de las materias primas y por la política de normalización monetaria del Banco Central. Menciona, además, que el crecimiento del dinero y del crédito se mantiene en niveles acotados y que, por otro lado, el fuerte crecimiento de la demanda interna sigue presente como elemento de riesgo en cuanto a inflación. Con todo, destaca que los riesgos en esta materia se han reducido. El Consejero señor Rodrigo Vergara sostiene que en este escenario, ambas opciones presentadas por la División de Estudios son razonables. A su juicio, un alza de 25 puntos base en esta ocasión es coherente con un ajuste monetario que ya se ha realizado en su mayor parte y con las menores expectativas de inflación en adelante. Por su parte, expresa que un alza de 50 puntos base consolidaría la política llevada hasta ahora, en cuanto, de alguna forma, concluiría un proceso importante de normalización monetaria iniciada a mediados del año pasado y daría una nueva y fuerte señal antiinflacionaria. Subraya que ello sería coherente con la estrategia preventiva que se ha tenido todo este tiempo. Indica que es importante ser preciso con respecto a qué se refiere con concluir un proceso. Aclara que no significa, por cierto, que no pueda haber alzas adicionales en la TPM en las próximas Reuniones, sino que es probable que estas sean de menor magnitud y que también vayan acompañadas de períodos de pausa, dependiendo de las condiciones que se vayan presentando. De alguna forma, considera que un alza de 50 puntos base en esta oportunidad pone al Banco en el rango de la tasa neutral de política y, en ese sentido, se termina un proceso de normalización. Además, cree que un alza de 50 puntos base da más flexibilidad al Consejo para sus próximas decisiones de política. El Consejero señor Rodrigo Vergara estima, asimismo, que el subir 50 y no 25 puntos base, no implica un punto de llegada más elevado de la TPM a fin de año o en el horizonte de proyección, sino que solo un adelantamiento en la trayectoria de corto plazo. A este respecto, Indica que la lectura adecuada de un alza de esta magnitud no es que hay mayores riesgos inflacionarios a futuro, reiterando, de hecho, que los acontecimientos han ido en la dirección de reducir dichos riesgos, sino que representa la consolidación de un proceso. Por todo lo anterior, el Consejero señor Rodrigo Vergara vota por subir la TPM en 50 puntos base en esta oportunidad, para llevarla a 5%. No obstante, también por todos los argumentos anteriores, cree necesario modificar sustancialmente el Comunicado, principalmente el último párrafo. Asimismo, estima relevante reconocer en el mismo documento que hay un quiebre en materia de expectativas inflacionarias.",0.897119
RPM-2011-02-17:3808:1,RPM-2011-02-17,2011-02-17,2011,Rodrigo Vergara Montes,Consejero,hawkish,0.8230458790028619,0.8838121676199909,0.06076628861712907,0.05542154376288,0.992973557581909,unanime,acuerdo_comunicado,acuerdo_comunicado,"Comenta que en el frente inflacionario, en tanto, se han producido algunos eventos de importancia, siendo el más relevante el que dice relación con el aumento en las expectativas de inflación en el horizonte de política monetaria.","El Consejero señor Rodrigo Vergara da inicio a su intervención, agradeciendo al staff por su excelente presentación. Señala, en primer término, que en el frente externo, las noticias son algo mejores, con incrementos en las proyecciones de crecimiento, particularmente en Estados Unidos; que aún así, se mantiene la incertidumbre en Europa y, en especial, preocupan los elevados indicadores de riesgo financiero en los países de la periferia de dicho continente; y que en los países emergentes se consolidan las expectativas de mayor inflación relacionadas, en parte importante, con el aumento en el precio de los alimentos. En segundo lugar, destaca que el precio del cobre ha marcado nuevos récords y que las proyecciones para los próximos años se han elevado en forma considerable. Subraya, asimismo, que en Chile, el tipo de cambio se ha apreciado. Agrega que la actividad, por su parte, sigue de acuerdo con lo esperado y que, al respecto, no parecen haber mayores sorpresas. Comenta que en el frente inflacionario, en tanto, se han producido algunos eventos de importancia, siendo el más relevante el que dice relación con el aumento en las expectativas de inflación en el horizonte de política monetaria. En su opinión, el aumento en el precio internacional de los alimentos, los mayores precios esperados del petróleo y el cierre de brechas internas estaría tras esta proyección de mayores precios, que, como se mencionó previamente, es un fenómeno bastante generalizado en el mundo emergente. Dada la importancia de las expectativas en esta materia, enfatiza que es clave no subestimar este fenómeno. A su juicio, el mero hecho que el Banco Central de Chile haya sido explícito sobre este tema, manifestando su preocupación y su firme compromiso con la meta inflacionaria, ayudará mitigar efectos indeseados sobre las expectativas. De hecho, expresa que esta preocupación refuerza la estrategia de continuar normalizando la política monetaria planteada en el último IPoM, la que sigue plenamente vigente. Indica que la pausa que se hizo en la Reunión pasada fue perfectamente consistente con esta política que también consideraba, y sigue considerando, algunas intermitencias en el proceso, dependiendo de las condiciones que estén presentes en cada momento. Destaca, al respecto, que el Banco Central se ha mantenido delante de la curva en este ciclo y ha ajustado su política monetaria en la forma correspondiente, y que, de hecho, en el grupo de países que presenta el staff en sus antecedentes, Chile es el país que más ajustó su tasa de política monetaria en el último año. El Consejero señor Rodrigo Vergara hace presente que se inclina por retomar el proceso de alzas en esta oportunidad. En este sentido, argumenta que mantener la tasa por segundo mes consecutivo no sería consistente, en esta ocasión, con la preocupación manifestada sobre la inflación, además que con ello habría un mayor riesgo de desanclaje de las expectativas. Estima que elevarla más de 25 puntos base sería sobrerreaccionar en un momento en que la inflación efectiva, y particularmente la subyacente, sigue acotada y donde, a pesar del alza en las expectativas, estas se mantienen en el rango de tolerancia del Banco Central. Por último, manifiesta también su opinión en orden a que el Comunicado debe dejar claro que el proceso de normalización monetaria se mantendrá a futuro. En mérito de lo anteriormente expuesto, el Consejero señor Rodrigo Vergara expresa que su voto, en esta oportunidad, es por elevar la TPM en 25 puntos base para llevarla a 3,5%.",0.895977
RPM-2011-04-12:3967:1,RPM-2011-04-12,2011-04-12,2011,Enrique Marshall Rivera,Consejero,hawkish,0.8059488135000777,0.873309324383148,0.06736051088307028,0.05933016473378191,0.9949728814576011,unanime,acuerdo_comunicado,acuerdo_comunicado,"Comenta que, como resultado de todo ello, las expectativas de inflación se mantienen altas e incluso han vuelto a subir como lo recogen algunos indicadores, y que las expectativas para la TPM se han ajustado al alza en el corto plazo, sugiriendo un adelantamiento de la normalización monetaria.","El Consejero señor Enrique Marshall plantea que el principal impulso para la actividad proviene de la demanda interna, que sigue mostrando un elevado dinamismo, favorecido por expectativas que son en general positivas, condiciones financieras que apoyan la expansión del crédito y un crecimiento apreciable de la masa salarial, que resulta de la evolución tanto del empleo como de los salarios. En todo caso, indica que un factor de riesgo que debe ser monitoreado es que la demanda no se modere en los términos contemplados en las proyecciones internas. Hace presente que la inflación se muestra al alza, de acuerdo con lo anticipado Al respecto, precisa que la inflación total, después de su último registro, ha sobrepasado el 3% y que la subyacente, desde niveles más bajos, sigue la misma tendencia. Subraya que esta trayectoria alcista, que permanecerá por algún tiempo, despierta bastante preocupación y que ello responde, en lo fundamental, a la evolución de los precios de los combustibles y los alimentos, especificando que en el caso del petróleo, este se ha instalado en niveles por sobre los anticipados y continúa subiendo. Señala, además, que se sabe, por experiencia propia, que los incrementos en el precio del petróleo se transmiten con rapidez a los precios internos, y que es por ello que los desarrollos recientes han reafirmado esta preocupación por la inflación. Por el lado de los costos, destaca que un antecedente que debe ser mencionado es que los salarios siguen aumentando a un ritmo relevante, y que también requiere atención la evolución del costo de generación de la energía eléctrica. Comenta que, como resultado de todo ello, las expectativas de inflación se mantienen altas e incluso han vuelto a subir como lo recogen algunos indicadores, y que las expectativas para la TPM se han ajustado al alza en el corto plazo, sugiriendo un adelantamiento de la normalización monetaria. Sin embargo, hace notar que no se advierte un desplazamiento generalizado de la curva de tasas, puesto que los niveles a los cuales se espera que converja la TPM en el horizonte de política no han cambiado sustancialmente. Plantea que de este cuadro macroeconómico, que no difiere en lo sustancial con el descrito en el reciente IPoM, se deduce con claridad la necesidad de proseguir con la normalización de la política monetaria. El Consejero señor Enrique Marshall declara coincidir con las opciones que presenta la Minuta de Opciones de la Gerencia de División Estudios y concuerda, al mismo tiempo, con que un alza de 50 puntos base es la alternativa más adecuada en estas circunstancias. A su juicio, esta opción es muy coherente con las señales entregadas al mercado y reforzaría el compromiso del Banco Central por lograr que la inflación, afectada transitoriamente por factores no controlables, converja nuevamente a la meta en un horizonte de mediano plazo. Además, estima que un alza de 50 puntos constituye un mejor seguro frente a dos riesgos relevantes que se enfrentan, como son una nueva escalada del precio del petróleo y un comportamiento más dinámico de la demanda interna. Sostiene que son riesgos que, de materializarse, tendrían un impacto no menor sobre la trayectoria de la inflación, particularmente si ambos se presentan en forma conjunta. Argumenta también que como la TPM se encuentra todavía por debajo de su nivel neutral, existe espacio para adelantar un tanto la normalización monetaria, sin comprometer excesivamente los próximos pasos. Por último, hace presente que el mercado espera un alza de la magnitud sugerida, de manera que la decisión debería ser bien asimilada. Por todo lo anterior, el Consejero señor Enrique Marshall vota por subir la TPM en 50 puntos base, para dejada en 4,5%.",0.890425
RPM-2011-06-14:4110:1,RPM-2011-06-14,2011-06-14,2011,Rodrigo Vergara Montes,Consejero,hawkish,0.7790656956104463,0.8577866157566204,0.0787209201461741,0.0634924640972055,0.9937971391039172,unanime,acuerdo_comunicado,acuerdo_comunicado,"Por último, subraya que en materia de inflación, las expectativas se han seguido moderando; que la política monetaria más restrictiva, junto con la estabilización e, incluso, con la baja de algunos precios externos, han ayudado a esto; y que la inflación subyacente se mantiene acotada.","El Consejero señor Rodrigo Vergara comienza su intervención, agradeciendo al staff por la excelente presentación. En primer término, señala que las noticias no han sido buenas en el frente externo. Al respecto, especifica que se ha ido decantando el problema griego y que es evidente que algún arreglo habrá que hacer con respecto a su deuda pública; que ello, más la frágil situación de otros países periféricos de Europa, ha aumentado la incertidumbre global; que Estados Unidos ha ido en una senda de moderación de su crecimiento; que Japón está en recesión, afectado por el terremoto; y que en el mundo desarrollado se postergan nuevamente las alzas de tasas de interés y caen las tasas largas. Por otra parte, advierte que China y otros países emergentes muestran signos de desaceleración, aunque siguen creciendo a tasas elevadas, y que la inflación en estos países al menos ha dejado de subir. En cuanto a Chile, destaca que la actividad interna se ha mantenido dinámica, incluso mayor que la esperada en el IPoM de marzo, pero que en el margen hay señales de cierta moderación. A su juicio, ciertamente es temprano aún para verificar si se trata de datos aislados o de una tendencia. Menciona, asimismo, que el mercado laboral mantiene su dinamismo, aunque en la última medición de salarios y costo de la mano de obra se registró una desaceleración. Por último, subraya que en materia de inflación, las expectativas se han seguido moderando; que la política monetaria más restrictiva, junto con la estabilización e, incluso, con la baja de algunos precios externos, han ayudado a esto; y que la inflación subyacente se mantiene acotada. En este escenario, indica que ambas opciones presentadas por la Gerencia División Estudios son razonables. En su opinión, un alza de 25 puntos base en esta ocasión es coherente con un ajuste monetario más pausado que el de los últimos meses, en un escenario en que la tasa de interés estaría en el rango de lo que se considera la tasa neutral, y es coherente también con el dinamismo de la demanda interna y con el riesgo que esta se modere más lentamente que lo esperado. Manifiesta que el mantener la TPM también es una opción razonable, en cuanto es coherente con un escenario externo más complejo que, inevitablemente, tendrá consecuencias en la economía nacional, y que también lo es con tasas de interés externas extraordinariamente bajas y que, aparentemente, se mantendrán en esos niveles por bastante tiempo. A su juicio, seguir ampliando la brecha de tasas de interés podría tener consecuencias cambiarias indeseadas. Agrega que la baja en las expectativas de inflación interna también apoya esta opción. Finalmente, expresa que es coherente con la necesaria pausa que hay que tener para analizar los efectos de la normalización monetaria del último año que, producto de los tradicionales rezagos, debieran empezar a sentirse con más fuerza a partir de los próximos meses. Con todo, el Consejero señor Rodrigo Vergara se inclina en esta oportunidad por subir la TPM en 25 puntos base, hasta 5,25%. En su opinión, le parece la mejor opción, dada la trayectoria reciente de la TPM y los riesgos que aún existen en el frente interno, además que ello es consistente con la estrategia preventiva seguida hasta ahora. Sin embargo, también estima que es evidente que se está en un rango donde se vislumbra de cerca un período más. (1 pausado, en que ajustes adicionales serán más dependientes de la nueva información que se vaya recibiendo. Más aún, considera que de adoptarse esta decisión, se está cerca de quitar el sesgo a la política monetaria. Por lo mismo, manifiesta que el Comunicado debiera modificarse para dar cuenta de esta situación.",0.877618
RPM-2011-05-12:4047:1,RPM-2011-05-12,2011-05-12,2011,Felipe Larraín Bascuñán,Ministro de Hacienda,hawkish,0.701302237452355,0.787027859621556,0.08572562216920093,0.12724651820924313,0.9920534042808175,unanime,acuerdo_comunicado,acuerdo_comunicado,"En segundo lugar, menciona que el escenario de los precios internacionales de diversos commodities ha cambiado desde la última Reunión, precisando que desde esa fecha, el trigo ha caído 3,1%; el maíz, 10,2%; y el petróleo, 9%, contribuyendo así a la reducción de las expectativas inflacionarias.","El Ministro de Hacienda señor Felipe Larraín inicia su exposición, destacando que la actividad económica interna continúa exhibiendo un renovado dinamismo. Al respecto, hace presente que el Imacec de marzo registró un crecimiento de 15,2% interanual, influido por la débil base de comparación producto del terremoto del 27 de febrero pasado, cuyos efectos se hicieron sentir con mayor fuerza en el mes de marzo de 2010, como también por el elevado dinamismo de la economía chilena; y que a ello se suma un importante repunte del sector industrial y la recuperación de los sectores agrícola y pesquero. Con estas cifras, precisa que en el primer trimestre de 2011 se registra un crecimiento interanual de 9,8%. Por el lado de la demanda, indica que los últimos datos muestran que las ventas de bienes de consumo y, en particular, las de bienes durables, exhiben sólidas tasas de crecimiento, lo que revela la fortaleza del consumo privado. Expresa que ello va en línea con el dinamismo del mercado laboral que, de acuerdo con las últimas cifras, registra una creación de 486.930 empleos en un año. Destaca, además, que pese al aumento de la inflación, los salarios reales exhiben tasas de crecimiento superiores a los observados en promedio en el 2010, ya que en el mes de marzo, las remuneraciones reales crecieron 2,8% en doce meses. En el caso de la inversión, comenta que los indicadores muestran signos de moderación, por cuanto en el mes de abril, las importaciones de bienes de capital crecieron solo 7,8% en doce meses, tras exhibir tasas de crecimiento de 39,3% en febrero y 48,5% en marzo. El señor Felipe Larraín menciona, a continuación, que en la economía internacional persisten elementos de riesgo. Al respecto, especifica que en Europa se mantienen las tensiones financieras en algunas economías y que en los últimos días, los temores sobre la situación fiscal griega han vuelto a surgir, ante la incertidumbre respecto de las medidas que tomarán las autoridades del país y la posibilidad de ayuda por parte de las instituciones internacionales. Por otra parte, señala que tras haber aumentado la TPM en 25 puntos base en abril, el Banco Central Europeo decidió mantener la tasa rectora en su Reunión de mayo. Agrega que en Japón, algunos indicadores sectoriales muestran importantes caídas en marzo, y que si bien el impacto sobre la economía del país se apreciará con las cifras de crecimiento del primer trimestre a publicarse la próxima semana, a la fecha, los efectos de la catástrofe sobre la actividad en el resto del mundo parecen acotados. Respecto de Estados Unidos, destaca la mejora en el mercado laboral, informando que la cifra de empleo del mes de abril arrojó una creación mensual de 444.000 puestos de trabajo, superior a lo estimado por el mercado. Sin embargo, hace notar que, de acuerdo con el avance, el crecimiento del primer trimestre se ubicó en 1,8%, lo que implica una importante desaceleración respecto del trimestre anterior, cuando creció 3,1%. Advierte, en consecuencia, que los indicadores aún muestran señales mixtas, poniendo en duda la velocidad de la recuperación en ese país; y subraya que, en este escenario, los países emergentes siguen liderando de lejos el crecimiento económico mundial. En cuanto al ámbito interno, señala que las presiones inflacionarias se moderaron en abril. Añade que en dicho mes se registró una cifra de inflación de 0,3% mensual y de 3,2% en doce meses, menor que lo esperado por el mercado; que el IPCX anotó un aumento mensual de 0,3%, mientras que el IPCX1 se incrementó en 0,1%, con lo que las mediciones en doce meses se ubican en 2,4 y 0,7%, respectivamente. Por su parte, menciona que las expectativas de inflación para el año 2011 se han ajustado a la baja. En efecto, precisa que, de acuerdo con la Encuesta de Expectativas Económicas de mayo del Banco Central, la inflación esperada para el año 2011 se ubica en 4,3%, inferior al 4,4% de las encuestas de abril y marzo; y que para el año 2012, las expectativas ubican la cifra en 3,4%, inferior al 3,5% de los meses previos. De igual forma, indica que las expectativas de inflación medidas a través de las compensaciones inflacionarias muestran importantes reducciones desde la última RPM, ya que las tasas de mercado de los BCP y BCU a dos años arrojan un valor de 3,91%, lo que significa una caída de 43 puntos base desde esa fecha. El Ministro de Hacienda señor Felipe Larraín plantea que en esta caída han influido varios factores. En primer lugar, alude a la señal dada por el Banco Central al elevar la tasa en 50 puntos base en la Reunión de abril. En segundo lugar, menciona que el escenario de los precios internacionales de diversos commodities ha cambiado desde la última Reunión, precisando que desde esa fecha, el trigo ha caído 3,1%; el maíz, 10,2%; y el petróleo, 9%, contribuyendo así a la reducción de las expectativas inflacionarias. En tercer lugar, hace presente que desde la plena operación del Sipco, se ha cumplido el objetivo de suavizar los precios internos de la gasolina. Al respecto, especifica que, de acuerdo con los datos de la encuesta semanal del Sernac del 9 de mayo, la gasolina de 93 octanos solo ha subido 6,6 pesos desde el 14 de marzo, lo que representa un aumento de solo 0,9% desde esa fecha, ayudando, sin duda, a moderar las expectativas de inflación al evitar alzas bruscas en los precios de los combustibles. Finalmente, destaca que está la contribución que se está realizando a través de la política fiscal anticíclica, con un crecimiento del gasto fiscal inferior al del PIB, compromiso que fue reafirmado con el anuncio de ajuste fiscal en 2011, por 750 millones de dólares. Expresa que con la aplicación de esta medida, esa Secretaría de Estado espera que la razón gasto público a PIB disminuya en cerca de 10 puntos en 2011, reduciendo así la presión del gasto del sector público sobre la economía y, por ende, permitiendo un ajuste a la baja de las expectativas inflacionarias. Además, reitera el compromiso de normalización de la política fiscal, tal como está delineado en el Informe de Finanzas Públicas de octubre de 2010. En este contexto, señala que esa cartera cree razonable continuar con el proceso paulatino de normalización de la política fiscal y monetaria, y que las opciones de política son aumentar la tasa rectora en 25 o 50 puntos base. Sostiene que el primer camino valida las expectativas obtenidas de la Encuesta de Expectativas del Banco Central, e implica una moderación de la trayectoria del aumento de tasas respecto de la Reunión pasada, en línea con los mensajes de aumento más pausados dados por las autoridades monetarias en los países desarrollados; y que el segundo camino tiene como ventaja reforzar la señal dada en la Reunión anterior, que se utilizarán las herramientas necesarias para controlar el alza de la inflación, moderando aún más las expectativas de inflación. Con todo, manifiesta que la situación actual sugiere que en caso de seguirse esta opción, los aumentos futuros debiesen ser de menor intensidad, moderando el ritmo de normalización de la política monetaria. En este escenario, en que se observan menores presiones inflacionarias junto a menores expectativas de inflación comparado con la Reunión pasada, informa que el Ministerio de Hacienda cree que se debe actuar aumentando la TPM solo en 25 puntos base, evitando un desalineamiento respecto de las trayectorias de política monetaria seguidas en el resto del mundo, una mayor presión sobre el tipo de cambio y una potencial desaceleración futura de la economía; y que en caso de aumentarse en 50 puntos base, se estima importante dejar claro en el Comunicado que ha comenzado una nueva fase con ajustes más graduales de la tasa de instancia.",0.833889
RPM-2011-05-12:4045:1,RPM-2011-05-12,2011-05-12,2011,Beltrán de Ramón Acevedo,Gerente de División Operaciones Financieras,hawkish,0.7711164750940195,0.8661607870372207,0.09504431194320115,0.038794901019578006,0.986515399953707,unanime,mercado_laboral,mercado_laboral,"En consecuencia, reitera que la pregunta, más que la tasa neutral de largo plazo, es que la TPM permite llegar al equilibrio de la demanda agregada, considerando que, para el primer trimestre, la proyección de la Gerencia de División Estudios es que crecerá poco menos de 13% y que lo hará a 7% en el segundo, cifras que están sobre la tasa de tendencia.","El Gerente de División Operaciones Financieras señor Beltrán de Ramón indica que las opciones planteadas por la Gerencia de División Estudios, de un alza de la TPM de 25 o de 50 puntos base, son plenamente consistentes con la dinámica macro de la economía chilena. En su opinión, la decisión de subir la TPM en 25 o 50 puntos base en esta Reunión es de segundo orden de importancia, por cuanto hay una condición previa que es fundamental, que consiste en comunicar a la opinión pública, a los agentes y al mercado, que la tasa rectora de llegada está aún más arriba y que es cercana a 6%. Plantea que ello se logra, básicamente, cerrando la posibilidad de hacer pausas en las próximas Reuniones, manteniendo el sesgo alcista. Incluso, señala que si en esta ocasión se opta por aumentar la TPM en 50 puntos base, se debe comunicar claramente que en los próximos meses, dadas las condiciones de la economía chilena, los aumentos van a ser de 25 puntos base y que no habrá pausas. Asimismo, expresa que existe un riesgo de que la TPM de equilibrio sea mayor que 6%. Sobre el particular, piensa que todo lo que se ha ganado en reducir la inflación esperada, se debe principalmente a que el Consejo ha señalado una meta o tasa de llegada clara en las últimas Reuniones, que el mercado interpreta que está en torno al 6%. Aún más, comenta que el informe del Gerente de Estrategia y Comunicación de Política Monetaria señor Enrique Orellana — presentado el día anterior— alude a un rango, pero bastante centrado en un 6%. Expresa, además, que si se estimara con posterioridad a esta Reunión que dicha meta ha cambiado, siendo menor, es posible que parte de lo ganado se revierta y se vuelvan a tener compensaciones inflacionarias más altas. Con ello, es de opinión que la discusión de la tasa neutral debe referirse, más que a la tasa neutral en sí misma o como un ejercicio teórico, a la tasa requerida para llegar al equilibrio en la situación actual, considerando un desempleo que es igual o menor a la NAIRU, un PIB creciendo sobre el potencial y brechas de capacidad que, como lo ha ilustrado la Gerencia de Estudios, o están cerradas o, incluso, son negativas hoy día. En consecuencia, reitera que la pregunta, más que la tasa neutral de largo plazo, es que la TPM permite llegar al equilibrio de la demanda agregada, considerando que, para el primer trimestre, la proyección de la Gerencia de División Estudios es que crecerá poco menos de 13% y que lo hará a 7% en el segundo, cifras que están sobre la tasa de tendencia. Plantea que se podría pensar que, quizás, los sesgos son al alza y que la tasa de llegada no sea 6%, sino que 6,5% o mayor aún. Finalmente, insiste que, a su juicio, lo más relevante a enfatizar es la tasa de llegada más que la decisión de un alza de 25 o 50 puntos base en esta Reunión.",0.831988
RPM-2011-02-17:3802:1,RPM-2011-02-17,2011-02-17,2011,Claudio Soto Gamboa,Gerente de División Estudios (S),hawkish,0.6605532634603064,0.7929270715254284,0.132373808065122,0.07469912040944955,0.9960452959237889,unanime,acuerdo_comunicado,acuerdo_comunicado,"Recalca que las expectativas de inflación, tanto en el mundo emergente como en los países desarrollados, se han vuelto a ajustar al alza, principalmente por la incidencia de aumentos en los precios de alimentos, y que varios bancos centrales han respondido a las expectativas de mayor inflación aumentando sus tasas de interés.","El Gerente de División Estudios Subrogante señor Claudio Soto comienza su intervención haciendo presente que en su Reunión de Política Monetaria de enero, el Consejo del Banco Central de Chile acordó mantener la tasa de interés de política monetaria en 3,25% anual, decisión coherente con los antecedentes coyunturales y con el escenario delineado en el IPoM de diciembre, el cual admitía pausas en el proceso de normalización de la política monetaria. El señor Claudio Soto continúa, haciendo mención a los principales antecedentes acumulados desde la última RPM. Destaca, en primer término, que las perspectivas de crecimiento para el mundo desarrollado han mejorado, en un contexto donde distintas medidas de riesgo financiero ceden, pero que aún se mantienen elevadas en las economías periféricas de Europa. En segundo lugar, informa que los precios de los commodities han vuelto a aumentar; que el índice de precios de alimentos de la FAO y el precio del cobre se ubicaron en máximos históricos; y que si bien el precio del petróleo WTI se ajustó marginalmente a la baja, los contratos futuros indican que podría aumentar en el futuro. Recalca que las expectativas de inflación, tanto en el mundo emergente como en los países desarrollados, se han vuelto a ajustar al alza, principalmente por la incidencia de aumentos en los precios de alimentos, y que varios bancos centrales han respondido a las expectativas de mayor inflación aumentando sus tasas de interés. Agrega que existen expectativas de que las tasas de interés en diversos países emergentes continúen aumentando, y que los contratos futuros comienzan a reflejar alzas este año en las tasas de política de la Zona Euro y Estados Unidos. En el plano local, comenta que las cifras preliminares de la actividad durante el 2010 estuvieron en línea con lo pronosticado en el IPoM y que se sigue esperando un importante dinamismo de la demanda interna, apoyada por favorables indicadores del mercado laboral, por condiciones financieras expansivas y por el impulso que proveerá el gasto público, que se habría acelerado con fuerza hacia fines del año pasado. Manifiesta, además, que las inflaciones total y subyacente también estuvieron en línea con lo anticipado en el IPoM y en la última RPM; que las proyecciones de inflación de corto plazo se mantienen respecto de la última RPM, a pesar de la apreciación nominal del peso de 4%; y que se espera que hacia mediados de año el IPC se ubique en torno a 3,7% por alzas adicionales en los precios de alimentos, combustibles y servicios. Informa que el mercado, por su parte, ha ajustado al alza sus expectativas de inflación de manera importante, esperándose que, a diciembre de este año, esta se ubique en 4% y que supere la meta en el horizonte de política. Indica, además, que el tipo de cambio, después de depreciarse de manera importante con la intervención, ha tendido a apreciarse en los últimos días; y, a título de último antecedente relevante, subraya que el mercado ha ajustado al alza sus expectativas para la trayectoria de la TPM en torno a 50 puntos base y, que de esta forma, se espera que la TPM alcance 5,5% a diciembre de este año. El señor Claudio Soto plantea, a continuación, que los antecedentes acumulados desde la última RPM, sumados a aspectos tácticos y comunicacionales, hacen que la opción más plausible para esta Reunión consista en incrementar la TPM en 25 puntos base, hasta 3,5%. Al respecto, hace presente que en la Reunión anterior se decidió hacer una pausa en la trayectoria de alzas de la TPM, en coherencia con el escenario delineado en el último IPoM, que contemplaba aumentos graduales en la tasa de política; y que de no haber antecedentes que lo ameritasen, esta pausa descartaba la opción de replicarla en el resto del trimestre. Afirma que esto se puso de manifiesto en el comunicado y en la minuta de la RPM pasada, con un claro sesgo al alza para la decisión en la actual Reunión. El señor Claudio Soto señala que los antecedentes acumulados desde la última RPM apuntan a un mundo que mejora sus perspectivas de crecimiento, con expectativas de inflación al alza y de aumentos en las tasas de política en varias economías emergentes. Agrega que en el plano interno, en tanto, a pesar de la apreciación de la moneda, las expectativas de inflación han aumentado y el crecimiento continúa vigoroso. En su opinión, estos antecedentes, en sus aspectos esenciales, son coherentes con el escenario central planteado en el IPoM y tienden a atenuar el escenario de riesgo respecto del crecimiento mundial, mientras que todo lo anteriormente mencionado reafirma el escenario de ajuste monetario comentado y que sugiere como alternativa más plausible para esta Reunión un aumento en 25 puntos base para la TPM. El señor Gerente de División de Estudios Subrogante sostiene que la opción de mantener la tasa de política en su nivel actual es difícil de sustentar, por cuanto la mantención de la TPM implicaría desviarse en el corto plazo de la trayectoria de política delineada en el último IPoM, a no ser que se adoptaran alzas de tasa más agresivas en el futuro. A su juicio, esta línea de acción conllevaría serios problemas comunicacionales, por cuanto implicaría cambios en las velocidades de normalización del estímulo monetario sin que necesariamente existan nuevos antecedentes, indica, además, que hacer una pausa en esta Reunión podría ser interpretado erróneamente por el mercado como una pérdida de compromiso por parte del Banco Central en el control de la inflación, esto último, tomando en cuenta que prácticamente la totalidad del mercado se inclina en esta ocasión por una alza en la tasa rectora. Recalca que esta situación plantearía el riesgo de que las expectativas de inflación se desvíen aún más y de manera más persistente de la meta, lo cual requeriría, a futuro, apurar la velocidad de normalización de la política monetaria, con los consiguientes desajustes que esto podría producir en otras variables. Plantea que, por ahora, un alza mayor a 25 puntos base también puede descartarse como opción, ya que implicaría incrementar la velocidad de normalización del impulso monetario. Al respecto, enfatiza que una de las razones para proceder gradualmente en dicha normalización se sustenta en los riesgos de la recuperación de las economías desarrolladas, los que si bien se han atenuado desde la última Reunión, siguen presentes. Por otra parte, manifiesta que se podría justificar acelerar el ritmo de normalización de la política monetaria, en respuesta del reciente aumento en las expectativas de inflación, tanto en Chile como en el mundo. Precisa que este aumento en las expectativas se debe, en parte, a la internalización por el mercado de los mayores precios de alimentos en el mundo, y que en el caso de Chile, esto se dio en un contexto donde se habían producido otros aumentos de precios puntuales y donde el tipo de cambio se había depreciado con fuerza después de la intervención. Por lo mismo, señala que aún es prematuro establecer cuán persistente pueda ser esta alza en las expectativas de inflación y si ello requiere ajustar la trayectoria de la TPM en respuesta. Por último, expresa que aumentar en más de 25 puntos base la tasa de política después de haber efectuado una pausa en la Reunión anterior resultaría confuso para el mercado, por cuanto podría interpretar este movimiento como que el Banco Central ha ajustado de manera abrupta sus perspectivas para la inflación, lo cual no es el caso, o que existe una gran preocupación por un posible desanclaje de expectativas.",0.807751
RPM-2015-09-15:7037:1,RPM-2015-09-15,2015-09-15,2015,Alberto Naudon Dell'Oro,Gerente de División Estudios,hawkish,0.699709260565067,0.8232239107609551,0.12351465019588811,0.05326143904315685,0.9948413673433949,unanime,acuerdo_comunicado,acuerdo_comunicado,"Por una parte, a pesar de que las distintas medidas de expectativas de inflación a un año siguen considerando una importante reducción de la inflación anual en ese plazo —las medidas a un año muestran expectativas que fluctúan entre 3 y 3,7%, bien por debajo del 5% actual—, las expectativas a dos años han aumentado, con una masa relevante de encuestados y varios instrumentos financieros que indican que la convergencia de la inflación al 3% no ocurriría dentro del horizonte de política.","El señor Alberto Naudon inicia su intervención señalando que los antecedentes conocidos desde el cierre estadístico del IPoM del mes de septiembre, en particular el alto registro inflacionario de agosto y el movimiento al alza en distintas medidas de expectativas de inflación de mediano plazo, confirman la preocupación mencionada en las últimas minutas de opciones respecto de la persistencia de la inflación en niveles elevados y sus efectos negativos sobre las expectativas de mediano plazo para dicha variable. Como se discutió con ocasión de dicho Informe, expresa que los antecedentes acumulados en el último tiempo son coherentes con una política monetaria menos expansiva, que considere un aumento de entre 50 y 75 puntos base en los meses que siguen. En este contexto, manifiesta que la disyuntiva relevante para la Reunión de hoy es si las noticias en el margen justifican o no adelantar el inicio de dichos aumentos respecto de lo comunicado en esa ocasión como escenario más probable, esto es, un aumento de tasas hacia fines de este año o inicios del siguiente. En línea con lo anterior, y al igual que lo planteado en la Reunión pasada, indica que la Gerencia de División Estudios considera que las opciones de política relevantes para esta Reunión son subir la TPM en 25 puntos base y llevarla a 3,25% o mantenerla en 3%, aunque estima que a partir de la discusión del IPoM es evidente que en ambos casos el sesgo debería ser al alza, ya que, independientemente de la opción que se adopte, en el escenario más probable serán necesarias alzas adicionales de TPM en el corto plazo. Respecto de los datos aparecidos con posterioridad al cierre estadístico del IPoM, consigna que el análisis de la Gerencia de División Estudios es que, en líneas generales, estos se enmarcan dentro del escenario de baja actividad y mayor inflación presentado en el dicho Informe. Incluso, si bien el registro de inflación del mes de agosto estuvo por sobre las proyecciones internas, la sorpresa estuvo casi totalmente asociada a algunos componentes muy volátiles, toda vez que la inflación subyacente evolucionó en línea con lo esperado. Sin embargo, hay dos desarrollos recientes que se consideran importantes de destacar. Por una parte, a pesar de que las distintas medidas de expectativas de inflación a un año siguen considerando una importante reducción de la inflación anual en ese plazo —las medidas a un año muestran expectativas que fluctúan entre 3 y 3,7%, bien por debajo del 5% actual—, las expectativas a dos años han aumentado, con una masa relevante de encuestados y varios instrumentos financieros que indican que la convergencia de la inflación al 3% no ocurriría dentro del horizonte de política. Por otra parte, si bien las diversas encuestas sugieren que el mercado espera una trayectoria para la TPM similar a la propuesta en el IPoM del mes de septiembre, la trayectoria implícita en el precio de los activos financieros señala una reducción del estímulo monetario mayor y más anticipada que la considerada en dicho Informe. Expresa que ambos desarrollos son relevantes para la evaluación de las opciones de política. Respecto de la evolución de las expectativas de inflación de mediano plazo, plantea que es evidente, como se ha mencionado en ocasiones anteriores, que un aumento de las mismas por sobre el objetivo de 3% constituye un riesgo relevante para la trayectoria de inflación, el que de materializarse acotará de manera significativa los espacios para llevar adelante una política monetaria contracíclica. Agrega que en el contexto actual, donde es indudable que la política monetaria está siendo bien expansiva, como se desprende de las bajas tasas reales, los datos de inflación y de expectativas de inflación implican que este riesgo ha aumentado, especialmente si se considera que algunos indicadores sugieren que, en el presente ciclo, la persistencia de la inflación podría ser algo mayor que lo estimado previamente. No obstante lo relevante de este fenómeno, la Gerencia de División Estudios considera que ciertos factores que acotan este riesgo siguen presentes, especialmente si se compara con episodios pasados. En particular, se estima que, de mantenerse las expectativas de inflación a mediano plazo bien ancladas, no hay evidencia de mayores presiones inflacionarias en el mediano plazo. De hecho, la mayor debilidad de la actividad local y externa, así como la corrección a la baja en el precio de los commodities, apuntan a que esas presiones son algo menores. De este modo, si bien es cierto que la evaluación de las holguras de capacidad presentadas en septiembre no indica que estas holguras estén contrapesando de manera relevante la mayor inflación derivada de la depreciación del peso, también señalan que en el mediano plazo no serán fuente de presiones adicionales sobre la inflación. En cuanto a la trayectoria implícita en los instrumentos financieros para la TPM, que contempla un reducción no solo más anticipada, sino también mayor del estímulo monetario respecto del escenario base del IPoM, la Gerencia de División Estudios considera que podría infligir un costo adicional a la actividad, y con ello a la inflación de mediano plazo, especialmente en un contexto donde los riesgos a la baja para la actividad provenientes tanto el escenario externo como del interno han aumentado y donde las condiciones financieras externas se han vuelto menos holgadas, lo que podría afectar de manera más intensa a las tasas de más largo plazo. En este contexto, hace presente que el análisis interno sugiere que la evolución reciente de las expectativas de inflación a mediano plazo hace recomendable anticipar el retiro del estímulo monetario respecto de lo planteado en el IPoM, pero que se debe cuidar que la comunicación no valide una trayectoria de tasas futuras mucho más restrictiva que la considerada en ese Informe. En este contexto, cree que un alza de TPM hoy, contrario a lo esperado por la gran mayoría del mercado, podría entenderse como que el Consejo considera que el análisis del reciente IPoM ha quedado obsoleto a las pocas semanas, validando la necesidad de una trayectoria para la TPM esencialmente distinta de la supuesta en dicho Informe. El señor Alberto Naudon manifiesta que por las razones antedichas, el staff favorece la opción de mantener la tasa en 3%, incluyendo un claro sesgo al alza que señalice que, en línea con el análisis del IPoM del mes de septiembre, la convergencia de la inflación a 3% en el horizonte de proyección requiere disminuir el elevado estímulo monetario actual, lo que, sin embargo, se estima que ocurrirá de manera algo más rápida que lo previsto en dicho Informe.",0.807689
RPM-2015-10-15:7109:1,RPM-2015-10-15,2015-10-15,2015,Rodrigo Vergara Montes,Presidente del Banco Central,hawkish,0.6779262851855562,0.8163662464470303,0.1384399612614741,0.04519379229149571,0.9932420509551187,unanime,acuerdo_comunicado,acuerdo_comunicado,"Manifiesta que con las elevadas inflaciones de los últimos meses se produjo en el mercado un incipiente aumento de la inflación esperada a dos años y, en particular, en la del segundo año, pero nuestro mensaje, claramente comprometido con nuestra meta de inflación y de hacer lo que fuera necesario para cumplirla, fue importante en el hecho que estas expectativas retornaran rápidamente a la meta o cercano a ella.","El Presidente señor Rodrigo Vergara agradece la presentación del Vicepresidente señor Sebastián Claro e inicia su intervención expresando su reconocimiento al staff por el excelente análisis consignado precedentemente. En lo concerniente al ámbito externo, señala que no hay cambios mayores en relación a lo visto hace un mes y al IPoM del mes de septiembre; que sigue existiendo una situación compleja en mercados emergentes, particularmente en América Latina y más específicamente en Brasil; y que se mantienen algunas dudas sobre la solidez del crecimiento en China y la incertidumbre propia del aumento de la tasa de política monetaria en Estados Unidos de América. En el frente interno, plantea que el escenario se parece mucho al del IPoM, más allá de sorpresas al alza en la inflación de agosto y a la baja en septiembre, junto con algo de menor actividad en el sector minería; que las sorpresas en inflación subyacente han sido menores; y que el empleo sigue creciendo a tasas elevadas, aunque se espera que muestre alguna moderación en los meses venideros. Indica que en la Reunión de hoy debemos tomar una decisión sobre el grado de impulso monetario. Al respecto, recuerda que hemos dicho en múltiples ocasiones que la política monetaria ha sido ampliamente expansiva en el último tiempo y que lo seguirá siendo, pero que para lograr una inflación en nuestra meta en el horizonte de proyección es necesario reducir en algo dicho impulso. En su opinión, ese diagnóstico no ha cambiado en nada desde el IPoM del mes de septiembre. Manifiesta que con las elevadas inflaciones de los últimos meses se produjo en el mercado un incipiente aumento de la inflación esperada a dos años y, en particular, en la del segundo año, pero nuestro mensaje, claramente comprometido con nuestra meta de inflación y de hacer lo que fuera necesario para cumplirla, fue importante en el hecho que estas expectativas retornaran rápidamente a la meta o cercano a ella. Asimismo, cuando, por otro lado, y debido al mismo fenómeno de inflaciones elevadas, el mercado empezó a asumir alzas mayores que las de nuestro escenario base, dijimos claramente que ello iba más allá de este y el mercado lo internalizó oportunamente. Acota que las tasas largas también se han moderado. Hace presente que desde una perspectiva más larga, la política monetaria ha sido fuertemente expansiva. De hecho, si se la mide por la TPM real, es la más expansiva en América Latina y probablemente en todo el mundo emergente. A su juicio, ello ha contribuido a un aterrizaje suave de la economía, que ha sido particularmente benigno si se compara con desaceleraciones previas. Prueba de ello es el bajo desempleo y que la economía, aunque moderadamente, sigue creciendo. Precisa que hoy tenemos dos opciones: mantener la TPM en 3% o iniciar el camino delineado en el IPoM y subirla en 25 puntos base. Aunque considera que ambas son pertinentes, cree que se impone claramente la de subir la TPM a 3,25%. El impulso monetario es muy elevado y lo seguirá siendo aún con este aumento, apunta. Además, es consistente con nuestro escenario base —recordando al efecto que, en este escenario, la inflación se mantiene por sobre nuestro rango de tolerancia por varios meses más y que incluso a fines del próximo año está cerca de la parte alta de dicho rango— y también lo es con nuestro mensaje. En su opinión, no hacerlo plantea una inconsistencia que tendría efectos en los precios de activos y también en la inflación esperada. Recuerda también que en lo referente a inflación esperada y al término desanclaje, nos referimos básicamente a lo primero cuando hablábamos de ese término: precisamente que el desanclaje se produce en un escenario en que la política monetaria no es consistente con una inflación esperada de 3% en el horizonte de proyección. Luego, básicamente, estamos hablando de cosas similares. Por lo demás, es un término que se usó muy ampliamente durante las altas inflaciones de 2007 y 2008. Continúa señalando que nuestros mensajes han sido claves en lo que hemos observado en el mercado. En efecto, el actual impulso por mucho más tiempo es inconsistente con nuestra meta de inflación y el mercado así lo percibe. Mientras antes actuemos, dentro de lo delineado en nuestro análisis, más coherentes seremos, puntualiza. Por último, nuestras medidas de brecha, basadas en las nuevas estimaciones del PIB potencial, nos muestran una brecha negativa, pero moderada, lo que hace difícil pensar en que sea fuente de un fuerte impulso antiinflacionario. Asimismo, no debemos dejar de mencionar la persistencia que ha mostrado la inflación, que apunta a una convergencia gradual a la meta. Plantea que la opción de mantener, que hasta hace poco se basaba primordialmente en sostener una cierta coherencia con el IPoM y los fundamentos detrás de ese Informe, es crecientemente menos coherente, porque no hay nada que nos permita decir que el escenario delineado en dicho Informe ha cambiado. Agrega que en favor de esta opción también se puede mencionar la desaceleración que han exhibido los salarios en los últimos meses. No obstante, sería cauteloso al respecto, porque siguen subiendo por sobre su promedio histórico y no se puede descartar que la indexación y la resiliencia que exhibe el mercado laboral mantengan un dinamismo relativamente importante de esta variable por más tiempo. En síntesis, manifiesta que, a su juicio, se impone la opción de subir ahora, que además muestra una decisión muy clara del Banco Central de no permitir sorpresas inflacionarias a mediano plazo y así reducir los riesgos que la actual situación de un año y medio por sobre la meta conlleva. En este sentido, resalta la importancia de reiterar que todo este análisis dice relación con trayectorias y no con datos puntuales. Deja especial constancia de ello, porque, por una parte, le sorprende que un dato puntual, como la inflación de un mes —que además fue alta, aunque algo más baja que lo previsto, y que se da luego de otra inflación muy superior a lo esperado en el mes previo— sea usado como argumento de política monetaria. Así también, porque, por otra parte, es evidente que, por temas de base de comparación, la inflación en doce meses bajará significativamente el próximo mes, para luego subir a partir del mes de diciembre. Recalca que todo ello está incorporado en nuestro análisis. En relación con el tema fiscal, menciona que este Presidente dejó en claro públicamente que el presupuesto presentado recientemente era consistente con el escenario base del IPoM. Cree que no reconocerlo y referirse a problemas graves de coordinación es, en su opinión, extraordinariamente injusto y, además, poco ajustado a la realidad. Por los motivos antedichos, el Presidente señor Rodrigo Vergara manifiesta que su voto es por subir la TPM a 3,25% y mantener el sesgo contractivo en el Comunicado. En razón de lo expuesto, el Presidente señor Rodrigo Vergara deja constancia que se acuerda por unanimidad de los señores Consejeros, aumentar la tasa de interés de política monetaria en 25 puntos base, hasta 3,25%, con un sesgo contractivo.",0.804770
RPM-2015-11-12:7151:1,RPM-2015-11-12,2015-11-12,2015,Joaquín Vial Ruiz-Tagle,Consejero,hawkish,0.6731452475475995,0.7656269043354198,0.0924816567878203,0.1418914388767599,0.9916379367584428,unanime,acuerdo_comunicado,acuerdo_comunicado,"Plantea que la caída de la producción minera ha sido compensada por una fortaleza algo mayor de la demanda interna, que se ha reflejado en un crecimiento del PIB Resto marginalmente más alto que el estimado inicialmente.","El Consejero señor Joaquín Vial agradece el trabajo de la Gerencia de División Estudios, reflejado en las minutas de antecedentes y de opciones, con las que manifiesta concordar en lo esencial. Expresa que a nivel internacional tiende a consolidarse el escenario delineado en el IPoM, con un fortalecimiento relativo de Estados Unidos de América y, en menor medida, de Europa, así como una desaceleración en los países emergentes, que en el caso de algunos países grandes, como Brasil y Rusia, se ha convertido en una recesión. Agrega que la postergación del inicio del ciclo de alzas en la tasa de interés de la Reserva Federal moderó la aversión al riesgo y las salidas de capitales desde los países emergentes, lo que podría cambiar dependiendo de la decisión y los mensajes que entregue ese organismo en su reunión del mes de diciembre. Hace notar que quizás si el único aspecto en el que hay una desviación significativa respecto del escenario base del IPoM es el deterioro de los precios de materias primas y, en particular, el del cobre, que refleja tanto una mayor debilidad de la demanda, especialmente de países emergentes, como una mayor fortaleza del dólar. En su opinión, en la medida que estas fuerzas persistan, es probable que se retrase la recuperación de estos precios, a pesar de los recortes de producción realizados. Indica que en el plano interno también se observa que las principales variables económicas han evolucionado en línea con el escenario base del IPoM. Plantea que la caída de la producción minera ha sido compensada por una fortaleza algo mayor de la demanda interna, que se ha reflejado en un crecimiento del PIB Resto marginalmente más alto que el estimado inicialmente. En su opinión, ello ha sido posible, al menos en parte, por la continuada fortaleza del mercado de trabajo, que ha dado soporte al consumo privado. Por otra parte, se observa por primera vez en bastante tiempo una revisión al alza de la inversión, la que va más allá de la ligada al sector inmobiliario. Llama la atención que eso ocurra sin que se observe una mejora significativa en las mediciones de expectativas. Respecto de la inflación, señala que no hay sorpresas materiales y que ella sigue evolucionando en línea con las proyecciones, lo que de continuar se debería reflejar en un aumento de las cifras anuales en los meses que vienen. En este contexto, concuerda con que las opciones planteadas por la Gerencia de División Estudios son válidas. Recuerda que en el IPoM se planteó un escenario base con un retiro parcial y gradual del estímulo monetario en los trimestres venideros; luego, como el escenario subyacente se ha mantenido en términos gruesos, la decisión de si subir ahora o en las próximas reuniones es una cuestión táctica. A su juicio, dado que las expectativas de los agentes de mercado se han acercado a la visión del IPoM y, en consecuencia, esperan que la próxima alza ocurra algo más adelante, parece preferible no sorprender, ya que ello podría provocar confusión. En razón de lo expuesto, expresa que su voto es por mantener la TPM en 3,25% en esta Reunión y un sesgo al alza en el Comunicado.",0.786678
RPM-2015-11-12:7153:1,RPM-2015-11-12,2015-11-12,2015,Sebastián Claro Edwards,Vicepresidente del Banco Central,hawkish,0.6625020666422561,0.789914514665256,0.12741244802299986,0.08267303731174416,0.9967713819828943,unanime,acuerdo_comunicado,acuerdo_comunicado,"Estima que los antecedentes acumulados justifican una trayectoria para la política monetaria en línea con lo que se anticipó hace algunos meses, lo que significa principalmente que el impulso monetario debiera continuar hacia adelante y que se requieren ajustes graduales de la TPM en los próximos trimestres.","El Vicepresidente señor Sebastián Claro señala que la decisión de hoy se da en un contexto con desarrollos externos e internos que considera relevantes. En el frente externo, destaca las cifras de empleo en Estados Unidos de América y la perspectiva de alza de tasa por parte de la Reserva Federal en el próximo mes de diciembre. Lo expresado, porque hasta hace pocas semanas, los mercados visualizaban una postergación de esta decisión hasta entrado el año 2016, lo que había impulsado los precios de los activos riesgosos en países emergentes, así como una apreciación de sus monedas. Ahora, en cambio, las cifras conocidas han revertido rápidamente esas tendencias y dan cuenta de un ajuste relevante en monedas y tasas. A su vez, indica que esta perspectiva de normalización de tasas en Estados Unidos de América, aunque sea lenta, junto con un impulso monetario mayor en Europa, como lo ha anticipado el Presidente del Banco Central Europeo, sugieren una presión alcista al dólar. En tal sentido, estima que un elemento central que hay que monitorear de cerca en los próximos meses es el riesgo de que esta presión sobre el dólar genere cambios importantes en la trayectoria de los precios de los commodities, en el tipo de cambio y en las perspectivas de inflación. En lo atinente al ámbito interno, hace presente que las cifras de inflación y actividad han estado, en lo grueso, bastante en línea con lo que se anticipó hace varios meses, en particular en el IPoM. En efecto, la inflación fue algo superior a lo esperado, pero en líneas generales es coherente con lo que se había planteado hace dos meses; y la inflación SAE, si bien ha sido algo más alta y también se espera que lo sea en los próximos trimestres, más que generar un cambio de escenario confirmaría una preocupación sobre su persistencia, particularmente en servicios, dado el contexto de un mercado laboral con limitadas muestras de holguras. Advierte que la inflación de servicios continúa dinámica, lo que debiera, en principio, mantenerse en adelante, salvo que se produjera un deterioro abrupto en el mercado laboral, cosa que no está contemplado en el escenario base. Por otro lado, plantea que las cifras de actividad y demanda también han estado en línea con lo proyectado en el mes de septiembre, con ciertos vaivenes, por cierto, especialmente en términos de la producción minera. A este respecto, indica que los antecedentes disponibles sugieren que la proyección de crecimiento para el 2016 debiera corregirse algo a la baja respecto del IPoM anterior, pero principalmente por una corrección en la producción del sector minería. Con todo, manifiesta que las cifras en los sectores resto siguen mostrando una economía con un crecimiento acotado, en torno a 2 - 2,5%, patrón que no se debiera modificar sustancialmente en los próximos trimestres. Estima que los antecedentes acumulados justifican una trayectoria para la política monetaria en línea con lo que se anticipó hace algunos meses, lo que significa principalmente que el impulso monetario debiera continuar hacia adelante y que se requieren ajustes graduales de la TPM en los próximos trimestres. En su opinión, ello podría traducirse en un incremento en el corto plazo en la TPM, mientras que otros movimientos adicionales podrían ser necesarios ya entrado el año 2016. Con los antecedentes disponibles hasta ahora y la preparación del próximo IPoM, que va a permitir profundizar en ello, manifiesta no tener la impresión de que las implicancias de política monetaria en el nuevo IPoM debieran ser sustancialmente distintas de estas y, por lo tanto, cree que la decisión de hoy se enmarca, de alguna manera, en ese mismo contexto. En su opinión, la decisión de hoy no es sobre la necesidad o no de tener que acordar un incremento adicional de la TPM, sino que básicamente del momento apropiado para ello y la coherencia en la comunicación que el Banco ha tenido con el mercado en los últimos meses. A su juicio, se podría justificar subir la tasa en esta oportunidad, ya que si bien el escenario base del IPoM del mes de septiembre se ha cumplido en lo grueso, los riesgos al alza en la inflación en el corto plazo siguen plenamente vigentes. Sin embargo, en esta ocasión, privilegia mantener una comunicación de acuerdo con lo obrado por el Banco en términos de manifestar una necesidad de aumentar gradualmente la TPM en el escenario base. De hecho, estima que un aumento en esta ocasión podría ser interpretado como una señal de aumento de tasa más agresivo que lo que pudiese ser deseable. En mérito de lo expuesto, el Vicepresidente señor Sebastián Claro manifiesta que favorece la opción de mantener la tasa en 3,25% y el sesgo al alza.",0.785829
RPM-2015-10-15:7106:1,RPM-2015-10-15,2015-10-15,2015,Joaquín Vial Ruiz-Tagle,Consejero,hawkish,0.637361349540625,0.7625247876096374,0.12516343806901245,0.11231177432135017,0.9876746855320345,unanime,acuerdo_comunicado,acuerdo_comunicado,"Por otra parte, señala que el crecimiento del empleo asalariado se ha recuperado, estabilizándose en 2% anual, con una composición sectorial más amplia y diversa, lo que unido al sostenido incremento en los salarios reales debería dar un respaldo relevante al crecimiento del consumo.","El Consejero señor Joaquín Vial inicia su intervención agradeciendo el trabajo de la Gerencia de División Estudios en la preparación de antecedentes y opciones para esta Reunión. Expresa que en el ámbito internacional se mantiene, a grandes rasgos, el escenario delineado en el IPoM, aunque en el margen se aprecia un deterioro adicional de algunos países emergentes, especialmente Brasil, y algo más de dudas respecto del desempeño de las economías desarrolladas, que, de alguna forma, se refleja también en una menor claridad respecto del curso que va a seguir la política monetaria en esos países, particularmente en Estados Unidos de América. En línea con lo mencionado en la presentación de antecedentes, considera preocupante la mayor vulnerabilidad que se percibe en los países de América del Sur, que alcanza también a países con economías bien manejadas, lo que obliga a evaluar los efectos de posibles contagios en la eventualidad de alzas de tasas en Estados Unidos de América y nuevos flujos de salida de capitales de países emergentes. Agrega que con respecto de las alzas de tasas en Estados Unidos de América, preocupa que se esté asentando una divergencia creciente entre las expectativas de los mercados financieros y la visión que parece ser mayoritaria en la Reserva Federal, al menos en lo que respecta a la oportunidad en que comenzaría el retiro del estímulo monetario, ya que dicha divergencia podría traducirse en un mayor impacto sobre los países emergentes de una acción temprana de ese organismo. En lo atinente al plano local, llama la atención sobre la sorpresa a la baja en la inflación, lo que de alguna forma cancela, al menos en parte, las sorpresas previas en la dirección opuesta, manteniendo vigente la visión expresada en el último IPoM. Plantea que la desaceleración de los salarios nominales es bienvenida, en un contexto en que todavía crecen a tasas elevadas; y en lo que concierne a la actividad, si bien destaca el choque negativo en la actividad minera, el resto de los indicadores se mantuvieron en línea con la proyección inicial. Por otra parte, señala que el crecimiento del empleo asalariado se ha recuperado, estabilizándose en 2% anual, con una composición sectorial más amplia y diversa, lo que unido al sostenido incremento en los salarios reales debería dar un respaldo relevante al crecimiento del consumo. Por su parte, se percibe también una suave tendencia al aumento en el flujo de crédito, a pesar de las condiciones más restrictivas para su otorgamiento que reportan los bancos. En su opinión, un factor adicional que vale la pena mencionar es que el proyecto de Ley de Presupuestos enviado al Congreso considera un aumento acotado del gasto, lo que, sin duda, es un logro destacable, y lo que representará un menor impulso a la demanda interna, pero que es concordante con los supuestos sobre los cuales se construyó la proyección del IPoM. En términos generales entonces, considera que el cuadro macroeconómico es coincidente con el delineado en el IPoM, por lo que después de un tiempo prolongado en que tanto la inflación efectiva y la SAE han estado por encima del rango de tolerancia, situación que además debería persistir por varios trimestres antes de su normalización, correspondería comenzar a retirar parcialmente el estímulo monetario actual. Tal como lo manifestó en la RPM pasada, estima que postergar más esta decisión incrementa la probabilidad de tener que hacer un ajuste más brusco en el futuro, en la medida que la economía se mantenga en la trayectoria prevista. Por esta razón, señala que su voto es por subir la TPM a 3,25%. Asimismo, manifiesta su conformidad con mantener el sesgo en el Comunicado, aunque en este aspecto expresa su disposición a sumarse a lo propuesto por el Consejero señor Pablo García, que se basa también en lo planteado por el Gerente de División Política Financiera señor Claudio Raddatz, en el sentido de dejar en claro también la necesidad de mantener los grados de flexibilidad necesarios para adaptar la política monetaria a los cambios en el escenario.",0.771442
RPM-2005-05-12:255:1,RPM-2005-05-12,2005-05-12,2005,Pablo García Silva,Gerente de Análisis Macroeconómico,neutral,0.0044762788811392226,0.015708541735197073,0.01123226285405785,0.9730591954107451,0.9325689703329896,unanime,otros,mercados_financieros,"El señor Gerente de Análisis Macroeconómico señala que, en primer lugar la brecha grande entre crecimiento de la demanda y el crecimiento del PIB empieza a generarse justamente después de la apreciación del tipo de cambio real de fines del 2003.","El señor Gerente de Análisis Macroeconómico señala que, en primer lugar la brecha grande entre crecimiento de la demanda y el crecimiento del PIB empieza a generarse justamente después de la apreciación del tipo de cambio real de fines del 2003. En segundo lugar, le parece que si el tipo de cambio no se hubiera apreciado se habría tenido un superávit en cuenta corriente aún mayor, del orden de tres puntos del PIB.",0.972885
RPM-2005-09-08:376:1,RPM-2005-09-08,2005-09-08,2005,Esteban Jadresic Marinovic,Gerente de División Internacional,neutral,0.021282815643627696,0.03586921253217841,0.014586396888550712,0.9495443905792709,0.9529056735488277,unanime,actividad_interna,otros,"Finalmente, agrega el señor Jadresic, que existe un efecto que venía desde antes y que dice relación con la fortaleza de la demanda por combustible. Dicha demanda continúa sin ceder a pesar de los altos precios, y una oferta que no reacciona.","En relación con el mercado del petróleo y a los efectos del huracán Katrina, el Gerente de División Internacional señor Esteban Jadresic, indica que el precio del petróleo a comienzos del mes pasado era del orden de US$ 60 el barril y que comenzó a subir antes del huracán, para llegar a US$ 70 después de éste. Señala que, con posterioridad, el precio cayó a US$ 64, lo que de todos modos es un precio más alto que el previsto. Por consiguiente, le parece que el huracán produjo un efecto, pero que se disipó porque la estimación del daño de la producción del petróleo por esa situación es de alrededor un 2.5% de la producción del Golfo de México, lo que a nivel mundial resulta bastante menor. Finalmente, agrega el señor Jadresic, que existe un efecto que venía desde antes y que dice relación con la fortaleza de la demanda por combustible. Dicha demanda continúa sin ceder a pesar de los altos precios, y una oferta que no reacciona.",0.963513
RPM-2005-08-11:329:1,RPM-2005-08-11,2005-08-11,2005,Nicolás Eyzaguirre Guzmán,Ministro de Hacienda,neutral,0.0026399132727340704,0.014458016324697731,0.01181810305196366,0.9737238806233386,0.844165104235174,unanime,mercados_financieros,mercados_financieros,"El señor Ministro de Hacienda consulta, respecto a los mercados financieros, si existe alguna conjetura sobre si el efecto de las tasas externas tiende a ser más fuerte según el plazo respecto de las expectativas de curso de la TPM o es indiferente, o sólo influye la expectativa de la TPM.","El señor Ministro de Hacienda consulta, respecto a los mercados financieros, si existe alguna conjetura sobre si el efecto de las tasas externas tiende a ser más fuerte según el plazo respecto de las expectativas de curso de la TPM o es indiferente, o sólo influye la expectativa de la TPM.",0.959446
RPM-2005-05-12:251:1,RPM-2005-05-12,2005-05-12,2005,Nicolás Eyzaguirre Guzmán,Ministro de Hacienda,neutral,-0.019918911360064046,0.01681969687676118,0.036738608236825225,0.9464416948864136,0.946693873245857,unanime,actividad_interna,actividad_interna,"Una demanda liderada por la inversión, vis a vis un ciclo liderado por el consumo, debiera tener distintos comportamientos en términos de la brecha gasto producto. Cree que el año 1987 y el año 1988 fueron dos años también de demanda liderada por la inversión, y habría que observar si se produjo esta apertura.","El señor Ministro de Hacienda agrega a lo ya expuesto, que el efecto composición es una posible explicación. Una demanda liderada por la inversión, vis a vis un ciclo liderado por el consumo, debiera tener distintos comportamientos en términos de la brecha gasto producto. Cree que el año 1987 y el año 1988 fueron dos años también de demanda liderada por la inversión, y habría que observar si se produjo esta apertura.",0.956652
RPM-2005-02-10:112:1,RPM-2005-02-10,2005-02-10,2005,Mario Marcel Cullell,Ministro de Hacienda (S),neutral,0.026318707479299437,0.04688706356250443,0.020568356083204994,0.9325445803542906,0.9481821922222137,unanime,otros,otros,Estima que la relación algo más débil entre crecimiento e inflación tiene que ver con la estructura del crecimiento que se ve reflejada en el comportamiento que se observa en los precios.,"Nuevamente el señor Ministro de Hacienda Subrogante, don Mario Marcel, interviene para enfatizar que la manera en que se interpreta este escenario de mayor crecimiento no puede ser neutral a la composición del crecimiento. Estima que la relación algo más débil entre crecimiento e inflación tiene que ver con la estructura del crecimiento que se ve reflejada en el comportamiento que se observa en los precios.",0.946359
RPM-2005-04-07:204:2,RPM-2005-04-07,2005-04-07,2005,María Elena Ovalle Molina,Consejera,neutral,0.01219399501094764,0.02372766278302974,0.011533667772082099,0.9647386694448882,0.9347863266897601,unanime,escenario_internacional,escenario_internacional,"La Consejera señora Ovalle, sobre este punto, hace presente que tiene dos preguntas que formular, la primera de ellas es respecto del efecto que ha tenido el precio internacional del petróleo sobre la inflación externa relevante de Chile.","La Consejera señora Ovalle, sobre este punto, hace presente que tiene dos preguntas que formular, la primera de ellas es respecto del efecto que ha tenido el precio internacional del petróleo sobre la inflación externa relevante de Chile. La segunda, es sí las modificaciones de los supuestos de precio del cobre y del petróleo han modificado la proyección que se tiene en los términos de intercambio, es decir, lo que se ha dicho antes, que para el 2005 iba a ser menos 5% y menos 2,7% para el 2006.",0.913143
RPM-2006-06-15:681:1,RPM-2006-06-15,2006-06-15,2006,Jorge Desormeaux Jiménez,Consejero,neutral,0.016680489249841324,0.025522886689158215,0.00884239743931689,0.9656347158715249,0.9345373997123492,unanime,escenario_internacional,escenario_internacional,El Consejero señor Desormeaux consulta si el Gerente señor Lehmann entregará alguna referencia acerca de las expectativas de inflación de Estados Unidos de América y agrega que le parece que en un país que no tiene metas de inflación no se aprecia una preocupación por el tema.,El Consejero señor Desormeaux consulta si el Gerente señor Lehmann entregará alguna referencia acerca de las expectativas de inflación de Estados Unidos de América y agrega que le parece que en un país que no tiene metas de inflación no se aprecia una preocupación por el tema. Tal vez la inquietud dice relación con que las expectativas de inflación en ese país se han elevado.,0.970506
RPM-2006-04-13:637:1,RPM-2006-04-13,2006-04-13,2006,Rodrigo Valdés Pulido,Gerente de División Estudios,neutral,0.010953411692491602,0.02805890370668273,0.017105492014191127,0.9548356042791262,0.9746333643785243,unanime,escenario_internacional,escenario_internacional,"El Gerente de División Estudios señor Valdés cree que es un asunto de competitividad de un sector en particular como consecuencia de un shock de precios. Agrega que, de todos modos, ahora no es un shock de demanda interna.","El Gerente de División Estudios señor Valdés cree que es un asunto de competitividad de un sector en particular como consecuencia de un shock de precios. Agrega que, de todos modos, ahora no es un shock de demanda interna. Señala que quizás ese es el término, pero cuando hablamos de shock de demanda estamos pensando más circunscritamente en consumo de inversiones. Asimismo, agrega el Gerente señor Valdés, que otro aspecto además del trigo, son las lluvias del año pasado, que afectaron ciertos sectores frutícolas más de lo que se tenía previsto hasta hace un tiempo, lo cual afecta no solamente al sector agrícola sino que también principalmente al sector industrial asociado a la fruta. Indica, que en todo caso estos temas agrícolas que estamos comentando pesaron mucho en el trimestre pasado, y en el primer trimestre de este año, y no en el segundo o tercero, debido a la estacionalidad propia de estos sectores.",0.940656
RPM-2006-10-12:912:1,RPM-2006-10-12,2006-10-12,2006,Rodrigo Valdés Pulido,Gerente de División Estudios,neutral,-0.006767195262396605,0.023293417672451796,0.0300606129348484,0.9466459693926998,0.9849844462953585,unanime,actividad_interna,actividad_interna,"Señala, por ejemplo que observando el IPoM de mayo, una de las grandes noticias de septiembre versus ese mes era una demanda interna un poco más débil, pero mucho más el PIB relativo a la corrección de la demanda interna y, en el margen, nos está sucediendo lo mismo.","Sobre el particular, el Gerente de División señor Rodrigo Valdés, comenta que el ejercicio correcto solamente se puede hacer trimestralmente como se hizo para el IPoM, y allí se cuenta con datos de consumo verdadero. Menciona que de lo que se está hablando con respecto a consumo del tercer trimestre es un supuesto, ya que no hay ningún dato duro. Señala, que lo que debe efectuarse cuando se obtengan los datos trimestrales, es reconstruir, tal como se hizo antes del IPoM, para asignar a través de la matriz de consumo producto cuánto es el componente importado y cuánto es el nacional. Agrega que en general, quiere llamar la atención en relación a este tema de que existen muchas importaciones y por lo tanto la filtración de la demanda interna desde el exterior nos viene sorprendiendo por varios trimestres. Señala, por ejemplo que observando el IPoM de mayo, una de las grandes noticias de septiembre versus ese mes era una demanda interna un poco más débil, pero mucho más el PIB relativo a la corrección de la demanda interna y, en el margen, nos está sucediendo lo mismo.",0.939029
RPM-2006-06-15:689:1,RPM-2006-06-15,2006-06-15,2006,Klaus Schmidt-Hebbel Dunker,Gerente de Investigación Económica,neutral,0.014309955786511694,0.023328928647919467,0.009018972861407773,0.9676520984906727,0.8749775971759283,unanime,inflacion,inflacion,"El Gerente de Investigación Económica señor Klaus Schmidt-Hebbel, con respecto a la explicación del Gerente señor Lehmann acerca de la compensación inflacionaria en Estados Unidos de América señala que es efectivamente un cambio de compensación inflacionaria, no tanto por cambio de portafolio hacia o desde activos.","El Gerente de Investigación Económica señor Klaus Schmidt-Hebbel, con respecto a la explicación del Gerente señor Lehmann acerca de la compensación inflacionaria en Estados Unidos de América señala que es efectivamente un cambio de compensación inflacionaria, no tanto por cambio de portafolio hacia o desde activos. Le parece que es más sensible a las noticias un país sin metas de inflación, lo que indica que en esas economías la compensación se mueve en una mayor medida.",0.937325
RPM-2006-10-12:916:1,RPM-2006-10-12,2006-10-12,2006,Beltrán de Ramón Acevedo,Gerente de Mercados Financieros Nacionales,neutral,-0.005617172312540542,0.023155574070985636,0.028772746383526178,0.9480716795454882,0.9626775695015999,unanime,inflacion,inflacion,Agrega que la inflación entre 2 y 10 años que se deriva de los precios está anclada al 10%; y agregar que para la parte de 2 años resulta más difícil calcularlo porque existen por parte de los fondos mutuos muchos movimientos en torno a los papeles que dificultan tener una apreciación.,"El Gerente de Mercados Financieros Nacionales señor Beltrán de Ramón, señala que los antecedentes que ha presentado están tomados de papeles a 2, 5 y a 10 años, tanto en unidades de fomento como en pesos. Agrega que la inflación entre 2 y 10 años que se deriva de los precios está anclada al 10%; y agregar que para la parte de 2 años resulta más difícil calcularlo porque existen por parte de los fondos mutuos muchos movimientos en torno a los papeles que dificultan tener una apreciación. En todo caso, indica que la forward de 1 a 2 años se encuentra en 2,5%, con los datos más recientes.",0.934548
RPM-2007-12-13:1594:4,RPM-2007-12-13,2007-12-13,2007,Manuel Marfán Lewis,Consejero,neutral,0.012199585579950425,0.021988893338193993,0.009789307758243567,0.9682217989035624,0.9636668205231544,unanime,mercados_financieros,mercados_financieros,"El Consejero señor Manuel Marfán señala que quiere complementar este tema en el sentido que a la crisis del gas sumaría el tipo de cambio, porque para efectos prácticos se trata de precios relativos, entonces se pregunta cuánto de esta situación es explicado por precios relativos; porque le han subido los costos y no pueden vender a precios reales equivalentes.","El Consejero señor Manuel Marfán señala que quiere complementar este tema en el sentido que a la crisis del gas sumaría el tipo de cambio, porque para efectos prácticos se trata de precios relativos, entonces se pregunta cuánto de esta situación es explicado por precios relativos; porque le han subido los costos y no pueden vender a precios reales equivalentes. Agrega, que en estos casos el industrial que optimiza el modelo neoclásico más puro lo que tiene únicamente son egresos y costos y los ingresos no han subido en término de los precios relativos y sí los costos.",0.966721
RPM-2007-09-13:1434:1,RPM-2007-09-13,2007-09-13,2007,Igal Magendzo Weinberger,Gerente de Análisis Macroeconómico,neutral,0.010425985646027536,0.034827380556369344,0.02440139491034181,0.9407712245332889,0.995515630295247,unanime,mercados_financieros,mercados_financieros,"El Gerente de Análisis Macroeconómico señala que las expectativas de inflación de corto plazo del sector privado apuntan a una inflación al mes de diciembre de este año, marginalmente mayor que las proyecciones internas y se mantienen cerca de 3% para el horizonte de largo plazo.","El Gerente de Análisis Macroeconómico indica que el tipo de cambio nominal, aunque ha tenido una volatilidad algo mayor que la habitual por las turbulencias en el mercado financiero internacional, se ubica en niveles menores respecto de lo que se observaba al momento de la publicación del IPoM, lo que también se aprecia en sus medidas multilaterales. Menciona el señor Gerente, que esta situación se ha intensificado en el últimos dos días, lo que es coherente con expectativas de recortes mayores en las tasas de interés en Estados Unidos de América. Señala que el tipo de cambio real, por su parte, muestra una leve caída de su nivel en los últimos datos, desde casi 95 en el mes de mayo a cerca de 93 en agosto, principalmente vinculada a la mayor inflación interna que se ha observado en los últimos meses. Hace presente también, que el crecimiento de la actividad y de los indicadores de demanda del mes de julio fue menor que lo observado en meses previos y que lo anticipado en el escenario base del IPoM. No obstante, señala que la volatilidad de esta información es alta, especialmente considerando el efecto calendario. Todo ello lleva a que la información del mes de julio no sea suficiente para modificar el escenario base de crecimiento anual incluido en el IPoM del mes de septiembre, aunque ratifica la evaluación que el balance de riesgos para la actividad está sesgado a la baja. Así, los indicadores de actividad y demanda del mes de julio mostraron tasas de crecimiento anual menores que las de meses anteriores, en parte por el desempeño de sectores específicos tales como minería y electricidad, gas y agua, EGA, y por efectos calendario. Agrega que en el mes de julio el Imacec aumentó 4,0% anual, 4,6% corregido por efecto calendario, que constituye el menor crecimiento del año. Indica que el menor número de días hábiles continuará afectando a la actividad en el curso del tercer trimestre, en particular por el feriado que se decretó para el día 17 de septiembre del año en curso. Señala el señor Magendzo, que los indicadores de consumo también mostraron en el mes de julio tasas de variación anual menores que las de meses anteriores, tanto en su componente durable como habitual. Agrega que al mismo tiempo, las percepciones de los consumidores siguen deteriorándose, llegando al menor nivel del año. Señala que no obstante, los datos del mes de agosto de las importaciones de bienes de consumo indican un crecimiento significativo en sus valores de un 27%. Por su parte, los indicadores de inversión mantuvieron su dinamismo y los indicadores de edificación, IMACON, permanecieron con un crecimiento anual similar al exhibido en los últimos meses, de 5,4%, mientras las colocaciones hipotecarias siguen dinámicas. La variación anual de las ventas de viviendas nuevas informadas por la Cámara Chilena de la Construcción volvió a ser negativa en el mes de julio, de menos 14,9% y menos 15,6% el mes anterior, con lo cual los meses para agotar stock aumentaron de 17,7% a 18,3%. Por otra parte, en el mes de agosto las importaciones de bienes de capital alcanzaron niveles nominales históricos — según la Compilación de Referencia 2003, CdeR—, llegando a US$ 638 millones y con tasas de incremento anual del orden de 27%. Por el lado de la actividad sectorial, el señor Magendzo indica que coherente con el bajo crecimiento del consumo en el mes de julio, se apreció un moderado incremento de la actividad del comercio. A su vez, la industria, afectada en parte por las restricciones de gas natural en la producción de metanol y la menor cantidad de días hábiles, creció a una tasa anual también menor que la de meses anteriores. En la actividad sectorial, también incidieron negativamente los sectores de recursos naturales. Menciona que como ha sido lo habitual durante este año, el valor agregado de la generación eléctrica aportó negativamente al Imacec, a lo que se sumó la caída en la producción minera, determinada en parte por los conflictos laborales de empresas del sector. Por el lado del comercio exterior, a los ya comentados incrementos de las importaciones de bienes de consumo y de capital, se sumó un bajo crecimiento de las exportaciones, especialmente mineras. Por otra parte, el señor Gerente de Análisis Macroeconómico menciona que los datos del mercado laboral del mes de julio continuaron mostrando un crecimiento importante del empleo en términos anuales de 3,2%, con un empleo asalariado que siguió registrando tasas de incremento en torno a 5% anual. Indica que la tasa de desempleo nacional, eliminada estacionalidad, se ubicó en 6,5%, más 0,3 punto porcentual respecto del mes previo y sigue por debajo de varias estimaciones para su valor, coherente con la estabilidad de precios. Asimismo, comenta el señor Magendzo que el crecimiento anual y la velocidad de expansión de las distintas medidas de salarios nominales registraron un incremento significativo en el mes de julio. El incremento anual del costo de la mano de obra subió a 5,7%, 4,7% en junio y, el crecimiento del IREM llegó a 8,1% anual, 6,7% en junio, ampliándose la brecha entre ambos. Señala que con un dato adicional no se puede precisar con exactitud cuánto del aumento de los salarios responde a la indización esperable, en atención a los niveles que ha alcanzado la inflación en lo más reciente y cuánto de ello pudiera responder a un traspaso mayor que lo habitual de este mismo fenómeno. Sin embargo, los CLU en el último registro estarían creciendo algo más que la indexación habitual, aunque todavía dentro de rangos coherentes con la meta de inflación. En el caso del los IREM, este crecimiento es mucho mayor. Hace presente el señor Gerente de Análisis Macroeconómico que en el mes de agosto nuevamente se registró un alto incremento mensual de la inflación, destacando, una vez más, el aumento en los precios de los alimentos perecibles y no perecibles. Menciona que el IPC tuvo un incremento mensual de 1,1%, 4,7% anual, mientras los indicadores de inflación subyacente — IPCX e IPCX1— aumentaron 0,8%, 4,2% anual y 0,7%, 5% anual, respectivamente. Agrega que el escenario base del IPoM de septiembre incorporaba para el mes de agosto una inflación mensual mayor que las proyecciones de mercado, pero, aun así, algo menor que el dato efectivo. Señala que las velocidades de expansión de los tres indicadores continuaron aumentando, ubicándose sobre 7% en el caso del IPCX1. Asimismo, las medidas de tendencia inflacionaria registraron importantes aumentos, ubicándose sobre 4% anual las medias podadas por subgrupos y por artículos y, en 3,2% la medida que poda los componentes más volátiles. Por su parte, la medición del IPC que excluye los precios de la energía y los alimentos, continúa anotando incrementos anuales inferiores a 2%, mientras que el IPCX1, sin alimentos, creció 2,6% anual, levemente por encima del promedio del año 2006 que fue 2,5%. El Gerente de Análisis Macroeconómico señala que las expectativas de inflación de corto plazo del sector privado apuntan a una inflación al mes de diciembre de este año, marginalmente mayor que las proyecciones internas y se mantienen cerca de 3% para el horizonte de largo plazo. Hace presente que según la Encuesta de Expectativas Económicas de septiembre la inflación se ubicaría en 5,7% anual, 4,8% en el mes de agosto. Señala que a un plazo mayor, también alineado con el escenario base del IPoM, las expectativas de inflación, incorporando la transitoriedad de los shocks de precios actuales, se mantienen en 3,5% y 3% a uno y dos años plazo, respectivamente. Asimismo, el señor Magendzo señala que por su lado, la encuesta a los operadores de mesas de dinero prevé una inflación a un año de 3,7%, 3,5% en agosto, proyección que a dos años se mantiene en 3,2%, 3,15% en el mes de agosto. Agrega que las medidas indirectas de expectativas de inflación que se derivan de los precios de los activos financieros presentan movimientos mixtos. La compensación inflacionaria de 1 en 1 disminuye, contemplando una inflación de 3,18%, 3,60% en el mes de agosto. Menciona que a mayor plazo, en cambio, muestran aumentos de distinta magnitud. La de 3 en 2 se ubica en 3,71%, 3,43% en agosto y la de 5 en 5 en 3,23%, 3,20% en agosto. No obstante las desviaciones de la inflación respecto de su valor esperado, los niveles de las expectativas no son diferentes a los valores que han alcanzado en períodos de inflación elevada. Finalmente, señala que los indicadores de expectativas de inflación en base a encuestas a consumidores y empresarios, IPEC e IMCE, también presentan alzas en la inflación esperada para los próximos 12 meses.",0.966082
RPM-2007-12-13:1598:1,RPM-2007-12-13,2007-12-13,2007,Esteban Jadresic Marinovic,Gerente de División Operaciones Financieras,neutral,-0.00014774432192420778,0.02232810275136526,0.02247584707328947,0.9551960501753453,0.9618317960102566,unanime,mercados_financieros,mercados_financieros,"El Gerente de División Operaciones Financieras señor Jadresic señala que en relación a lo expresado por el Consejero señor Marfán, efectivamente se ha observado en el mercado que esa inflación sobre 7%, es algo que sorprendió y se está reevaluando el interés por los papeles nominales, porque se ha visto que el riesgo inflacionario asociado a esos papeles es mayor, lo que lleva a repensar que en realidad son preferibles los instrumentos en UF.","El Gerente de División Operaciones Financieras señor Jadresic señala que en relación a lo expresado por el Consejero señor Marfán, efectivamente se ha observado en el mercado que esa inflación sobre 7%, es algo que sorprendió y se está reevaluando el interés por los papeles nominales, porque se ha visto que el riesgo inflacionario asociado a esos papeles es mayor, lo que lleva a repensar que en realidad son preferibles los instrumentos en UF. Lo anterior se ha podido apreciar en las decisiones de las Administradoras de Fondos de Pensiones las que han estado desprendiéndose de títulos en pesos e inclinándose por instrumentos en UF. Comenta también el señor Jadresic que las cifras que se presentan en los gráficos están basadas en los mercados swaps, los que constituyen una mejor referencia para el cálculo de las compensaciones inflacionarias que el mercado de bonos. Todos estos juicios son relativos y se hacen menos relevantes en los plazos más largos, ya que en esos plazos estos mercados son menos líquidos lo que se puede observar en el caso de mercados de bonos.",0.949300
RPM-2007-03-15:1113:1,RPM-2007-03-15,2007-03-15,2007,Beltrán de Ramón Acevedo,Gerente de Mercados Financieros Nacionales,neutral,0.011344447372448774,0.03741119595966633,0.026066748587217553,0.936522055453116,0.9721504196856265,unanime,escenario_internacional,otros,"Menciona el señor De Ramón, que le llama la atención el gráfico que muestra la contribución al crecimiento del cuarto trimestre, donde el consumo tiene alrededor de tres puntos o la mitad del crecimiento de Estados Unidos de América.","El Gerente de Mercados Financieros Nacionales, señor Beltrán De Ramón resalta que el único comentario que tiene por el lado económico es que Japón está bien, también China y Europa y que los Estados Unidos de América es la gran incógnita. Menciona el señor De Ramón, que le llama la atención el gráfico que muestra la contribución al crecimiento del cuarto trimestre, donde el consumo tiene alrededor de tres puntos o la mitad del crecimiento de Estados Unidos de América. Agrega el señor De Ramón, que el año pasado la situación del mercado inmobiliario, que obviamente llevaba un menor consumo, fue compensado por el aumento del equity. El Dow Jones subió el año pasado 16,3% lo que no se está presentando ahora. El Gerente de Mercados Financieros Nacionales agrega que hay dos factores que afectan la riqueza y, por lo tanto, el consumo en los norteamericanos. Señala que este año el Dow Jones lleva una caída de 2,7%, sin contar lo que está pasando hoy que es al alza, pero si estas turbulencias se mantienen y estos índices caen más, el señor De Ramón menciona que podría estar severamente afectado el consumo y eso lo encuentra preocupante.",0.930236
RPM-2007-08-09:1381:1,RPM-2007-08-09,2007-08-09,2007,Vittorio Corbo Lioi,Presidente del Banco Central,neutral,-0.0010760559823666076,0.018427677347723364,0.01950373333008997,0.9620685893221868,0.7198755828606295,unanime,actividad_interna,actividad_interna,"El Presidente señor Vittorio Corbo comenta que hubiera pensado que en este momento se comenzará a ver una desaceleración más fuerte de crecimiento MI, atendido el alto aumento en el costo de material de dinero, ya que si la demanda está cayendo y la oferta sigue creciendo, igual existe algún problema y esperaría que la demanda empiece a contradecir este fenómeno, lo que no se observa.","El Presidente señor Vittorio Corbo comenta que hubiera pensado que en este momento se comenzará a ver una desaceleración más fuerte de crecimiento MI, atendido el alto aumento en el costo de material de dinero, ya que si la demanda está cayendo y la oferta sigue creciendo, igual existe algún problema y esperaría que la demanda empiece a contradecir este fenómeno, lo que no se observa.",0.924920
RPM-2008-03-13:1719:2,RPM-2008-03-13,2008-03-13,2008,Igal Magendzo Weinberger,Gerente de Análisis Macroeconómico,neutral,0.0042176396812048204,0.01781729383852022,0.0135996541573154,0.9685830520041645,0.9424734661213556,unanime,mercados_financieros,mercados_financieros,"Respecto a expectativas de mercado, el señor Magendzo indica que las mesas de dinero están esperando, a un año, inflaciones en torno a 4,7% y también la Encuesta de Expectativas aumenta su expectativa de inflación por sobre 4% a un año.","El señor Magendzo responde que efectivamente así es, pero no lo suficiente, ya que además hay un cierto rezago entre los costos marginales que se miran y la fijación tarifaría. Respecto a expectativas de mercado, el señor Magendzo indica que las mesas de dinero están esperando, a un año, inflaciones en torno a 4,7% y también la Encuesta de Expectativas aumenta su expectativa de inflación por sobre 4% a un año. A dos años las mesas de dinero están esperando 4%, mientras que la Encuesta de Expectativas persiste por segundo mes en 3,2% y esa es la inflación esperada para Chile.",0.971810
RPM-2008-09-04:2073:1,RPM-2008-09-04,2008-09-04,2008,Andrés Velasco Brañes,Ministro de Hacienda,neutral,0.0059184294104358826,0.03053446262747244,0.024616033217036558,0.944849504155491,0.9670782094118573,unanime,mercado_laboral,mercado_laboral,"En consecuencia, señala que si ese cuociente dejara de comportarse de modo irregular, lo más natural sería que con estas tasas de crecimiento se produjera una caída en la demanda por trabajo, lo que tendería a reforzar esa tendencia a la baja en el salario real y, más bien, constituiría una fuente de desinflación.","El Ministro de Hacienda señor Andrés Velasco sobre este mismo tema indica que sus dudas tienen que ver con el comentario efectuado por el Consejero señor Manuel Marfán. A su parecer, existe el temor que un crecimiento tan fuerte del empleo sea un fenómeno transitorio, porque las productividades no son consistentes. Es decir, la productividad del trabajo no solo se observa en los Costos Laborales Unitarios porque éstos incluyen productividad y salarios, pero lo que está pasando con el cuociente dividido por L es muy extraño. En consecuencia, señala que si ese cuociente dejara de comportarse de modo irregular, lo más natural sería que con estas tasas de crecimiento se produjera una caída en la demanda por trabajo, lo que tendería a reforzar esa tendencia a la baja en el salario real y, más bien, constituiría una fuente de desinflación. Agrega, que lo anómalo en ese comportamiento del empleo es hasta cuándo durará con las tasas que se observan.",0.958630
RPM-2008-08-14:2011:2,RPM-2008-08-14,2008-08-14,2008,Enrique Marshall Rivera,Consejero,neutral,0.008320227645496392,0.027451006725033412,0.01913077907953702,0.9534182141954297,0.9836776056102066,unanime,inflacion,inflacion,"Señala que quisiera conocer si existen otros elementos que influyen o se trata al final, de una suma de pequeñas historias, pero en todo caso le parece poco convincente cuando se observa un crecimiento del consumo y de la demanda todavía relativamente rigurosos.","Con respecto al tema de los crecimientos sectoriales, el Consejero señor Enrique Marshall indica que se tienen buenas explicaciones para casi todos los sectores. Comenta que sin embargo, en el caso de la industria desconoce si se tiene alguna explicación para lo que sucede. Menciona también que generalmente se recurre a ciertos elementos puntuales como el metanol o las plantas de celulosa, donde se acelera la producción para explicar este fenómeno. No obstante, parte de la industria se ve afectada por el sector recursos naturales y en ese caso las divisiones no son muy claras. Agrega el señor Consejero que plantea este comentario porque le intriga lo que sucede con la industria, porque se tiene, por ejemplo, una demanda fuerte en inversión y en consumo, pero la industria en general es débil y está dando sorpresas todos los meses. Señala que quisiera conocer si existen otros elementos que influyen o se trata al final, de una suma de pequeñas historias, pero en todo caso le parece poco convincente cuando se observa un crecimiento del consumo y de la demanda todavía relativamente rigurosos.",0.944000
RPM-2008-10-09:2112:2,RPM-2008-10-09,2008-10-09,2008,Felipe Jaque,Gerente de Análisis Internacional (S),neutral,0.0033021331653982113,0.03092419126982692,0.02762205810442871,0.9414537506257444,0.9535351319508634,unanime,opciones_tpm,opciones_tpm,"Comenta que al respecto se hizo una estimación en que el impacto es un punto menos de crecimiento en las economías desarrolladas y menos de un punto negativo en economías emergentes, considerando la caída de precios de los commodities que es bastante abrupta, en lo más reciente.","El señor Felipe Jaque indica que es importante considerar que para las economías emergentes se está tomando en cuenta una “elasticidad” del efecto de menor crecimiento en economías desarrolladas, mayor de lo que se ha observado en los últimos quince años. Comenta que al respecto se hizo una estimación en que el impacto es un punto menos de crecimiento en las economías desarrolladas y menos de un punto negativo en economías emergentes, considerando la caída de precios de los commodities que es bastante abrupta, en lo más reciente. Agrega el expositor que para Estados Unidos de América, la Zona Euro y Japón lo que se ha hecho en esta presentación es perfilar lo que sería un escenario de recesión, considerando las velocidades del PIB para la segunda mitad del 2008 y para la primera mitad del 2009. Finalmente, indica el señor Jaque que todo lo anterior configura un precio del petróleo, convergiendo bastante rápido hacia los 80 dólares y un precio del cobre también convergiendo.",0.933199
RPM-2008-05-08:1814:1,RPM-2008-05-08,2008-05-08,2008,María Olivia Recart Herrera,Ministro de Hacienda (S),neutral,-0.002998663285523853,0.043203463306299,0.04620212659182285,0.9105944101018781,0.9679726567796519,unanime,inflacion,inflacion,"Comenta además que el tema del traspaso de los precios es más difícil porque Chile es comprador de granos y en el tema de la compra se tiende a exceder los límites, lo que produce un período de rezago de transferencia de precios un poco más largo de lo que se podría desear, porque los stocks están altos.","La Ministra de Hacienda Subrogante, señor María Olivia Recart comenta que le parece que el análisis efectuado es correcto y por su parte también opina que la oferta reacciona. Señala que en Chile este fenómeno se ha visto en los últimos dos años, no en el tema del trigo, sino en el lupino, que es un grano de gran contenido proteico, cuyas proteínas se usan para fabricar alimento para salmones, en reemplazo de la proteína que se obtiene de la harina de pescado cuyo precio ha subido demasiado, y de los aceites de pescado, que estaban escasos en el mercado y también con precios altos, encareciendo por lo tanto el alimento para los salmones. Indica la señora Ministra de Hacienda Subrogante que en el año 2004 se cultivaban en Chile 700 hectáreas de lupino y a partir de la cadena de contratos que se efectuaron entre proveedores y precios establecidos por un período y de un sistema financiero, hoy existen 15 mil hectáreas de dicho producto sembradas en el sur, en la zona de Temuco. Expresa en primer lugar, que si bien hay restricciones de oferta, éstas son temporales y se ajustan. En segundo lugar, señala que en el tema de la productividad, los cultivos que están sembrados son celulosa, maíz, arroz, y probablemente hay poco espacio de productividad en esos granos, pero lo que pasa o puede pasar es que se incorpore con más fuerza el cultivo transgénico, que países que hoy que no cultivan transgénicos comiencen a hacerlo, con una escala de 1 a 10 en rendimiento por hectárea. Como tercer punto, indica que también está el tema del aumento de superficies cultivadas con productos de reemplazo. Agrega que actualmente en Chile hay gente que podría estar pensando en recuperar tierras por el conflicto mapuche. Hay gente que está pensando en vender lo que tiene a tala rasa para recuperar tierras que eran agrícolas trigueras, pensando que lo planteado es un boom de un periodo más largo y sostenido. Comenta además que el tema del traspaso de los precios es más difícil porque Chile es comprador de granos y en el tema de la compra se tiende a exceder los límites, lo que produce un período de rezago de transferencia de precios un poco más largo de lo que se podría desear, porque los stocks están altos.",0.910391
RPM-2009-09-08:2698:1,RPM-2009-09-08,2009-09-08,2009,José De Gregorio Rebeco,Presidente del Banco Central,neutral,0.0018424700507992525,0.025944611666707095,0.024102141615907843,0.949953246717385,0.9068310105239835,unanime,escenario_internacional,escenario_internacional,"Además, la inflación que disminuye no corresponde a precios de productores, sino que a ítems bien específicos, como la electricidad, la que aumentaría la demanda por trabajo. En razón de ello, sostiene que resulta complicada la interpretación.","El Presidente De Gregorio menciona que las variaciones anuales de los salarios nominales están cayendo y lo que ocurre es que la inflación ha caído mucho más rápido. Además, la inflación que disminuye no corresponde a precios de productores, sino que a ítems bien específicos, como la electricidad, la que aumentaría la demanda por trabajo. En razón de ello, sostiene que resulta complicada la interpretación.",0.953716
RPM-2009-04-09:2478:4,RPM-2009-04-09,2009-04-09,2009,Andrés Velasco Brañes,Ministro de Hacienda,neutral,0.0061015481423177045,0.03794273070618002,0.031841182563862314,0.9302160867299577,0.9327585793290115,unanime,mercados_financieros,mercados_financieros,"Al respecto, el señor Ministro indica que si se proyecta la inflación a diciembre, y si se da esa secuencia de escalones, tienes una inflación. Si proyectas la inflación a diciembre sin esos escalones, tienes otra inflación que es más menos 0,6 inferior.","Al respecto, el señor Ministro indica que si se proyecta la inflación a diciembre, y si se da esa secuencia de escalones, tienes una inflación. Si proyectas la inflación a diciembre sin esos escalones, tienes otra inflación que es más menos 0,6 inferior. Por lo tanto, en el escenario de que no comenzara a revertirse la reducción del referido impuesto o que la ley se modificara, la inflación sería -0,6% de lo que estaba en la proyección del Banco.",0.950776
RPM-2009-03-12:2386:1,RPM-2009-03-12,2009-03-12,2009,Jorge Desormeaux Jiménez,Vicepresidente del Banco Central,neutral,0.004796069630199091,0.018355499330292104,0.013559429700093013,0.9680850709696148,0.9757372292413983,unanime,actividad_interna,actividad_interna,"Indica que algo parecido ocurre en la Zona Euro, y que en Japón también se observa una dispersión muy amplia en materia de crecimiento. Por otra parte, en China también se aprecia lo mismo, pero tal vez en ese caso más concentrado con un crecimiento en torno al 8%.","El Vicepresidente señor Jorge Desormeaux menciona que ha observado en el día de hoy unas cifras del mes de febrero, respecto de ventas minoristas en Estados Unidos de América, y señala que éstas fueron mejores de lo que se esperaba. caso de Estados Unidos de América se observa un grado de concentración en torno a 1%, pero hay algunos agentes que están pensando que el próximo año la contracción también continuaría. Indica que algo parecido ocurre en la Zona Euro, y que en Japón también se observa una dispersión muy amplia en materia de crecimiento. Por otra parte, en China también se aprecia lo mismo, pero tal vez en ese caso más concentrado con un crecimiento en torno al 8%.",0.949526
RPM-2009-10-13:2746:2,RPM-2009-10-13,2009-10-13,2009,Kevin Cowan Logan,Gerente de División de Política Financiera,neutral,-0.019424503667492547,0.020347896741936978,0.039772400409429524,0.9398797028486335,0.9385022005640646,unanime,inflacion,inflacion,"En relación con la demanda de créditos, menciona que, en términos netos, el 30% de los gerentes comerciales de los bancos reportan percibir condiciones de demanda más expansivas para préstamos hipotecarios, de consumo y PYMES, en tanto que poco más del 25% de ellos informa condiciones de demanda más expansivas respecto al trimestre anterior para las empresas inmobiliarias y grandes empresas.","El señor Kevin Cowan comienza su intervención, señalando que aún falta recibir la respuesta de una empresa bancaria, pero que, en todo caso, en los resultados preliminares se aprecia que el 25% de los bancos declara estar otorgando créditos en condiciones más flexibles o menos restrictivas respecto al semestre anterior, esto es, respecto de marzo y junio. Agrega que con relación a trimestres anteriores, las empresas bancarias están prestando con spreads más bajos y que las garantías exigidas y los plazos se mantienen en general estables, siendo la única excepción el segmento de créditos a grandes empresas, para las cuales se flexibilizan los tres márgenes, esto es, spreads, monto y precios. En relación con la demanda de créditos, menciona que, en términos netos, el 30% de los gerentes comerciales de los bancos reportan percibir condiciones de demanda más expansivas para préstamos hipotecarios, de consumo y PYMES, en tanto que poco más del 25% de ellos informa condiciones de demanda más expansivas respecto al trimestre anterior para las empresas inmobiliarias y grandes empresas.",0.946896
RPM-2009-12-15:2832:2,RPM-2009-12-15,2009-12-15,2009,Luis Felipe Céspedes Cifuentes,Gerente de Investigación Económica,neutral,-0.028683992697181915,0.031394642347054746,0.06007863504423666,0.9085267226087087,0.9666315315665113,unanime,inflacion,inflacion,"El señor Gerente de Investigación Económica da cuenta que en los últimos meses, en particular este último mes, se ha observado una importante reducción en los registros de inflación y en las proyecciones de corto plazo para la misma, y que similar comportamiento muestran las proyecciones de inflación de mediano plazo.","El señor Gerente de Investigación Económica da cuenta que en los últimos meses, en particular este último mes, se ha observado una importante reducción en los registros de inflación y en las proyecciones de corto plazo para la misma, y que similar comportamiento muestran las proyecciones de inflación de mediano plazo.",0.914066
RPM-2010-04-15:3063:2,RPM-2010-04-15,2010-04-15,2010,Claudio Soto Gamboa,Gerente de Análisis Macroeconómico,neutral,0.004852071393532588,0.02458860396297819,0.019736532569445603,0.9556748634675761,0.9927860718465183,unanime,mercados_financieros,mercados_financieros,"En el caso de los agregados monetarios, menciona que se sigue observando un fuerte crecimiento del dinero, sobre todo del M1, pero que no se advierte un crecimiento que sea particularmente intenso dado los fundamentales que explican dicho crecimiento.","El Gerente de Análisis Macroeconómico retoma su presentación, señalando que los datos efectivos de colocaciones de febrero y los provisorios de marzo más bien indican que el crédito ha seguido creciendo. Sobre el particular, destaca que los datos de la Superintendencia de Bancos e Instituciones Financieras corresponden a cifras desestacionalizadas nominales y difieren de las del Banco, ya que estas últimas se han ajustado por IRFS. Indica que tal diferencia explica que la información de ese organismo supervisor arroje un crecimiento algo menor en las colocaciones nominales de consumo y comerciales. Agrega que en marzo han continuado aumentando las colocaciones tanto de consumo como de vivienda y comerciales, no así las de comercio exterior, cuya contracción se explicaría de forma importante por el movimiento del tipo de cambio y podría estar reflejando también la caída en las exportaciones industriales mencionadas anteriormente. Respecto de la Bolsa, el señor Claudio Soto informa que el IPSA ha estado más bien plano desde el terremoto y que, comparado con índices de otras bolsas, ha caído, pero en magnitudes más bien acotadas. En el caso de los agregados monetarios, menciona que se sigue observando un fuerte crecimiento del dinero, sobre todo del M1, pero que no se advierte un crecimiento que sea particularmente intenso dado los fundamentales que explican dicho crecimiento. De hecho, agrega, estaría creciendo algo por debajo de lo se podría explicarse con el modelo de demanda de dinero, dado el nivel de la tasa de interés prevaleciente. Al proseguir, el Gerente de Análisis Macroeconómico señala que el tipo de cambio se apreció, pero que después del terremoto se han producido muchos movimientos, influidos por las noticias y por el diagnóstico del mercado respecto del plan de financiamiento y de la composición del mismo. Añade que el tipo de cambio real está en 91, por lo que sigue dentro de los fundamentales de largo plazo. En cuanto a las expectativas de mercado, indica que después del terremoto, las expectativas de crecimiento se ajustaron hasta 4,5% para este año y al alza para el 2011, dando cuenta de la temporalidad del efecto del terremoto. Respecto de las expectativas de inflación, reitera lo que arrojó la encuesta del IMCE que, en general, muestra percepciones bastante más inflacionarias en adelante, tanto por el lado de los salarios como de los costos. Menciona también lo que se recoge de los precios de los activos financieros, citando que en el caso de la swap, por ejemplo, se observa un aumento importante en la compensación uno en uno, que está por sobre 3% y que llegó a estar cercana a 4%; que las expectativas a un año han superado el 3% en los últimos registros y que las a dos años siguen en 3%; mientras que las expectativas a un año, tanto de la Encuesta de Expectativas Económicas como lo que se desprende de las mesas de dinero, están por sobre 3%.",0.970326
RPM-2010-02-11:2906:3,RPM-2010-02-11,2010-02-11,2010,Manuel Marfán Lewis,Vicepresidente del Banco Central,neutral,0.01426013095924426,0.021855364585681162,0.007595233626436902,0.9705494017878818,0.9104130871141252,unanime,escenario_internacional,escenario_internacional,"El Vicepresidente señor Manuel Marfán sugiere que se estudie la inflación no subyacente, porque si se tienen sistemas de protección internos, vinculados con los precios, estos se desalinean respecto de los precios internacionales.","El Vicepresidente señor Manuel Marfán sugiere que se estudie la inflación no subyacente, porque si se tienen sistemas de protección internos, vinculados con los precios, estos se desalinean respecto de los precios internacionales. Agrega que Chile es un país que tiende a traspasar muy rápidamente los efectos, por cuanto el componente primario es mayor.",0.962689
RPM-2010-03-18:3005:1,RPM-2010-03-18,2010-03-18,2010,Pablo García Silva,Gerente de División Estudios,neutral,-0.003338076439586009,0.019889503062937228,0.023227579502523236,0.9568829174345395,0.9619097360635859,unanime,opciones_tpm,opciones_tpm,"El señor Pablo García señala que ello está contemplado en la Minuta de Opciones, pero que, en general, el diagnóstico que se podría pensar que se había hecho, y que obviamente tiene un componente especulativo, habría considerado un punto más de crecimiento para el año, un punto más de inflación para el año y una mayor TPM.","El señor Pablo García señala que ello está contemplado en la Minuta de Opciones, pero que, en general, el diagnóstico que se podría pensar que se había hecho, y que obviamente tiene un componente especulativo, habría considerado un punto más de crecimiento para el año, un punto más de inflación para el año y una mayor TPM. Agrega que, a partir de ese diagnóstico, esos resultados habrían desembocado en el IPoM en unas semanas más.",0.962382
RPM-2010-06-15:3187:3,RPM-2010-06-15,2010-06-15,2010,José De Gregorio Rebeco,Presidente del Banco Central,neutral,0.00512351474360179,0.03151961352015747,0.026396098776555677,0.9420842877032868,0.9387286240376864,unanime,actividad_interna,actividad_interna,"Plantea que el crecimiento del dinero debiera ser igual al crecimiento real en el largo plazo y que llama la atención que en el período comprendido entre los años 2000 y el 2010, el crecimiento acumulado, de dos dígitos durante todos esos años, haya sido diez veces el crecimiento del producto.","En opinión del señor Presidente, este tema es fundamentalmente académico. Plantea que el crecimiento del dinero debiera ser igual al crecimiento real en el largo plazo y que llama la atención que en el período comprendido entre los años 2000 y el 2010, el crecimiento acumulado, de dos dígitos durante todos esos años, haya sido diez veces el crecimiento del producto. Pregunta, entonces, qué elemento en la demanda por dinero lleva a ese grado de monetización tan importante.",0.955283
RPM-2010-02-11:2904:1,RPM-2010-02-11,2010-02-11,2010,Pablo Pincheira Brown,Gerente de Investigación Económica (S),neutral,0.019587202869322983,0.03755984104822473,0.01797263817890175,0.9444675207728735,0.9685504295535774,unanime,escenario_internacional,escenario_internacional,"El Gerente de Investigación Económica Subrogante, señor Pablo Pincheira, refiriéndose a la diferencia de inflación subyacente aludida, señala que se elaboró un trabajo en el que se analizó el período correspondiente a los años 2000 al 2006, antes del shock de commodities, el que señaló que en Chile había claramente una mayor persistencia de la inflación subyacente que respecto de otros países industrializados.","El Gerente de Investigación Económica Subrogante, señor Pablo Pincheira, refiriéndose a la diferencia de inflación subyacente aludida, señala que se elaboró un trabajo en el que se analizó el período correspondiente a los años 2000 al 2006, antes del shock de commodities, el que señaló que en Chile había claramente una mayor persistencia de la inflación subyacente que respecto de otros países industrializados. Explica que cuando se aplicaba el shock del precio del petróleo, por ejemplo, todos los impulsos-respuesta en las economías desarrolladas arrojaban el punto más alto del efecto alrededor de los seis meses, en tanto, en el caso de Chile el inicio era muy suave y alcanzaba el punto más alto del efecto alrededor de los doce meses, es decir, tenía un rezago y se situaba en un rango mayor que el de las otras economías. En consecuencia, manifiesta que, probablemente, se trata de un fenómeno que no tiene relación con este último shock, y que, por lo menos, está documentado que había ocurrido anteriormente.",0.925530
RPM-2011-09-15:4293:1,RPM-2011-09-15,2011-09-15,2011,Sergio Lehmann Beresi,Gerente de Análisis Internacional,neutral,0.002134349381921842,0.01224415922200309,0.010109809840081248,0.9776460309379157,0.964014035871483,unanime,escenario_internacional,escenario_internacional,"Al finalizar su presentación, subraya que la mayor debilidad de la demanda, producto de la desaceleración de la actividad, ha sido compensada por menores suministros o problemas de oferta en algunos commodities, dando algún grado de soporte a los precios actuales.","El Gerente de Análisis Internacional indica que en materia de commodities se observan comportamientos mixtos, esto es, aumentos en el precio del arroz y de los petróleos WTI y el Brent, y caídas en el precio del cobre, de las gasolinas, maíz y trigo. En términos agregados, destaca el aumento de 2% del precio de la energía y una leve caída en granos y cereales. Agrega que los indicadores FAO correspondientes al cierre de agosto dan cuenta de cierta divergencia, pero que, probablemente, se observará alguna reversión en la próxima RPM, particularmente en los indicadores de cereales. Al finalizar su presentación, subraya que la mayor debilidad de la demanda, producto de la desaceleración de la actividad, ha sido compensada por menores suministros o problemas de oferta en algunos commodities, dando algún grado de soporte a los precios actuales. A título ejemplar, alude a los problemas de producción de cobre y a algunos elementos que inciden en ciertas restricciones sobre la oferta del petróleo, como los períodos de huracanes.",0.979810
RPM-2011-08-18:4262:1,RPM-2011-08-18,2011-08-18,2011,Claudio Soto Gamboa,Gerente de Análisis Macroeconómico,neutral,-0.007684908309794958,0.01322752379664403,0.020912432106438988,0.9658600440969168,0.9916963877047195,unanime,mercados_financieros,mercados_financieros,"Sobre el particular, especifica que la Encuesta de Expectativas Económicas, las compensaciones spot a uno y dos años y la compensación uno en uno dan cuenta de una caída más generalizada en las expectativas de inflación en adelante.","El señor Claudio Soto señala que la revisión que se recoge de los seguros de inflación así lo indica. En su opinión, estos seguros están reflejando la sensación de debilidad mundial que afecta a los commodities y a los precios en general, sin que necesariamente se haya observado una caída en los precios. El señor Claudio Soto agrega que no solo las expectativas de inflación de corto plazo se han ajustado a la baja, sino que también las de mediano plazo que se derivan de encuestas y precios de activos. Sobre el particular, especifica que la Encuesta de Expectativas Económicas, las compensaciones spot a uno y dos años y la compensación uno en uno dan cuenta de una caída más generalizada en las expectativas de inflación en adelante. Por otra parte, hace presente que el tipo de cambio se depreció de manera importante desde la última Reunión, pero que ha tendido a apreciarse en los últimos días. Agrega que desde una perspectiva más histórica, la depreciación es más bien acotada hasta ahora y ha coincidido con una caída importante en el precio del cobre y con los aumentos de las primas por riesgo mencionadas anteriormente. A continuación, el señor Gerente de Análisis Macroeconómico se refiere a las cifras de actividad y demanda del primer semestre, publicadas recientemente, que dan cuenta de una corrección al alza tanto en la demanda interna como en el PIB respecto de las publicaciones del primer trimestre y de la proyección efectuada internamente. Detalla que la importante corrección de la demanda interna obedeció a una corrección significativa de las inversiones en maquinarias y equipos y, en menor grado, del sector construcción. Por el contrario, informa que en el segundo trimestre, el consumo exhibió una desaceleración algo más marcada en su componente habitual respecto de lo considerado inicialmente, mientras que el consumo durable registró un dinamismo algo mayor.",0.975061
RPM-2011-03-17:3836:1,RPM-2011-03-17,2011-03-17,2011,Sebastián Claro Edwards,Consejero,neutral,0.0068966557405346594,0.03161542323837489,0.024718767497840233,0.9436658092637848,0.9385645417252402,unanime,inflacion,inflacion,"El Consejero señor Sebastián Claro sostiene que llama la atención que no se observe una diferencia significativa entre la inflación spot y la inflación promedio proyectada para este año, lo que significa que no se esperan aumentos de precios muy significativos en los meses venideros.","El Consejero señor Sebastián Claro sostiene que llama la atención que no se observe una diferencia significativa entre la inflación spot y la inflación promedio proyectada para este año, lo que significa que no se esperan aumentos de precios muy significativos en los meses venideros.",0.960415
RPM-2011-02-17:3744:1,RPM-2011-02-17,2011-02-17,2011,Luis Opazo Roco,Gerente de División Política Financiera (S),neutral,0.002292867595078553,0.011804241584111483,0.00951137398903293,0.9786843844268557,0.8967370155710009,unanime,inflacion,inflacion,"El señor Luis Opazo aclara que ha hecho referencia a los flujos de los fondos de pensiones sin efecto de valoración, que son los que tienen más movimiento, añadiendo que estos flujos se miden a precios iniciales y después se incluyen las variaciones de precio.","El señor Luis Opazo aclara que ha hecho referencia a los flujos de los fondos de pensiones sin efecto de valoración, que son los que tienen más movimiento, añadiendo que estos flujos se miden a precios iniciales y después se incluyen las variaciones de precio.",0.920486
RPM-2011-02-17:3761:1,RPM-2011-02-17,2011-02-17,2011,Matías Bernier Bórquez,Gerente de Mercados Nacionales,neutral,-0.00455504361555311,0.011525326476103433,0.016080370091656544,0.97239430343224,0.9406913687936289,unanime,escenario_internacional,escenario_internacional,"Al efecto, indica que los contratos futuros Contango dan cuenta de que el precio de este último refleja un mercado que está bastante abastecido y que la curva da cuenta más bien de las tasas de interés.","El Gerente de Mercados Nacionales señor Matías Bernier manifiesta contar con una opinión distinta respecto de los precios futuros del petróleo Brent y WTI. Al efecto, indica que los contratos futuros Contango dan cuenta de que el precio de este último refleja un mercado que está bastante abastecido y que la curva da cuenta más bien de las tasas de interés. Manifiesta que en el caso del precio del petróleo Brent, la curva estaría reflejando un fenómeno contrario, por lo que, en su opinión, este precio estaría distorsionado, no así el del petróleo WTI. A continuación,",0.917466
RPM-2012-11-13:5199:2,RPM-2012-11-13,2012-11-13,2012,Claudio Soto Gamboa,Gerente de Análisis Macroeconómico,neutral,0.006096623053337061,0.018731288671236898,0.012634665617899837,0.9686340457108633,0.9742914323236865,unanime,acuerdo_comunicado,acuerdo_comunicado,"De acuerdo con lo anterior, hace notar que se observan leves caídas en las expectativas de inflación que se derivan de los bonos, y que las expectativas de inflación, tanto a 12 meses como a 24 meses, se encuentran alineadas y estables en torno a la meta.","El Gerente de Análisis Macroeconómico, en lo atinente a las tasas de interés, destaca la alta volatilidad de las tasas de interés reales en el último tiempo, en especial las tasas de los BCU2, que tendieron a una variación al alza en las últimas semanas. Agrega que las tasas nominales también han registrado pequeños movimientos en el mismo sentido, pero bastante más acotados. De acuerdo con lo anterior, hace notar que se observan leves caídas en las expectativas de inflación que se derivan de los bonos, y que las expectativas de inflación, tanto a 12 meses como a 24 meses, se encuentran alineadas y estables en torno a la meta.",0.977721
RPM-2012-01-12:4536:1,RPM-2012-01-12,2012-01-12,2012,Sergio Lehmann Beresi,Gerente de Análisis Internacional,neutral,0.0016409599911139036,0.019162299375329834,0.01752133938421593,0.963316361240454,0.9930885067439696,unanime,escenario_internacional,escenario_internacional,"Con respecto al Heat Map del PIB, que da cuenta de las brechas entre el crecimiento y el crecimiento tendencial, destaca que las brechas esperadas al cuarto trimestre del año 2011 reflejan una revisión bastante importante a la baja a nivel global.","El señor Sergio Lehmann aclara que la proyección de Consensus Forecasts no recoge los últimos datos sobre actividad, producción industrial y ventas de diciembre, ya que cerró su informe en los primeros días de ese mes. Por lo tanto, es probable que en el mes de enero presente una novedad positiva en ese sentido. Con respecto al Heat Map del PIB, que da cuenta de las brechas entre el crecimiento y el crecimiento tendencial, destaca que las brechas esperadas al cuarto trimestre del año 2011 reflejan una revisión bastante importante a la baja a nivel global. Sobre el particular, hace notar el enfriamiento de Tailandia; la desaceleración que están registrando las economías emergentes y la persistencia de los problemas en los países desarrollados, que incluso se han acentuado en la Zona Euro y en otras economías como Australia y Canadá. En materia de inflación, el Gerente de Análisis Internacional informa que ha tendido a moderarse en las economías desarrolladas, mientras que en las emergentes se observa un comportamiento mixto, con algunos aumentos en Europa emergente, bastante estabilidad en América Latina y algunas reversiones en Asia emergente, explicadas, fundamentalmente, por el comportamiento de la inflación en China. Destaca que el Heat Map de inflación refleja una persistencia en los desvíos con respecto a la meta inflacionaria en las economías que son inflation targeters. En cuanto a las proyecciones para el presente año 2012, indica que de acuerdo con Consensus Forecasts de diciembre, habría un ligero aumento de la inflación en América Latina, aumentos también en Europa emergente y alguna reversión en Asia emergente, donde China estaría nuevamente jugando un rol preponderante. Añade que no se anticipan cambios en las economías desarrolladas. En relación con los commodities, plantea que los precios de los no metálicos han aumentado de manera importante, especialmente en las últimas dos semanas; que el maíz y el trigo registran alzas de 10 y 9%, respectivamente; y que el precio del petróleo Brent ha subido alrededor de 4%, mientras que el petróleo WTI en torno a 3 – 4%. Con respecto al precio del cobre, hace el alcance que los datos disponibles corresponden al promedio de los últimos tres días hábiles al 11 de enero último y que, por lo tanto, no recogen el movimiento más reciente, como es el caso particular del aumento significativo que está exhibiendo en la presente jornada. De este modo, hace notar que si se incorporara esta alza, se observaría que su precio se mantiene sin mayor variación respecto de la Reunión pasada. En términos agregados, precisa que el precio de granos y cereales sube 9% y que los de energía y metales se incrementan 4 y 1%, respectivamente.",0.976714
RPM-2012-08-16:5014:1,RPM-2012-08-16,2012-08-16,2012,Luis Óscar Herrera Barriga,Gerente de División Estudios,neutral,-0.0028149487019740287,0.02425231896057021,0.027067267662544237,0.9486804133768857,0.9679052917861973,unanime,mercados_financieros,mercados_financieros,"El Gerente de División Estudios señor Luis Óscar Herrera plantea que la última entrega de resultados ha generado algún grado de mayor preocupación acerca del ritmo de crecimiento de la actividad y la demanda, como también sobre sus implicancias para el futuro.","El Gerente de División Estudios señor Luis Óscar Herrera plantea que la última entrega de resultados ha generado algún grado de mayor preocupación acerca del ritmo de crecimiento de la actividad y la demanda, como también sobre sus implicancias para el futuro. Indica que tales resultados dan cuenta de algunos factores transitorios en sectores particulares; de algunos otros factores de moderación que no se traducirían en nuevas acumulaciones de existencias; así como también de determinados factores que continúan siendo materia de preocupación, en particular, en cuanto al crecimiento en el sector inmobiliario y el mayor dinamismo de las colocaciones comerciales, respecto de las cuales coincide en la necesidad de efectuar un análisis profundo para determinar sus causas, el sector y destino del crédito. En lo concerniente a la desaceleración del crédito de consumo y las mayores restricciones a las colocaciones de montos menores, menciona que este fenómeno habría sido relevante en el primer trimestre, pero con carácter puntual y transitorio, razón por la cual no marca una tendencia. Sobre el tipo de cambio real y los otros factores o hipótesis a estudiar, señala que a los dos elementos mencionados por el Gerente de Análisis Macroeconómico señor Claudio Soto se agrega un tema relacionado con el arbitraje de monedas con el resto de la región.",0.965138
RPM-2012-02-14:4579:1,RPM-2012-02-14,2012-02-14,2012,Miguel Ricaurte Bermúdez,Gerente de Análisis Internacional (S),neutral,0.00931690871245093,0.04145615372317905,0.03213924501072812,0.9264046012660929,0.9294489621931236,unanime,inflacion,inflacion,"Aclara que para estos efectos, se realiza una estimación para todos los países analizados, utilizando para ello un filtro HP sobre los crecimientos respectivos, y con esa información se determina si las expectativas se encuentran por sobre o bajo las expectativas de mercado.","El señor Miguel Ricaurte indica que dicha información no corresponde a la proyección oficial del Banco. Aclara que para estos efectos, se realiza una estimación para todos los países analizados, utilizando para ello un filtro HP sobre los crecimientos respectivos, y con esa información se determina si las expectativas se encuentran por sobre o bajo las expectativas de mercado. Especifica que se considera como punto de partida la estimación del año 2008, que luego se asume que el crecimiento futuro de cada economía es el de tendencia y se lo compara con las expectativas de crecimiento. Asimismo, y respondiendo la consulta específica formulada por el Presidente señor Rodrigo Vergara, precisa que el hecho que Chile aparezca en color rojo significa que su PIB potencial está sobre la tendencia y, además, que está creciendo más rápido que su crecimiento de tendencia.",0.948217
RPM-2012-08-16:5019:1,RPM-2012-08-16,2012-08-16,2012,Claudio Raddatz Kiefer,Gerente de Investigación Económica,neutral,-0.007772178873487391,0.033958268004087286,0.04173044687757468,0.9243112851183379,0.9878171605572422,unanime,mercados_financieros,mercados_financieros,"En este sentido, señala que si el sector no transable tiene precios que son relativamente rígidos en el corto plazo, este tipo de presiones afectarán al tipo de cambio, mientras que en la medida que este sector comience a ajustar precios, ello se traducirá en un ajuste del tipo de cambio hacia la depreciación y un aumento de la inflación del sector no transable.","El Gerente de Investigación Económica señor Claudio Raddatz se refiere al tipo de cambio y señala que no existe evidencia de que los índices de carry trade para Chile hayan aumentado de manera significativa. Agrega que en el último tiempo tampoco han registrado mayor variación. A título complementario, menciona que una hipótesis discutida al interior de la Gerencia a su cargo se refiere a que la apreciación que ha experimentado el tipo de cambio podría ser consistente con el comportamiento de la demanda agregada. En este sentido, señala que si el sector no transable tiene precios que son relativamente rígidos en el corto plazo, este tipo de presiones afectarán al tipo de cambio, mientras que en la medida que este sector comience a ajustar precios, ello se traducirá en un ajuste del tipo de cambio hacia la depreciación y un aumento de la inflación del sector no transable. Agrega que, hasta esta fecha, en el sector no transable se han advertido inflaciones relativamente estables desde el punto de vista histórico, que podrían ser consistentes con este mecanismo. Además, plantea que estudios efectuados acerca de los determinantes, específicamente en cuanto a cómo han cambiado los vinculados con la fluctuación del tipo de cambio recientemente, dan cuenta de que la demanda agregada presenta un shock que ha tendido a tener en los últimos períodos un rol levemente importante en el corto plazo en las fluctuaciones del tipo de cambio. Acota que ello constituye una explicación alternativa que podría enmarcarse con el comportamiento del tipo de cambio comentado.",0.943094
RPM-2012-03-15:4719:4,RPM-2012-03-15,2012-03-15,2012,Rodrigo Cerda Norambuena,Asesor del Ministro de Hacienda,neutral,-0.013417312167977234,0.010617156854877421,0.024034469022854655,0.9653483741222679,0.8274604275537877,unanime,acuerdo_comunicado,acuerdo_comunicado,"El Asesor del Ministro de Hacienda señor Rodrigo Cerda repara en que, más allá de la estacionalidad, el componente vestuario registró en el mes de marzo del año pasado una considerable inflación negativa en doce meses, mientras que hoy día prácticamente no ha variado.","El Asesor del Ministro de Hacienda señor Rodrigo Cerda repara en que, más allá de la estacionalidad, el componente vestuario registró en el mes de marzo del año pasado una considerable inflación negativa en doce meses, mientras que hoy día prácticamente no ha variado. Al respecto, consulta si se advierten cambios en el mercado o si ello responde a cambios de carácter metodológico implantados por el Instituto Nacional de Estadísticas.",0.902738
RPM-2013-01-17:5277:1,RPM-2013-01-17,2013-01-17,2013,Sergio Lehmann Beresi,Gerente de Análisis Internacional,neutral,-0.011869150751084143,0.007705320098966356,0.0195744708500505,0.9727202090509831,0.9968620226779216,unanime,mercados_financieros,mercados_financieros,"En lo concerniente a actividad y precios, indica que el mercado laboral de Estados Unidos de América mantiene un acotado dinamismo; que las perspectivas dan cuenta de que el ritmo no se alteraría mayormente en los próximos meses; y que los indicadores de actividad de corto plazo son algo más dinámicos.","El señor Sergio Lehmann se compromete a evaluar la consistencia de las cifras expuestas, cuya fuente es fundamentalmente la Congressional Budget Office, CBO. El Gerente de Análisis Internacional señor Sergio Lehmann continúa con su presentación, señalando que los CDS soberanos se muestran estables en general y con algunos cambios algo más marcados en Portugal, Italia y España. Añade que los CDS de algunos bancos exhiben caídas algo mayores, en respuesta al reciente anuncio sobre el relajamiento de las normas de liquidez contempladas en las nuevas normas de supervisión de Basilea III. Asimismo, destaca que los CDS de Japón han estado sistemáticamente por sobre los CDS del resto de los países desarrollados debido a la elevada deuda pública de esa economía y al nuevo anuncio fiscal del gobierno, que podría aumentarla a un monto cercano al equivalente del 300% de su producto. Acota que los CDS japoneses están en un nivel más cercano a los 80 - 90 puntos base, similar a los CDS de las economías emergentes y superior al exhibido por los correspondientes a Chile y China. En materia de volatilidad y premios corporativos, indica que estos últimos retrocedieron ligeramente en las economías desarrolladas y con mayor claridad en los países X) emergentes, y que el VIX registró una disminución algo mayor en Europa. Además, destaca que el rendimiento de las bolsas de valores fue al alza, reflejo de un mejor sentimiento en los mercados. Resalta particularmente el movimiento muy positivo de la bolsa norteamericana, en respuesta a algunos resultados de empresas del año 2012 superiores a lo previsto y ciertamente mejores que los anotados en el año 2011. El señor Sergio Lehmann menciona también que las tasas de interés a 2 años mostraron ligeras alzas en Europa, mientras que aquellas a 10 años aumentaron de manera más generalizada, reflejo de ajustes en los portafolios. Sobre el particular, comenta que se han observado movimientos de fondos de inversión hacia renta variable principalmente, reflejándose estos en las tasas de interés y en línea también con una mirada algo más hawkish en el margen por parte de los bancos centrales de economías desarrolladas. En cuanto a flujos de capitales, señala que se mantiene el aumento observado durante ya varios meses, y destaca el atractivo que está representando Asia, así como también el incremento de la componente asociada a renta variable. En materia de paridades, informa que el dólar multilateral no presentó cambios respecto de un mes atrás; que el yen exhibe una depreciación en torno a 5%, que se asocia a los anuncios del gobierno japonés; y que el euro ha tendido a apreciarse, en línea con el sentimiento algo más positivo de los mercados. Hace presente que en Asia y también en Latinoamérica predominaron las apreciaciones, particularmente del peso colombiano, el peso mexicano y del sol peruano. Añade que el peso chileno no registró cambios respecto de la RPM pasada, pero que al incorporar el dato de la presente jornada, se observa más apreciado. Con respecto a los movimientos registrados por las principales monedas durante el último mes, destaca particularmente la variabilidad que exhibió el peso chileno desde una posición más apreciativa hacia una ligeramente más depreciativa, y finalizando el período relativamente estable respecto de un mes atrás. En lo concerniente a actividad y precios, indica que el mercado laboral de Estados Unidos de América mantiene un acotado dinamismo; que las perspectivas dan cuenta de que el ritmo no se alteraría mayormente en los próximos meses; y que los indicadores de actividad de corto plazo son algo más dinámicos. De hecho, informa que en el día de hoy se advirtieron algunas señales positivas en ese sentido y que en la misma línea, el Beige Book, publicado el día anterior, plantea que el crecimiento pasó de modesto a moderado, evidenciando un sesgo ligeramente más positivo en términos de actividad. Hace presente que la actividad industrial de China figura algo más dinámica y que destaca particularmente el aumento de su comercio exterior. Agrega que Alemania vuelve a mostrar un pobre desempeño industrial y que si bien su PIB se contrajo en el cuarto trimestre del año 2012, su crecimiento del año pasado está muy en línea con lo contemplado en el IPoM y, por lo tanto, está incorporado en las proyecciones de analistas y también del Informe antedicho. En cuanto a la Zona Euro, manifiesta que los indicadores de corto plazo continúan reflejando una compleja situación en materia de actividad. En este sentido, aclara que si bien ha observado un sentimiento de mercado algo más positivo, que se ha visto reflejado en los CDS y en las bolsas de valores, la actividad aún es bastante débil y negativa. En materia de perspectivas, consigna que han mejorado las referidas a la industria latinoamericana, particularmente la mexicana, que exhibe mayor dinamismo, mientras que Brasil se mantiene estancado y con un desempeño bajo. Acota que en esta región se advierte una moderación en las alzas de precios. En lo atinente a actividad, manifiesta que las señales de parte de Estados Unidos de América han sido positivas; que la En Zona Euro ha vuelto a mostrar lecturas más negativas que lo anticipado en materia de ventas y producción industrial; que las cifras de producción industrial de Alemania también son negativas, lo mismo que las referidas a crecimiento, actividad industrial y ventas de Japón. Por el contrario, resalta que China muestra señales de desempeño algo mejores que lo previsto, particularmente en ventas, producción industrial y en términos de comercio. Por último, menciona que en Brasil, la producción industrial sigue mostrando una contracción algo menos negativa que lo esperado, pero que su economía sigue levemente estancada. En materia de expectativas, señala que la situación es mixta tanto en Estados Unidos de América como en Europa y Japón. El señor Sergio Lehmann exhibe a continuación las gráficas que se contienen en la lámina N° 17 de la presentación, que dan cuenta del crecimiento del PIB y de la producción industrial de Estados Unidos de América, la Zona Euro, Japón y China. Sobre el particular, destaca la contracción del producto japonés y la debilidad de su producción industrial; que si bien China ha mantenido una desaceleración relativamente leve, se recuperaría en el curso del presente año, y que su producción industrial ya exhibe una cierta mejora; que la situación de Estados Unidos de América es algo más positiva en materia de producto y también de producción industrial; y que la Zona Euro se observa débil en general. En relación con el comercio exterior, hace notar que las exportaciones e importaciones chinas han experimentado una recuperación significativa. En cuanto al comercio de esta economía con las distintas regiones en el período comprendido entre los meses de marzo y diciembre de 2012, precisa que tanto las importaciones desde Estados Unidos de América como las exportaciones hacia ese país se desaceleraron en la segunda mitad del año, pero luego se estabilizaron; que se observan menores envíos desde la Zona Euro y una leve recuperación al término del período; y que con Japón se advierte una contracción importante de las exportaciones e importaciones. Sobre el particular, acota que Japón es cada vez menos importante en materia de comercio exterior para China y que los datos más recientes se han visto afectados por temas de carácter más bien geopolítico. Asimismo, advierte una suerte de desaceleración en el comercio de China con los países de América Latina y, en general, con aquellos exportadores de commodities, como es el caso de Australia. Destaca que Asia, en tanto, refuerza su mirada como socio más importante de la economía china. En relación con América Latina, indica que las perspectivas de la industria tienden a mejorar, particularmente en el caso mexicano, y que se mantienen sin cambios significativos en Brasil; que, en general, las ventas minoristas no evidencian mayores variaciones; que los PMI de Brasil y México está ligeramente por sobre el pivote 50; y que las tasas de desempleo tienden a mantener una trayectoria hacia la baja, salvo en México, que exhibe tasas de desempleo bastante bajas. A continuación, se refiere a las colocaciones de consumo, comerciales e hipotecarias de Brasil, Colombia, México y Perú. Con respecto a Brasil, señala que las colocaciones de consumo y comerciales exhiben un estancamiento, mientras que las hipotecarias mantienen cierto dinamismo. En cuanto a Colombia, resalta el dinamismo del sector comercial y un alza leve, pero sostenida, de las colocaciones de consumo. Añade que en México se observa una recuperación de las colocaciones de consumo a partir del año 2010, superior a la registrada en las otras economías; y que en Perú destaca el dinamismo de las colocaciones hipotecarias.",0.980271
RPM-2013-03-14:5432:1,RPM-2013-03-14,2013-03-14,2013,Sebastián Claro Edwards,Consejero,neutral,-0.01494093759822222,0.020966748244580075,0.035907685842802295,0.9431255659126176,0.9796854165228173,unanime,actividad_interna,actividad_interna,"El Consejero señor Sebastián Claro destaca el dinamismo de la demanda, el crecimiento del PIB Resto en torno a 5,5% por varios trimestres y el fuerte cambio de tendencia que exhibe la demanda, que se refleja en el análisis sobre la cuenta corriente.","El Consejero señor Sebastián Claro destaca el dinamismo de la demanda, el crecimiento del PIB Resto en torno a 5,5% por varios trimestres y el fuerte cambio de tendencia que exhibe la demanda, que se refleja en el análisis sobre la cuenta corriente. Manifiesta que le sorprende la dinámica que exhiben la demanda interna y la inversión en los últimos trimestres, especialmente la formación bruta de capital fijo, por lo que, en su opinión, la proyección de estas variables representa un reto. Asimismo, considera que la proyección de la parte edificación plantea los mayores desafíos, tanto por el comportamiento reciente de los sectores inmobiliario y de la construcción como por sus implicancias para el sistema financiero, sino que también asociado a la dinámica que genera en términos de inversión y su financiamiento. A su juicio, hay elementos que son algo contradictorios.",0.964446
RPM-2013-02-14:5380:1,RPM-2013-02-14,2013-02-14,2013,Miguel Fuentes Díaz,Gerente de Análisis Macroeconómico (S),neutral,0.005161169231982492,0.031936844748702946,0.026775675516720453,0.9412874797345767,0.9751825534670668,unanime,mercados_financieros,mercados_financieros,"Al concluir su presentación, el señor Miguel Fuentes informa que las encuestas prevén que la TPM no registrará cambios en la presente Reunión ni en la del mes de marzo próximo y, por lo tanto, que la Tasa de Política Monetaria se mantendrá en 5% anual.","El señor Miguel Fuentes prosigue con su presentación señalando que los salarios nominales tuvieron un aumento de un 1% en el mes de diciembre, en línea con un perfil estacional usual de este mes del año, cuando se materializan reajustes salariales. Añade que los salarios nominales medidos por el CMO anotaron una variación anual en torno Por su parte, menciona que los salarios reales también han tendido a acelerarse levemente, tanto por el aumento de los salarios nominales como por los menores registros inflacionarios. En lo atinente al tipo de cambio nominal, plantea que ha tendido a mantenerse estable respecto de la RPM anterior. Comenta asimismo, que la bolsa de valores continuó con una tendencia alcista en las últimas semanas; que las tasas reales de plazos largos tendieron a incrementarse levemente; y que las tasas nominales, si bien exhibieron fluctuaciones durante el presente mes, se ubican hoy en valores similares a los observados en la Reunión anterior. Agrega que las compensaciones inflacionarias se mantienen estables, mientras que las expectativas de inflación siguen ancladas a la meta, según se desprende de las distintas encuestas. Destaca, además, que las expectativas de la TPM muestran poca variabilidad y que han disminuido respecto del mes de enero. Al concluir su presentación, el señor Miguel Fuentes informa que las encuestas prevén que la TPM no registrará cambios en la presente Reunión ni en la del mes de marzo próximo y, por lo tanto, que la Tasa de Política Monetaria se mantendrá en 5% anual.",0.963519
RPM-2013-03-14:5437:1,RPM-2013-03-14,2013-03-14,2013,Luis Óscar Herrera Barriga,Gerente de División Estudios,neutral,-0.0018310994088088853,0.032923155057685206,0.03475425446649409,0.9323225904758207,0.987521663300811,unanime,escenario_internacional,escenario_internacional,"En materia de inflación, resalta que los registros recientes han sido menores que lo esperado; que tanto la inflación total como la inflación subyacente se ubican en torno a 1% anual; y que las expectativas de mediano plazo se mantienen alrededor de la meta de 3% anual.","El señor Luis Óscar Herrera inicia su intervención refiriéndose a los principales desarrollos acontecidos desde la última Reunión de Política Monetaria. En lo concerniente al escenario internacional, señala que a pesar de la mayor incertidumbre política que se ha observado últimamente en Italia, las condiciones financieras internacionales no han presentado un deterioro y se mantienen los progresos observados desde la publicación del último IPoM. Asimismo, plantea que los indicadores de actividad y empleo de Estados Unidos de América fueron algo mejores que lo esperado, mientras que los antecedentes de la Eurozona confirman que esta región continúa en recesión. Agrega que las autoridades económicas de Japón han anunciado políticas más expansivas tanto en lo monetario como fiscal, mientras que la situación opuesta ha ocurrido en el caso de China. Por último, indica que el dólar estadounidense se apreció en los mercados internacionales, principalmente respecto del yen, y que los precios internacionales de las materias primas, alimentos, energía y metales, incluido el cobre, mostraron un retroceso en las últimas semanas. En lo atinente al plano local, consigna que durante los últimos meses se han observado indicadores de actividad y demanda interna que han evolucionado algo por encima de lo proyectado en el último IPoM. Hace presente que en el caso de la actividad, este repunte ha estado vinculado al mayor dinamismo de la minería, mientras que tratándose de la demanda interna, tanto la inversión como el consumo privado contribuyeron a este resultado. En materia de inflación, resalta que los registros recientes han sido menores que lo esperado; que tanto la inflación total como la inflación subyacente se ubican en torno a 1% anual; y que las expectativas de mediano plazo se mantienen alrededor de la meta de 3% anual. Añade que la paridad peso-dólar estadounidense se encuentra en un nivel similar al registrado en la Reunión anterior, pero más apreciada en términos multilaterales y reales. Por último, informa que las Encuestas de Expectativas Económicas señalan para esta Reunión que se mantendrá la Tasa de Política Monetaria, la que continuaría estable por varios trimestres en adelante.",0.959602
RPM-2013-01-17:5290:1,RPM-2013-01-17,2013-01-17,2013,Joaquín Vial Ruiz-Tagle,Consejero,neutral,-0.015053781752573991,0.018350490858101594,0.033404272610675585,0.9482452365312227,0.8470265666331098,unanime,inflacion,inflacion,"El Consejero señor Joaquín Vial plantea que otro riesgo es que las condiciones de oferta de crédito a las inmobiliarias y constructoras se tornen más restrictivas que las condiciones para los créditos hipotecarios, porque ello puede ampliar la brecha entre demanda efectiva y crecimiento de la oferta, lo que finalmente puede traducirse en nuevas alzas de precios de viviendas.","El Consejero señor Joaquín Vial plantea que otro riesgo es que las condiciones de oferta de crédito a las inmobiliarias y constructoras se tornen más restrictivas que las condiciones para los créditos hipotecarios, porque ello puede ampliar la brecha entre demanda efectiva y crecimiento de la oferta, lo que finalmente puede traducirse en nuevas alzas de precios de viviendas.",0.940119
RPM-2013-04-11:5486:2,RPM-2013-04-11,2013-04-11,2013,Ricardo Vicuña Poblete,Gerente de División Estadísticas,neutral,-0.008602320460888442,0.021437386608760583,0.030039707069649025,0.9485229063215904,0.9699054700727572,unanime,acuerdo_comunicado,acuerdo_comunicado,"Explica que para tal efecto se realiza un ajuste histórico entre la estimación de precios que se hace cada año y los precios efectivos, resultando una estimación promedio.","El señor Ricardo Vicuña manifiesta que los precios para fines de exportación se estiman, ya que los envíos de fruta se efectúan a título de consignación. Explica que para tal efecto se realiza un ajuste histórico entre la estimación de precios que se hace cada año y los precios efectivos, resultando una estimación promedio. Agrega que ese ajuste está incluido en la cifra de exportaciones nominales del primer trimestre del presente año, dando cuenta de un aumento de precios. Agrega que estas estimaciones se contrastan con la información proveniente de los embarques de los distintos puertos. Además, ODEPA publica información por puerto y país en forma diaria y, a título ejemplar, menciona que de acuerdo a ella, este año, el precio de la uva supera al del año pasado, mientras que el de las manzanas es inferior.",0.928665
RPM-2014-09-11:6422:1,RPM-2014-09-11,2014-09-11,2014,Miguel Fuentes Díaz,Gerente de Análisis Macroeconómico,neutral,-0.007532881412453837,0.024489275432154203,0.03202215684460804,0.9434885677232376,0.9778758289991117,unanime,opciones_tpm,opciones_tpm,"Agrega que después de las sorpresas inflacionarias de comienzos de año, la evolución de los precios de bienes que excluyen a los cigarrillos ha estado bastante en línea con lo anticipado, y que algunos alimentos que sorprendieron al alza comenzaron a mostrar una caída, lo que podría constituir un indicador de menor demanda.","El señor Miguel Fuentes señala que los datos de la Asociación Chilena de Seguridad y de las AFP, que tienen algún rezago, dan cuenta de una aceleración de los salarios en doce meses del orden de 8%. En consecuencia, este incremento sería generalizado, razón por la que se seguirá con atención. Hace presente que la depreciación cambiaria es materia de preocupación para efectos de proyectar la inflación de corto plazo y que, de hecho, se han incorporado mayores incrementos de precios en aquellas líneas específicas donde se produce un traspaso bastante directo de la depreciación del tipo de cambio. Agrega que después de las sorpresas inflacionarias de comienzos de año, la evolución de los precios de bienes que excluyen a los cigarrillos ha estado bastante en línea con lo anticipado, y que algunos alimentos que sorprendieron al alza comenzaron a mostrar una caída, lo que podría constituir un indicador de menor demanda. Acota que este tema continuará siendo objeto de especial análisis en adelante.",0.960107
RPM-2014-02-18:6015:4,RPM-2014-02-18,2014-02-18,2014,Miguel Ricaurte Bermúdez,Gerente de Análisis Internacional (S),neutral,-0.02288600347795232,0.02156252275920706,0.04444852623715938,0.9339889510036337,0.99569425715722,unanime,acuerdo_comunicado,acuerdo_comunicado,"En efecto, el PIB del cuarto trimestre de 2013 anotó un crecimiento menor que el esperado, cerrando el año con un crecimiento de 1,6% versus el 1,8% contemplado tanto en el Informe de Política Monetaria, IPoM, como por el mercado.","El señor Miguel Ricaurte indica que al anualizar el IPC del mes de enero último, la inflación superaría el 50% en términos anualizados. Al proseguir con su presentación, alude a las principales noticias en materia de actividad y precios. En primer término, indica que la reciente actualización del World Economic Outlook contempla un alza en la proyección de crecimiento mundial para el presente año 2014 a 3,7% y una leve corrección a la baja para el año 2015, hasta 3,9%. En materia de riesgos, destaca las fugas de capitales desde las economías emergentes y la deflación en la Zona Euro y Estados Unidos de América. En segundo lugar, consigna que el PIB de Estados Unidos de América del cuarto trimestre del año 2013 creció 3,2% trimestre/trimestre anualizado, en línea con lo esperado, y resalta el aumento del consumo y de las exportaciones, así como la caída del gasto público. Añade que en el mes de enero se observó una modesta creación de empleo en ese país, probablemente afectado por temas climáticos más que por una desaceleración en el mercado; y que el mercado inmobiliario perdió algo de impulso. En lo atinente a la Zona Euro, precisa que el PIB del cuarto trimestre creció 1,1% trimestre/trimestre anualizado, pese al menor dinamismo puntual registrado en el mes de diciembre. Además, hubo mejoras en las perspectivas de los consumidores y de las industrias. Hace notar que en Japón, la actividad aparece más débil. En efecto, el PIB del cuarto trimestre de 2013 anotó un crecimiento menor que el esperado, cerrando el año con un crecimiento de 1,6% versus el 1,8% contemplado tanto en el Informe de Política Monetaria, IPoM, como por el mercado. Añade que la noticia más importante fue la revisión histórica que se hizo para el 2012, corrigiéndose a la baja el crecimiento de ese año desde 1,9% a 1,4%, lo que incidirá en nuestras proyecciones y las del mercado para la actividad mundial. En cuanto a China, indica que el PIB del cuarto trimestre creció 7,7%, levemente sobre lo que esperado por el mercado, y que el año cerró con un crecimiento de la misma magnitud. Las exportaciones netas tuvieron una incidencia negativa, pero en el mes de enero se registró un repunte importante del comercio en general, sorprendiendo al alza. Por otra parte, señala que los PMI manufactureros en economías avanzadas y emergentes mostraron algún deterioro por Estados Unidos de América y China, lo mismo que los PMI servicios en las economías emergentes. Asimismo, informa que la inflación exhibió movimientos mixtos en el mes, pero que las proyecciones para el año no presentan mayores cambios. A continuación, el señor Miguel Ricaurte exhibe el cuadro que resume las distintas cifras esperadas y efectivas de actividad en Estados Unidos de América, la Zona Euro, Alemania, Japón, China y Brasil. Hace notar algún grado de deterioro en los registros, en particular en Estados Unidos de América, que tuvo un comienzo de año bastante lento en términos de desempeño del mercado laboral y de ventas minoristas. Agrega que el mercado inmobiliario podría estar afectado por temas climáticos. Hace presente que en la Zona Euro, el PIB y el mercado laboral exhibieron registros algo mejores que lo esperado, no así los indicadores de ventas minoristas y producción industrial. Agrega que Japón mostró una actividad bastante más débil que lo anticipado por el mercado. En efecto, el PIS solo creció 1% en el cuarto trimestre, versus el 2,8% que se había proyectado. Menciona que el PIS de China fue levemente superior a lo anticipado, pero dio cuenta de una desaceleración frente al trimestre anterior. El comercio exterior, en cambio, impulsó las buenas noticias, ya que tanto las importaciones como las exportaciones experimentaron alzas muy superiores a lo estimado. En materia de perspectivas, se esperan algunas mejoras en Europa; Japón y China se debilitan; y en Estados Unidos de América, si bien las expectativas manufactureras podrían verse afectadas por el clima, los ISM se mantienen sobre el pivote de expansión y lo esperado por el mercado. Asimismo, hace notar que las proyecciones del WEO muestran correcciones al alza para el crecimiento mundial en el año 2014, en línea con lo contemplado en el IPoM y lo que Consensus Forecasts ha considerado para el mes de enero del presente año; revisiones al alza para Estados Unidos de América y también para China y Japón. Para el año 2015, en cambio, anticipa una moderación del crecimiento, debido principalmente a una revisión a la baja del crecimiento de Estados Unidos de América. Por último, comenta que de acuerdo con los indicadores de corto plazo, las perspectivas manufactureras de las economías avanzadas muestran retrocesos, explicadas principalmente por Estados Unidos de América; similar situación se observa en las economías emergentes, en este caso de la mano de China; y que al excluir a esta economía, las perspectivas manufactureras figuran sin mayor variación. En cambio, los PMI de servicios muestran mejoras en los países desarrolladas y deterioros en los emergentes, donde nuevamente China juega un rol importante. Finalmente, la confianza de los consumidores aparece sin grandes variaciones excepto algún grado de deterioro en los emergentes sin China. El señor Miguel Ricaurte se refiere a continuación al mercado laboral en Estados Unidos de América. A este respecto, destaca que la tasa de desempleo se encuentra muy cerca del promedio observado antes de la crisis, que la participación laboral ha permanecido sin mayor variación y no continuó deteriorándose por motivos climáticos, y que las perspectivas de empleo siguen siendo positivas. Por su parte, el mercado laboral europeo mostró alguna mejora en el margen, con tasas de desempleo que caen en España; continúan aumentando en Italia y Francia; y registran los menores niveles en Alemania y Reino Unido. En todo caso, hace notar que pese a que las economías se han ido recuperando paulatinamente en los últimos trimestres, el desempeño de los mercados laborales europeos aún dista mucho de los niveles registrados antes de la crisis. En lo concerniente a China, reitera que las perspectivas industriales caen, medidas por los PMI de servicios y manufacturero; la confianza del consumidor está estable; y destaca las cifras de comercio exterior, ya que las exportaciones y las importaciones crecieron fuertemente en el último mes, más allá de lo esperado. Agrega que las exportaciones a economías avanzadas continuaron creciendo fuertemente, liderando el crecimiento de los envíos chinos. En América Latina, la producción industrial disminuyó, en tanto que la confianza del consumidor se ha estancado, aunque muestra un leve repunte en México, luego de un exhibir un retroceso significativo. Añade que la balanza comercial se ha deteriorado y que la de Perú y México sería negativa en los próximos dos años. Con ello, indica que las proyecciones de inflación para el año 2014 han seguido mostrando alguna moderación en las economías desarrolladas y en Europa emergente, de la mano con lo que acontece que la Zona Euro, mientras que en América Latina y Asia se mantienen sin mayor variación. Añade que para el año 2015 no se anticipan grandes cambios, aunque advierte que ello ha ocurrido a la luz de una depreciación muy importante, que podría llevar a revisiones de la inflación al alza, en especial para América Latina. A continuación, exhibe los gráficos que se contienen en la lámina Nº 31 de la presentación, para fines de indicar la manera en que han cambiado las proyecciones de inflación de Consensus Forecasts a la luz de la depreciación acumulada desde los meses de mayo a diciembre de 2013, y desde entonces a la fecha. Sobre el particular, hace notar que la mayoría de los ajustes de inflación que podrían imputarse a depreciación ya se materializaron en la segunda mitad del año pasado, en tanto que los ajustes desde el mes de diciembre a la fecha has sido más bien acotados. Hace el alcance que Argentina se sale del eje y, a modo de referencia, informa que se proyecta que la inflación en dicho país alcanzaría a 14% este año, aunque debiera agregarse un impulso adicional con el nuevo IPC y una vez que se dé a conocer el informe de Consensus para América Latina.",0.959520
RPM-2014-06-12:6276:1,RPM-2014-06-12,2014-06-12,2014,Enrique Marshall Rivera,Vicepresidente del Banco Central,neutral,-0.030167180242350242,0.024028457128342885,0.05419563737069313,0.921775905500964,0.9416414747952114,unanime,opciones_tpm,opciones_tpm,"El Vicepresidente señor Enrique Marshall expresa que en el ámbito interno se advierte una actividad ligeramente más débil, que se prolonga; expectativas de movimientos de tasa similares a las observadas en el mes de marzo; y algo más de inflación, pero que sería de carácter transitorio.","El Vicepresidente señor Enrique Marshall expresa que en el ámbito interno se advierte una actividad ligeramente más débil, que se prolonga; expectativas de movimientos de tasa similares a las observadas en el mes de marzo; y algo más de inflación, pero que sería de carácter transitorio. Agrega que el último registro de inflación ha sido tranquilizador en el sentido que no han surgido nuevos elementos que la impulsen; no obstante, se anticipa un período no tan breve con inflaciones altas, lo cual genera un grado de tensión. En síntesis, estima que el panorama actual es similar al de los meses recientes.",0.948092
RPM-2014-11-18:6491:1,RPM-2014-11-18,2014-11-18,2014,Alberto Naudon Dell'Oro,Gerente de División Estudios,neutral,-0.0029099042710164294,0.018471876916242493,0.021381781187258923,0.9601463418964986,0.9721412668043522,unanime,escenario_internacional,escenario_internacional,"Agrega que en el horizonte de proyección a dos años, los factores de oferta del mercado del petróleo contribuirán a la mantención de precios bajos; tratándose del cobre, en cambio, se observan variaciones que se asocian mayormente a factores de demanda.","El Gerente de División Estudios señor Alberto Naudon expresa que el comportamiento del precio del cobre y del petróleo en el largo plazo es un aspecto muy relevante, pero no afecta mayormente las proyecciones que se incorporarán en el próximo IPoM. Agrega que en el horizonte de proyección a dos años, los factores de oferta del mercado del petróleo contribuirán a la mantención de precios bajos; tratándose del cobre, en cambio, se observan variaciones que se asocian mayormente a factores de demanda.",0.944656
RPM-2014-11-18:6487:2,RPM-2014-11-18,2014-11-18,2014,Alfredo Pistelli,Economista Senior,neutral,-0.03848826528767027,0.031916715789140696,0.07040498107681097,0.8976783031340483,0.9952541753972817,unanime,mercados_financieros,mercados_financieros,"Tratándose de América Latina, destaca la baja actividad y la mayor inflación en Brasil, así como una mayor restricción de sus condiciones crediticias, lo que se ha traducido en un alza de su tasa de política monetaria, TPM, y en el fortalecimiento del dólar.","El señor Alfredo Pistelli InIcIa su intervención refiriéndose a las principales noticias de índole político que han producido efectos en el plano económico desde la Reunión de Política Monetaria, RPM, precedente. En primer término, menciona que se ha acentuado la divergencia económica entre Estados Unidos de América y resto del mundo, ya que el primero ha fortalecido su senda de recuperación, registrando sorpresas positivas en actividad, desempleo, confianza y condiciones de negocio; y, por otro lado, han decepcionado la actividad en Japón, que cayó en recesión en el tercer trimestre, y la debilidad de la Zona Euro, que persiste, a pesar de registrar un crecimiento mayor que lo esperado en el tercer trimestre. Añade que las perspectivas europeas también se han visto amenazadas por una probable recesión en Rusia. Hace presente que América Latina y China se han desacelerado. Tratándose de América Latina, destaca la baja actividad y la mayor inflación en Brasil, así como una mayor restricción de sus condiciones crediticias, lo que se ha traducido en un alza de su tasa de política monetaria, TPM, y en el fortalecimiento del dólar. Por otra parte, hace notar una divergencia en materia de decisiones de política monetaria, ya que la Reserva Federal, Fed, terminó con su programa de compras de bonos y sorprendió con un tono hawkish, mientras que el Banco de Japón sorprendió con mayores estímulos y el Banco Central Europeo adoptaría estímulos adicionales, según declaraciones recientes de su Presidente señor Mario Draghi. Agrega que en las economías emergentes predominaron las mantenciones. Asimismo, comenta la mejora de las condiciones financieras por normalización de la aversión al riesgo, luego del episodio de alta volatilidad registrado a mediados del mes de octubre, aunque no se descarta un nuevo episodio de volatilidad derivado de la divergencia en materia de política monetaria. Sobre el particular, precisa que el VIX disminuyó desde 25 a 14% frente a la Reunión pasada; los premios por riesgo cayeron; las tasas largas rebotaron en Estados Unidos de América, aunque se mantienen niveles bajos; las bolsas de valores se recuperaron; y que el resultado de los stress tests y análisis de la calidad de activos de los bancos europeos fueron bastante bien recibidos por el mercado. Por último, resalta la caída del precio del petróleo, de 10% en el último mes, y la mantención del precio del cobre. El señor Alfredo Pistelli prosigue con su presentación señalando que en términos de indicadores de actividad y empleo, destaca la fortaleza relativa de Estados Unidos de América, donde el PIB sorprendió positivamente y la tasa de desempleo lo hizo a la baja; que Japón cayó inesperadamente en recesión, registrando una tasa de crecimiento de -1,6% trimestral, en circunstancias que el mercado esperaba un aumento de 2,2%; que la Zona Euro experimentó un crecimiento mayor que el anticipado, pero se mantiene bajo; y que Alemania registró un crecimiento bastante modesto, pero positivo, lo que fue bien valorado. Por otra parte, informa que los indicadores de perspectivas mostraron sorpresas positivas en Estados Unidos de América; y que en Europa, los indicadores de expectativas se mantienen en niveles bastante moderados y con algunas sorpresas negativas. En términos de tendencias, se acentúa la divergencia que se observó en meses pasados entre Estados Unidos de América y el resto del mundo. En este sentido, precisa que los PMI manufactureros y la confianza de consumidores dan cuenta de un aumento de esta diferencia, con resultados positivos para Estados Unidos en el mes de octubre y bastante acotados para el resto de las regiones. Con respecto a Estados Unidos de América, destaca la sólida recuperación de su mercado laboral. En efecto, la tasa de desempleo disminuyó hasta 5,8% en el mes de octubre, y la creación de empleo, si bien fue menor que lo esperado, generó 214.000 nuevos empleos no agrícolas, mayor que el benchmark histórico de 200.000. Añade que la inflación se mantiene bastante contenida, donde el PCE exhibe registros inferiores a 2% en los últimos 24 meses y no se advierten mayores diferencias entre el PCE core y PCE total. Los costos laborales, por su parte, presentaron una aceleración muy marginal, de 0,8% trimestral, mayor que el aumento de 0,5% esperado, pero en términos anuales exhibe una tasa de crecimiento de 2%, que se considera una variación bastante contenida aún. Hace presente que la Zona Euro registró en el tercer trimestre una tasa de crecimiento levemente mayor que la esperada, pero mantiene un ritmo lento; que la actividad y perspectivas se mantienen débiles, lo que se ve agravado por el deterioro de Rusia, que registraría una recesión el próximo año. Francia, por su parte, experimentó un crecimiento mayor que el proyectado, aunque moderado, y Alemania registró una tasa de crecimiento positiva, constituyendo esta una buena noticia. Agrega que las proyecciones de crecimiento de la Comisión Europea se han revisado a la baja, esperándose para el próximo año un tasa de crecimiento de 1,1%, menor que el 1,7% anticipado en mayo último; y que el Banco Central Europeo presentará sus nuevas proyecciones el próximo mes, las que deberían concordar con estas últimas. Manifiesta que en Japón se esperaba un crecimiento de 2,2% para el tercer trimestre luego del débil comportamiento mostrado por la actividad en el trimestre anterior; no obstante, el registro fue menor que lo anticipado, debido a que el consumo creció significativamente menos de lo esperado. Informa que en respuesta a ello, en el día de hoy, el Primer Ministro señor Shinzo Abe pospuso el alza de impuestos para el mes de octubre del 2015 y adelantó para diciembre próximo las elecciones de la Cámara Baja que estaban programadas para el año 2016. En cuanto a China, indica que el PIS del tercer trimestre, de 7,3% anual, dio cuenta de una desaceleración gradual, acorde con lo esperado; y que el mercado inmobiliario sigue mostrando correcciones en sus precios en la mayoría de las ciudades, los que caen en términos anuales. Con respecto a América Latina, resalta su bajo dinamismo. Al respecto, advierte que los indicadores mensuales de actividad de Argentina, Venezuela, Brasil y Perú dan cuenta de un crecimiento muy bajo; que la confianza de los consumidores se ve bastante débil; y que desde el último Informe de Política Monetaria, IPoM, las proyecciones de crecimiento se han revisado sistemáticamente a la baja, en particular en Brasil, donde se esperan tasas de crecimiento levemente por sobre 0% este año y de 1% en 2015. Añade que el Banco Central de Perú, en su último Informe de Política Monetaria, revisó a la baja sus proyecciones de crecimiento para este y para el próximo año. Además, comenta que las condiciones crediticias en América Latina y en otras economías emergentes se han vuelto más restrictivas en el tercer trimestre. Al proseguir con su presentación, el señor Alfredo Pistelli señala que la inflación esperada para el año 2015 sigue bastante contenida, salvo en Brasil, donde la proyecciones se han ajustado sistemáticamente al alza. Hace notar que el contexto de divergencia económica mencionado también se ha materializado en materia de política monetaria, ya que la Fed dio término al programa de compra de bonos con un tono hawkish, mientras que Japón aumentó el estímulo y el Presidente del Banco Central Europeo señor Mario Draghi mantuvo sus declaraciones de carácter más dovish. En las economías emergentes, en tanto, predominaron las mantenciones de las respectivas tasas rectoras, y en Rusia destacó la flexibilización cambiaria que llevó a una depreciación importante del rublo. Japón, por su parte, sorprendió al mercado con medidas expansivas adicionales, ya que aumentó su programa de Quantitative Easing, QE, e introdujo una modificación en sus fondos de pensiones gubernamentales. Tratándose del QE, aumentó la meta de expansión de la base monetaria de 60 - 70 trillones hasta 80 trillones anuales, principalmente mediante compras de bonos de gobierno. Hace presente que esta medida responde a la caída de la inflación subyacente y a las expectativas para el año 2015, que la sitúan bajo el 2%, explicadas a su vez por el menor precio del petróleo y un efecto menor que lo esperado de las medidas de estímulo, debido al mayor impacto del alza del IVA sobre el consumo. En cuanto a la medida que afectó a los fondos de pensiones, señala que el gobierno rebalanceó el fondo de pensiones estatal, aumentando la participación de acciones de 35 a 60% y reduciendo la de la deuda local de 50 a 25%, lo que se tradujo en un aumento importante en la bolsa de ese país. Resalta que este fondo de pensiones es el más grande del mundo en términos de activos, alcanzando estos a US$ 1 trillón; y es seguido por el fondo noruego, cuyos activos ascienden a US$ 850 billones. En materia de tasas de interés, consigna que las tasas largas repuntaron en Estados Unidos de América y en menor grado en la Zona Euro, pero se mantienen en niveles bajos. Además, comenta que la aversión al riesgo se ha normalizado. En efecto, luego del episodio de alta volatilidad observada a mediados del mes de octubre, el VIX ha caído y las bolsas de valores han exhibido un rebote importante. En todo caso, no se descartan nuevos episodios de este tipo, considerando la divergencia que se observa en materia de política monetaria en las economías desarrolladas. Por otra parte, indica que las bolsas de valores se recuperaron en el último mes; que el dólar de Estados Unidos de América se fortaleció de manera generalizada, apreciándose en torno a 2% frente a la Reunión pasada y en 10% desde el mes de julio último; y que el rublo y el yen son las monedas que registraron una mayor depreciación en el período que se informa. A continuación, hace referencia a los commodities. Sobre el particular, consigna que los precios presentaron movimientos mixtos y mantuvieron niveles inferiores a los registrados en el último IPoM. Destaca, en especial, la caída del precio del petróleo, en torno a 10%, que se atribuye no solo al aumento de la producción, baja demanda y la fortaleza del dólar estadounidense, sino que también a ciertas dudas de la OPEP respecto de si se acordarán recortes de la producción en la reunión que se celebrará 27 de noviembre próximo. A este respecto, informa que Venezuela y Ecuador están presionando por recortes, mientras que otros países que no han manifestado una posición definitiva, como es el caso particular de lrak y Arabia Saudita, que han rebajado los precios de exportación de petróleo a Estados Unidos de América con el fin de conservar su participación de mercado en esa economía. Atendido lo anterior, comenta que la trayectoria de precios futuros de petróleo y gasolina se ha corregido a la baja y hasta US$80 el barril tratándose del petróleo WTI. Agrega que la Agencia Internacional de Energía ha revisado sus proyecciones en lo que concierne al petróleo. En efecto, para el corto plazo anticipa un mercado bien abastecido por Estados Unidos de América, mientras que para el largo plazo mencionan un elemento de riesgo derivado de la mayor relevancia del Medio Oriente en lo que se refiere a aumentos de producción. En relación con el precio del cobre, manifiesta que no registró mayor variación desde la última RPM; que el CRU, en su informe correspondiente al tercer trimestre, proyecta balances más ajustados; y que las importaciones chinas sorprendieron al alza en el mes de octubre. Al finalizar su presentación, indica que los precios de alimentos cayeron levemente en el mes de octubre y que las perspectivas futuras son levemente menores.",0.942344
RPM-2014-01-16:5989:2,RPM-2014-01-16,2014-01-16,2014,Enrique Orellana Cifuentes,Gerente de Estrategia y Comunicación de Política Monetaria,neutral,-0.016029758066634366,0.01906183485677428,0.035091592923408646,0.945846572219817,0.9913370650338299,unanime,mercados_financieros,mercados_financieros,"En términos del desempeño de los negocios, plantea que alrededor de dos tercios de las personas consultadas declaran exhibir tasas de crecimiento inferiores al 50% de aquellas registradas en el año 2013, pero dentro de los rangos esperados, por lo que resulta llamativo que sus flujos exhiban altas tasas de crecimiento.","El señor Enrique Orellana señala que, en términos generales, se observa un panorama coincidente con el consignado precedentemente. Hace presente que las empresas vinculadas al consumo manifiestan que la demanda sigue siendo muy importante, en especial, en el sector automotriz. En cuanto a la caída de las importaciones de automóviles consignada en la presentación, manifiesta que se asocia esencialmente a un período de cambio de modelos, esperándose, de hecho, solo una mínima disminución de las ventas en comparación con el año 2013, desde 375 mil a 370 mil vehículos. Las empresas ligadas al sector industrial y los proveedores de la minería, en cambio, advierten un panorama más complejo que no se vincula al fin del ciclo minero, sino que a un tema de costos, que se ha traducido en una caída en la inversión. A título ejemplar, comenta que los proyectos mineros siguen en carpeta, pero quienes renovaban sus camiones todos los años, han optado ahora por hacerlo cada tres años. Agrega que los profesionales de esa Gerencia que han visitado otras regiones, son de opinión que se advierte efectivamente un ajuste generalizado de la inversión. En este sentido, los empresarios han presupuestado mantener o aumentar levemente sus niveles de inversión durante el presente año. En términos del desempeño de los negocios, plantea que alrededor de dos tercios de las personas consultadas declaran exhibir tasas de crecimiento inferiores al 50% de aquellas registradas en el año 2013, pero dentro de los rangos esperados, por lo que resulta llamativo que sus flujos exhiban altas tasas de crecimiento. Por lo tanto, su preocupación principal no radicaría en la desaceleración de su crecimiento, sino que en mantener sus flujos. En lo relativo a las empresas bancarias, sus personeros han manifestado encontrarse activas en materia de otorgamiento de créditos de consumo y, en particular, en créditos hipotecarios. Tratándose de créditos a empresas, reconocen que las condiciones de este tipo de préstamos se han tornado más restrictivas. Por último, informa que no se advierte preocupación por la inflación, incluso luego de conocido el sorpresivo registro del mes de diciembre. En cuanto a la depreciación del tipo de cambio, los consultados estiman que no generará mayores trastornos en términos de costos en la medida que no supere los $550.",0.938050
RPM-2015-06-11:6823:1,RPM-2015-06-11,2015-06-11,2015,Diego Gianelli Gómez,Jefe del Departamento Análisis Internacional,neutral,-0.00879116790547162,0.015309847753590494,0.024101015659062114,0.9605891365873473,0.9912208566916195,unanime,escenario_internacional,escenario_internacional,"Agrega que los datos de inflación muestran una estabilización en el margen; y que la inflación en moneda local ha moderado su caída por el repunte de los precios de los combustibles, pero se mantiene en niveles históricamente bajos.","El señor Diego Gianelli reitera que las sorpresas positivas exhiben una rotación desde la Zona Euro hacia Japón, y que en Estados Unidos de América continúan decepcionando. Agrega que en China, este indicador ha disminuido significativamente, y si bien los datos más recientes de ventas minoristas y de producción industrial revertirían en parte dicho retroceso, se han observado registros negativos desde hace varios meses, en línea con el indicador de expectativas PMI que se encuentra bajo el pivote 50. Resalta que las expectativas industriales, medidas por el PMI manufacturero, sorprendieron positivamente en todas las economías, con excepción de China, Brasil y México. En efecto, los PMI del mes de mayo mejoraron respecto del mes previo y se sitúan por sobre el pivote de expansión de 50 puntos, dando cuenta de una visión más optimista en este ámbito. En materia de inflación, plantea que los indicadores muestran señales mixtas, aunque destaca la sorpresa positiva en la Zona Euro, donde el registro de mayo fue de 0,9%, mayor que el 0,6% del mes previo. Agrega que los datos de inflación muestran una estabilización en el margen; y que la inflación en moneda local ha moderado su caída por el repunte de los precios de los combustibles, pero se mantiene en niveles históricamente bajos. Por otra parte, indica que los precios de commodities muestran movimientos leves a la baja, y destaca la reversión de las alzas registradas por los precios del cobre y del petróleo Brent. Hace presente que la caída del precio del cobre se atribuye al bajo nivel de importaciones chinas, otros datos negativos de dicha economía y también a cambios en las posiciones financieras muy relacionados con movimientos de rebalanceo de portafolios hacia el corto plazo. Tratándose del precio del petróleo, informa de un aumento de la producción en Estados Unidos de América por mayores precios y cambios en las posiciones financieras. En efecto, los últimos datos semanales de producción muestran un nuevo repunte desde 9,2 a 9.6 millones de barriles diarios, que se explica por mayor productividad. En relación con el precio del cobre, señala que las proyecciones del IPoM, así como las de Consensus Forecast y del CRU, son algo más independientes del dato spot, no así las del precio del petróleo, que están muy incididas por el dato marginal que se observa en la punta. Al concluir su presentación, el señor Diego Gianelli menciona que en el mes de mayo, el índice FAO alimentos registró una caída de 1,4% frente al cierre del mes anterior, que se explica por caídas importantes en cereales y lácteos y, en menor medida, carnes. Añade que en el caso de lácteos, aún persisten los efectos por el levantamiento de las cuotas de producción en Nueva Zelanda; y que el aumento en las proyecciones recoge la posible recuperación de los precios de cereales.",0.972809
RPM-2015-12-17:7165:1,RPM-2015-12-17,2015-12-17,2015,Diego Gianelli Gómez,Jefe del Departamento Análisis Internacional,neutral,0.0019173486625757297,0.02431920406866591,0.02240185540609018,0.9532789405252439,0.9875686123779129,unanime,escenario_internacional,escenario_internacional,"No obstante, el ritmo tendencial de crecimiento continúa ajustándose a la baja y se enmarca en un contexto donde se está dando una recomposición de crecimiento desde el sector industrial hacia el de servicios, reflejado tanto en datos efectivos de actividad como en expectativas.","El señor Diego Gianelli continúa con su presentación, señalando que, en materia de actividad, las proyecciones de crecimiento global para el año 2016 se han revisado levemente a la baja desde el último IPoM, desde 3,5 a 3,4%, Destaca que la corrección es algo mayor en las economías emergentes, especialmente en América Latina, donde se espera un escenario algo más negativo y un ajuste muy relevante en Brasil, desde -0,2 a -1,6%. Acota que la proyección de crecimiento global para el año 2017 se mantiene en 3,5%. En relación con los principales indicadores de actividad, destaca el registro positivo de empleo en Estados Unidos de América, que sorprendió positivamente al mercado y contribuyó a confirmar la acción de política de la Reserva Federal. Además, resalta que los datos de China fueron algo mejores, en especial la producción industrial, lo que da cuenta de una estabilización de las cifras de crecimiento en esa economía. En materia de expectativas, informa que son más auspiciosas en las economías desarrolladas y para el sector servicios. En América Latina, en tanto, el sector servicios se ve bastante más dinámico que el manufacturero, a pesar de la incidencia negativa del gran deterioro del PMI servicios en Brasil. En relación con China, las sorpresas fueron positivas, ya que los movimientos fueron al alza o hacia caídas menos pronunciadas. No obstante, el ritmo tendencial de crecimiento continúa ajustándose a la baja y se enmarca en un contexto donde se está dando una recomposición de crecimiento desde el sector industrial hacia el de servicios, reflejado tanto en datos efectivos de actividad como en expectativas.",0.971849
RPM-2015-08-13:6926:1,RPM-2015-08-13,2015-08-13,2015,Alberto Naudon Dell'Oro,Gerente de División Estudios,neutral,-0.0013254873283850901,0.029361750735183455,0.030687238063568545,0.939951011201248,0.9852229364902673,unanime,escenario_internacional,escenario_internacional,"Manifiesta su prevención respecto de la incidencia de los precios de commodities en las proyecciones de crecimiento del PIB mundial, porque si bien los precios de todos ellos han caído por un factor común de carácter financiero, que está incorporado en el análisis, también hay elementos particulares que los afecta de distinta manera.","El Gerente de la División Estudios señor Alberto Naudon anticipa que el próximo IPoM incorporará un análisis más acabado acerca del efecto de las últimas medidas adoptadas en China sobre la economía mundial. Manifiesta su prevención respecto de la incidencia de los precios de commodities en las proyecciones de crecimiento del PIB mundial, porque si bien los precios de todos ellos han caído por un factor común de carácter financiero, que está incorporado en el análisis, también hay elementos particulares que los afecta de distinta manera. A título ejemplar, señala que tratándose del precio del petróleo, un comportamiento idiosincrásico vinculado a factores de oferta más que al crecimiento mundial habría amplificado su caída; en el caso del cobre, su especial sensibilidad al crecimiento en China y a la composición de dicho crecimiento podría traducirse en variaciones de precio más significativas que las que registra el PIB mundial. Por tanto, reitera que el comportamiento de los precios de commodities forma parte del análisis preliminar realizado para el IPoM y enfatiza que la revisión de nuestras proyecciones no difieren mayormente de los ajustes a la proyección de crecimiento mundial. Respecto de la proyección de crecimiento mundial de 3,6%, que a priori podría parecer algo elevada, se sustenta en que Estados Unidos de América mostraría mejores cifras, tanto por los últimos datos conocidos como por un efecto base asociado; y Europa y Brasil exhibirían una recuperación. Por último, el señor Alberto Naudon plantea que si bien es importante establecer la coherencia existente entre el crecimiento del PIB y la evolución del precio de los commodities, también es preciso señalar que el análisis interno no da cuenta de discrepancias mayores entre el escenario proyectado por Consensus Forecast, algo más optimista que el interno, y las proyecciones internas para el precio de los commodities.",0.959190
RPM-2015-11-12:7116:1,RPM-2015-11-12,2015-11-12,2015,Joaquín Vial Ruiz-Tagle,Consejero,neutral,0.005170060628593839,0.01361310889650355,0.008443048267909712,0.9779438428355867,0.8461894518736276,unanime,inflacion,inflacion,"El Consejero señor Joaquín Vial hace notar el salto en las expectativas de inflación que se observa en lo más reciente en Colombia, y consulta si corresponden a precios de mercado o a encuestas.","El Consejero señor Joaquín Vial hace notar el salto en las expectativas de inflación que se observa en lo más reciente en Colombia, y consulta si corresponden a precios de mercado o a encuestas.",0.958478
RPM-2015-05-14:6779:1,RPM-2015-05-14,2015-05-14,2015,Rodrigo Vergara Montes,Presidente del Banco Central,neutral,-0.011126070234826054,0.011177807773138126,0.02230387800796418,0.9665183142188978,0.7412137313102926,unanime,mercado_laboral,mercado_laboral,"El Presidente señor Rodrigo Vergara consigna que en las últimas Reuniones se han expuesto diversos análisis sobre la incidencia de la indexación en el crecimiento de los salarios nominales. Por otra parte, que la brecha en el desempleo, aunque es baja, sigue aportando al crecimiento de los salarios.","El Presidente señor Rodrigo Vergara consigna que en las últimas Reuniones se han expuesto diversos análisis sobre la incidencia de la indexación en el crecimiento de los salarios nominales. Por otra parte, que la brecha en el desempleo, aunque es baja, sigue aportando al crecimiento de los salarios.",0.943212
RPM-2015-03-19:6650:1,RPM-2015-03-19,2015-03-19,2015,Elías Albagli Iruretagoyena,Gerente de Modelación y Análisis Económico,neutral,0.004620495881270226,0.037184534107980435,0.03256403822671021,0.9302514276653092,0.9699213161346846,unanime,riesgos,otros,"El Gerente de Modelación y Análisis Económico señor Elías Albagli, si bien manifiesta su extrañeza por la revisión al alza en medio punto de las expectativas de crecimiento para este año, hace notar que la bolsa europea acumula un alza cercana a 20% en el año.","El Gerente de Modelación y Análisis Económico señor Elías Albagli, si bien manifiesta su extrañeza por la revisión al alza en medio punto de las expectativas de crecimiento para este año, hace notar que la bolsa europea acumula un alza cercana a 20% en el año. En su opinión, este aumento resulta ser algo discordante y, por tanto, debe ser materia de preocupación desde el punto de vista de la estabilidad financiera. Asimismo, cabe preguntarse si esa alza bursátil responde a una corrección de los cash flows para los próximos 5 años o a la caída de las tasas largas; si es este último el caso, dicha alza debería revertirse.",0.930046
